{"level":"info","message":"Server running on port 9000","timestamp":"2026-01-19T10:14:25.681Z"}
{"level":"info","message":"Server running on port 9000","timestamp":"2026-01-20T05:04:59.501Z"}
{"level":"info","message":"Server running on port 9000","timestamp":"2026-01-20T05:22:45.990Z"}
{"level":"error","message":"PrismaClientKnownRequestError: \nInvalid `prisma.user.findMany()` invocation in\nC:\\Abhishek\\Workspace\\VI\\AthenaVI_backend\\src\\modules\\user\\user.dao.js:4:22\n\n  1 const prisma = require(\"../../shared/config/prismaClient\");\n  2 \n  3 const getAllUsers = async () => {\n→ 4   return prisma.user.findMany(\nThe table `public.User` does not exist in the current database.\n    at qr.handleRequestError (C:\\Abhishek\\Workspace\\VI\\AthenaVI_backend\\node_modules\\@prisma\\client\\runtime\\client.js:65:8172)\n    at qr.handleAndLogRequestError (C:\\Abhishek\\Workspace\\VI\\AthenaVI_backend\\node_modules\\@prisma\\client\\runtime\\client.js:65:7467)\n    at qr.request (C:\\Abhishek\\Workspace\\VI\\AthenaVI_backend\\node_modules\\@prisma\\client\\runtime\\client.js:65:7174)\n    at process.processTicksAndRejections (node:internal/process/task_queues:105:5)\n    at async a (C:\\Abhishek\\Workspace\\VI\\AthenaVI_backend\\node_modules\\@prisma\\client\\runtime\\client.js:75:5816)\n    at async C:\\Abhishek\\Workspace\\VI\\AthenaVI_backend\\src\\modules\\user\\user.controller.js:9:17","timestamp":"2026-01-20T05:23:14.887Z"}
{"level":"info","message":"Server running on port 9000","timestamp":"2026-01-20T05:24:35.857Z"}
{"level":"info","message":"Server running on port 9000","timestamp":"2026-01-20T05:24:38.462Z"}
{"level":"info","message":"Server running on port 9000","timestamp":"2026-01-20T05:24:42.521Z"}
{"level":"info","message":"Server running on port 9000","timestamp":"2026-01-20T05:27:30.354Z"}
{"level":"info","message":"Server running on port 9000","timestamp":"2026-01-20T05:27:57.444Z"}
{"level":"error","message":"PrismaClientKnownRequestError: \nInvalid `prisma.user.findMany()` invocation in\nC:\\Abhishek\\Workspace\\VI\\AthenaVI_backend\\src\\modules\\user\\user.dao.js:4:22\n\n  1 const prisma = require(\"../../shared/config/prismaClient\");\n  2 \n  3 const getAllUsers = async () => {\n→ 4   return prisma.user.findMany(\nThe table `public.User` does not exist in the current database.\n    at qr.handleRequestError (C:\\Abhishek\\Workspace\\VI\\AthenaVI_backend\\node_modules\\@prisma\\client\\runtime\\client.js:65:8172)\n    at qr.handleAndLogRequestError (C:\\Abhishek\\Workspace\\VI\\AthenaVI_backend\\node_modules\\@prisma\\client\\runtime\\client.js:65:7467)\n    at qr.request (C:\\Abhishek\\Workspace\\VI\\AthenaVI_backend\\node_modules\\@prisma\\client\\runtime\\client.js:65:7174)\n    at process.processTicksAndRejections (node:internal/process/task_queues:105:5)\n    at async a (C:\\Abhishek\\Workspace\\VI\\AthenaVI_backend\\node_modules\\@prisma\\client\\runtime\\client.js:75:5816)\n    at async C:\\Abhishek\\Workspace\\VI\\AthenaVI_backend\\src\\modules\\user\\user.controller.js:9:17","timestamp":"2026-01-20T05:28:28.609Z"}
{"level":"info","message":"Server running on port 9000","timestamp":"2026-01-20T05:30:07.117Z"}
{"level":"info","message":"Server running on port 9000","timestamp":"2026-01-20T05:34:57.626Z"}
{"level":"info","message":"Server running on port 9000","timestamp":"2026-01-20T05:35:27.824Z"}
{"level":"info","message":"Server running on port 9000","timestamp":"2026-01-21T04:17:13.857Z"}
{"level":"info","message":"Server running on port 9000","timestamp":"2026-01-30T04:30:10.222Z"}
{"level":"info","message":"Server running on port 9000","timestamp":"2026-01-30T04:31:15.226Z"}
{"level":"info","message":"Server running on port 9000","timestamp":"2026-01-30T04:34:24.355Z"}
{"level":"info","message":"Server running on port 9000","timestamp":"2026-01-30T04:42:06.638Z"}
{"level":"info","message":"Server running on port 9000","timestamp":"2026-01-30T04:43:11.413Z"}
{"level":"info","message":"Server running on port 9000","timestamp":"2026-01-30T04:52:23.217Z"}
{"level":"info","message":"Server running on port 9000","timestamp":"2026-01-30T04:52:32.122Z"}
{"level":"info","message":"Server running on port 9000","timestamp":"2026-01-30T05:04:40.872Z"}
{"level":"info","message":"Server running on port 9000","timestamp":"2026-01-30T05:38:35.974Z"}
{"level":"info","message":"Server running on port 9000","timestamp":"2026-01-30T05:38:43.250Z"}
{"level":"info","message":"Server running on port 9000","timestamp":"2026-01-30T06:30:12.366Z"}
{"level":"info","message":"Server running on port 9000","timestamp":"2026-01-31T04:42:38.618Z"}
{"level":"info","message":"Server running on port 9000","timestamp":"2026-01-31T04:42:38.617Z"}
{"level":"error","message":"TypeError: crypto.randomInt is not a function\n    at C:\\Abhishek\\Workspace\\Virtual Instructor\\AthenaVI_backend\\src\\modules\\auth\\auth.controller.js:14:22\n    at C:\\Abhishek\\Workspace\\Virtual Instructor\\AthenaVI_backend\\src\\shared\\utils\\asyncHandler.js:2:19\n    at Layer.handleRequest (C:\\Abhishek\\Workspace\\Virtual Instructor\\AthenaVI_backend\\node_modules\\router\\lib\\layer.js:152:17)\n    at next (C:\\Abhishek\\Workspace\\Virtual Instructor\\AthenaVI_backend\\node_modules\\router\\lib\\route.js:157:13)\n    at Route.dispatch (C:\\Abhishek\\Workspace\\Virtual Instructor\\AthenaVI_backend\\node_modules\\router\\lib\\route.js:117:3)\n    at handle (C:\\Abhishek\\Workspace\\Virtual Instructor\\AthenaVI_backend\\node_modules\\router\\index.js:435:11)\n    at Layer.handleRequest (C:\\Abhishek\\Workspace\\Virtual Instructor\\AthenaVI_backend\\node_modules\\router\\lib\\layer.js:152:17)\n    at C:\\Abhishek\\Workspace\\Virtual Instructor\\AthenaVI_backend\\node_modules\\router\\index.js:295:15\n    at processParams (C:\\Abhishek\\Workspace\\Virtual Instructor\\AthenaVI_backend\\node_modules\\router\\index.js:582:12)\n    at next (C:\\Abhishek\\Workspace\\Virtual Instructor\\AthenaVI_backend\\node_modules\\router\\index.js:291:5)","timestamp":"2026-01-31T04:47:31.617Z"}
{"level":"info","message":"Server running on port 9000","timestamp":"2026-01-31T04:57:50.058Z"}
{"level":"info","message":"Server running on port 9000","timestamp":"2026-01-31T04:57:50.297Z"}
{"level":"error","message":"TypeError: crypto.randomInt is not a function\n    at C:\\Abhishek\\Workspace\\Virtual Instructor\\AthenaVI_backend\\src\\modules\\auth\\auth.controller.js:14:22\n    at C:\\Abhishek\\Workspace\\Virtual Instructor\\AthenaVI_backend\\src\\shared\\utils\\asyncHandler.js:2:19\n    at Layer.handleRequest (C:\\Abhishek\\Workspace\\Virtual Instructor\\AthenaVI_backend\\node_modules\\router\\lib\\layer.js:152:17)\n    at next (C:\\Abhishek\\Workspace\\Virtual Instructor\\AthenaVI_backend\\node_modules\\router\\lib\\route.js:157:13)\n    at Route.dispatch (C:\\Abhishek\\Workspace\\Virtual Instructor\\AthenaVI_backend\\node_modules\\router\\lib\\route.js:117:3)\n    at handle (C:\\Abhishek\\Workspace\\Virtual Instructor\\AthenaVI_backend\\node_modules\\router\\index.js:435:11)\n    at Layer.handleRequest (C:\\Abhishek\\Workspace\\Virtual Instructor\\AthenaVI_backend\\node_modules\\router\\lib\\layer.js:152:17)\n    at C:\\Abhishek\\Workspace\\Virtual Instructor\\AthenaVI_backend\\node_modules\\router\\index.js:295:15\n    at processParams (C:\\Abhishek\\Workspace\\Virtual Instructor\\AthenaVI_backend\\node_modules\\router\\index.js:582:12)\n    at next (C:\\Abhishek\\Workspace\\Virtual Instructor\\AthenaVI_backend\\node_modules\\router\\index.js:291:5)","timestamp":"2026-01-31T04:58:02.296Z"}
{"level":"info","message":"Server running on port 9000","timestamp":"2026-01-31T04:58:15.412Z"}
{"level":"info","message":"Server running on port 9000","timestamp":"2026-01-31T04:58:15.659Z"}
{"level":"info","message":"Server running on port 9000","timestamp":"2026-01-31T04:58:17.791Z"}
{"level":"info","message":"Server running on port 9000","timestamp":"2026-01-31T04:58:17.807Z"}
{"level":"error","message":"TypeError: crypto.randomInt is not a function\n    at C:\\Abhishek\\Workspace\\Virtual Instructor\\AthenaVI_backend\\src\\modules\\auth\\auth.controller.js:14:22\n    at C:\\Abhishek\\Workspace\\Virtual Instructor\\AthenaVI_backend\\src\\shared\\utils\\asyncHandler.js:2:19\n    at Layer.handleRequest (C:\\Abhishek\\Workspace\\Virtual Instructor\\AthenaVI_backend\\node_modules\\router\\lib\\layer.js:152:17)\n    at next (C:\\Abhishek\\Workspace\\Virtual Instructor\\AthenaVI_backend\\node_modules\\router\\lib\\route.js:157:13)\n    at Route.dispatch (C:\\Abhishek\\Workspace\\Virtual Instructor\\AthenaVI_backend\\node_modules\\router\\lib\\route.js:117:3)\n    at handle (C:\\Abhishek\\Workspace\\Virtual Instructor\\AthenaVI_backend\\node_modules\\router\\index.js:435:11)\n    at Layer.handleRequest (C:\\Abhishek\\Workspace\\Virtual Instructor\\AthenaVI_backend\\node_modules\\router\\lib\\layer.js:152:17)\n    at C:\\Abhishek\\Workspace\\Virtual Instructor\\AthenaVI_backend\\node_modules\\router\\index.js:295:15\n    at processParams (C:\\Abhishek\\Workspace\\Virtual Instructor\\AthenaVI_backend\\node_modules\\router\\index.js:582:12)\n    at next (C:\\Abhishek\\Workspace\\Virtual Instructor\\AthenaVI_backend\\node_modules\\router\\index.js:291:5)","timestamp":"2026-01-31T04:58:54.881Z"}
{"level":"info","message":"Server running on port 9000","timestamp":"2026-01-31T04:59:06.150Z"}
{"level":"error","message":"TypeError: crypto.randomInt is not a function\n    at C:\\Abhishek\\Workspace\\Virtual Instructor\\AthenaVI_backend\\src\\modules\\auth\\auth.controller.js:14:22\n    at C:\\Abhishek\\Workspace\\Virtual Instructor\\AthenaVI_backend\\src\\shared\\utils\\asyncHandler.js:2:19\n    at Layer.handleRequest (C:\\Abhishek\\Workspace\\Virtual Instructor\\AthenaVI_backend\\node_modules\\router\\lib\\layer.js:152:17)\n    at next (C:\\Abhishek\\Workspace\\Virtual Instructor\\AthenaVI_backend\\node_modules\\router\\lib\\route.js:157:13)\n    at Route.dispatch (C:\\Abhishek\\Workspace\\Virtual Instructor\\AthenaVI_backend\\node_modules\\router\\lib\\route.js:117:3)\n    at handle (C:\\Abhishek\\Workspace\\Virtual Instructor\\AthenaVI_backend\\node_modules\\router\\index.js:435:11)\n    at Layer.handleRequest (C:\\Abhishek\\Workspace\\Virtual Instructor\\AthenaVI_backend\\node_modules\\router\\lib\\layer.js:152:17)\n    at C:\\Abhishek\\Workspace\\Virtual Instructor\\AthenaVI_backend\\node_modules\\router\\index.js:295:15\n    at processParams (C:\\Abhishek\\Workspace\\Virtual Instructor\\AthenaVI_backend\\node_modules\\router\\index.js:582:12)\n    at next (C:\\Abhishek\\Workspace\\Virtual Instructor\\AthenaVI_backend\\node_modules\\router\\index.js:291:5)","timestamp":"2026-01-31T04:59:11.555Z"}
{"level":"error","message":"TypeError: crypto.randomInt is not a function\n    at C:\\Abhishek\\Workspace\\Virtual Instructor\\AthenaVI_backend\\src\\modules\\auth\\auth.controller.js:14:22\n    at C:\\Abhishek\\Workspace\\Virtual Instructor\\AthenaVI_backend\\src\\shared\\utils\\asyncHandler.js:2:19\n    at Layer.handleRequest (C:\\Abhishek\\Workspace\\Virtual Instructor\\AthenaVI_backend\\node_modules\\router\\lib\\layer.js:152:17)\n    at next (C:\\Abhishek\\Workspace\\Virtual Instructor\\AthenaVI_backend\\node_modules\\router\\lib\\route.js:157:13)\n    at Route.dispatch (C:\\Abhishek\\Workspace\\Virtual Instructor\\AthenaVI_backend\\node_modules\\router\\lib\\route.js:117:3)\n    at handle (C:\\Abhishek\\Workspace\\Virtual Instructor\\AthenaVI_backend\\node_modules\\router\\index.js:435:11)\n    at Layer.handleRequest (C:\\Abhishek\\Workspace\\Virtual Instructor\\AthenaVI_backend\\node_modules\\router\\lib\\layer.js:152:17)\n    at C:\\Abhishek\\Workspace\\Virtual Instructor\\AthenaVI_backend\\node_modules\\router\\index.js:295:15\n    at processParams (C:\\Abhishek\\Workspace\\Virtual Instructor\\AthenaVI_backend\\node_modules\\router\\index.js:582:12)\n    at next (C:\\Abhishek\\Workspace\\Virtual Instructor\\AthenaVI_backend\\node_modules\\router\\index.js:291:5)","timestamp":"2026-01-31T05:00:56.395Z"}
{"level":"error","message":"TypeError: Cannot destructure property 'email' of 'req.body' as it is undefined.\n    at C:\\Abhishek\\Workspace\\Virtual Instructor\\AthenaVI_backend\\src\\modules\\auth\\auth.controller.js:10:10\n    at C:\\Abhishek\\Workspace\\Virtual Instructor\\AthenaVI_backend\\src\\shared\\utils\\asyncHandler.js:2:19\n    at Layer.handleRequest (C:\\Abhishek\\Workspace\\Virtual Instructor\\AthenaVI_backend\\node_modules\\router\\lib\\layer.js:152:17)\n    at next (C:\\Abhishek\\Workspace\\Virtual Instructor\\AthenaVI_backend\\node_modules\\router\\lib\\route.js:157:13)\n    at Route.dispatch (C:\\Abhishek\\Workspace\\Virtual Instructor\\AthenaVI_backend\\node_modules\\router\\lib\\route.js:117:3)\n    at handle (C:\\Abhishek\\Workspace\\Virtual Instructor\\AthenaVI_backend\\node_modules\\router\\index.js:435:11)\n    at Layer.handleRequest (C:\\Abhishek\\Workspace\\Virtual Instructor\\AthenaVI_backend\\node_modules\\router\\lib\\layer.js:152:17)\n    at C:\\Abhishek\\Workspace\\Virtual Instructor\\AthenaVI_backend\\node_modules\\router\\index.js:295:15\n    at processParams (C:\\Abhishek\\Workspace\\Virtual Instructor\\AthenaVI_backend\\node_modules\\router\\index.js:582:12)\n    at next (C:\\Abhishek\\Workspace\\Virtual Instructor\\AthenaVI_backend\\node_modules\\router\\index.js:291:5)","timestamp":"2026-01-31T05:01:03.360Z"}
{"level":"error","message":"TypeError: Cannot destructure property 'email' of 'req.body' as it is undefined.\n    at C:\\Abhishek\\Workspace\\Virtual Instructor\\AthenaVI_backend\\src\\modules\\auth\\auth.controller.js:10:10\n    at C:\\Abhishek\\Workspace\\Virtual Instructor\\AthenaVI_backend\\src\\shared\\utils\\asyncHandler.js:2:19\n    at Layer.handleRequest (C:\\Abhishek\\Workspace\\Virtual Instructor\\AthenaVI_backend\\node_modules\\router\\lib\\layer.js:152:17)\n    at next (C:\\Abhishek\\Workspace\\Virtual Instructor\\AthenaVI_backend\\node_modules\\router\\lib\\route.js:157:13)\n    at Route.dispatch (C:\\Abhishek\\Workspace\\Virtual Instructor\\AthenaVI_backend\\node_modules\\router\\lib\\route.js:117:3)\n    at handle (C:\\Abhishek\\Workspace\\Virtual Instructor\\AthenaVI_backend\\node_modules\\router\\index.js:435:11)\n    at Layer.handleRequest (C:\\Abhishek\\Workspace\\Virtual Instructor\\AthenaVI_backend\\node_modules\\router\\lib\\layer.js:152:17)\n    at C:\\Abhishek\\Workspace\\Virtual Instructor\\AthenaVI_backend\\node_modules\\router\\index.js:295:15\n    at processParams (C:\\Abhishek\\Workspace\\Virtual Instructor\\AthenaVI_backend\\node_modules\\router\\index.js:582:12)\n    at next (C:\\Abhishek\\Workspace\\Virtual Instructor\\AthenaVI_backend\\node_modules\\router\\index.js:291:5)","timestamp":"2026-01-31T05:01:09.054Z"}
{"level":"info","message":"Server running on port 9000","timestamp":"2026-01-31T05:01:22.214Z"}
{"level":"info","message":"Server running on port 9000","timestamp":"2026-01-31T05:01:22.445Z"}
{"level":"info","message":"Server running on port 9000","timestamp":"2026-01-31T05:01:24.479Z"}
{"level":"info","message":"Server running on port 9000","timestamp":"2026-01-31T05:01:24.478Z"}
{"level":"error","message":"TypeError: Cannot destructure property 'email' of 'req.body' as it is undefined.\n    at C:\\Abhishek\\Workspace\\Virtual Instructor\\AthenaVI_backend\\src\\modules\\auth\\auth.controller.js:10:10\n    at C:\\Abhishek\\Workspace\\Virtual Instructor\\AthenaVI_backend\\src\\shared\\utils\\asyncHandler.js:2:19\n    at Layer.handleRequest (C:\\Abhishek\\Workspace\\Virtual Instructor\\AthenaVI_backend\\node_modules\\router\\lib\\layer.js:152:17)\n    at next (C:\\Abhishek\\Workspace\\Virtual Instructor\\AthenaVI_backend\\node_modules\\router\\lib\\route.js:157:13)\n    at Route.dispatch (C:\\Abhishek\\Workspace\\Virtual Instructor\\AthenaVI_backend\\node_modules\\router\\lib\\route.js:117:3)\n    at handle (C:\\Abhishek\\Workspace\\Virtual Instructor\\AthenaVI_backend\\node_modules\\router\\index.js:435:11)\n    at Layer.handleRequest (C:\\Abhishek\\Workspace\\Virtual Instructor\\AthenaVI_backend\\node_modules\\router\\lib\\layer.js:152:17)\n    at C:\\Abhishek\\Workspace\\Virtual Instructor\\AthenaVI_backend\\node_modules\\router\\index.js:295:15\n    at processParams (C:\\Abhishek\\Workspace\\Virtual Instructor\\AthenaVI_backend\\node_modules\\router\\index.js:582:12)\n    at next (C:\\Abhishek\\Workspace\\Virtual Instructor\\AthenaVI_backend\\node_modules\\router\\index.js:291:5)","timestamp":"2026-01-31T05:01:28.718Z"}
{"level":"info","message":"Server running on port 9000","timestamp":"2026-01-31T05:05:57.451Z"}
{"level":"info","message":"Server running on port 9000","timestamp":"2026-01-31T05:05:57.690Z"}
{"level":"info","message":"Server running on port 9000","timestamp":"2026-01-31T05:06:04.097Z"}
{"level":"info","message":"Server running on port 9000","timestamp":"2026-01-31T05:06:04.096Z"}
{"level":"info","message":"Server running on port 9000","timestamp":"2026-01-31T05:06:15.697Z"}
{"level":"info","message":"Server running on port 9000","timestamp":"2026-01-31T05:06:15.696Z"}
{"level":"info","message":"Server running on port 9000","timestamp":"2026-01-31T05:06:19.170Z"}
{"level":"info","message":"Server running on port 9000","timestamp":"2026-01-31T05:06:19.168Z"}
{"level":"info","message":"Server running on port 9000","timestamp":"2026-01-31T05:07:25.085Z"}
{"level":"info","message":"Server running on port 9000","timestamp":"2026-01-31T05:07:25.084Z"}
{"level":"error","message":"TypeError: Cannot destructure property 'email' of 'req.body' as it is undefined.\n    at C:\\Abhishek\\Workspace\\Virtual Instructor\\AthenaVI_backend\\src\\modules\\auth\\auth.controller.js:10:10\n    at C:\\Abhishek\\Workspace\\Virtual Instructor\\AthenaVI_backend\\src\\shared\\utils\\asyncHandler.js:2:19\n    at Layer.handleRequest (C:\\Abhishek\\Workspace\\Virtual Instructor\\AthenaVI_backend\\node_modules\\router\\lib\\layer.js:152:17)\n    at next (C:\\Abhishek\\Workspace\\Virtual Instructor\\AthenaVI_backend\\node_modules\\router\\lib\\route.js:157:13)\n    at Route.dispatch (C:\\Abhishek\\Workspace\\Virtual Instructor\\AthenaVI_backend\\node_modules\\router\\lib\\route.js:117:3)\n    at handle (C:\\Abhishek\\Workspace\\Virtual Instructor\\AthenaVI_backend\\node_modules\\router\\index.js:435:11)\n    at Layer.handleRequest (C:\\Abhishek\\Workspace\\Virtual Instructor\\AthenaVI_backend\\node_modules\\router\\lib\\layer.js:152:17)\n    at C:\\Abhishek\\Workspace\\Virtual Instructor\\AthenaVI_backend\\node_modules\\router\\index.js:295:15\n    at processParams (C:\\Abhishek\\Workspace\\Virtual Instructor\\AthenaVI_backend\\node_modules\\router\\index.js:582:12)\n    at next (C:\\Abhishek\\Workspace\\Virtual Instructor\\AthenaVI_backend\\node_modules\\router\\index.js:291:5)","timestamp":"2026-01-31T05:07:29.923Z"}
{"level":"error","message":"TypeError: Cannot destructure property 'email' of 'req.body' as it is undefined.\n    at C:\\Abhishek\\Workspace\\Virtual Instructor\\AthenaVI_backend\\src\\modules\\auth\\auth.controller.js:10:10\n    at C:\\Abhishek\\Workspace\\Virtual Instructor\\AthenaVI_backend\\src\\shared\\utils\\asyncHandler.js:2:19\n    at Layer.handleRequest (C:\\Abhishek\\Workspace\\Virtual Instructor\\AthenaVI_backend\\node_modules\\router\\lib\\layer.js:152:17)\n    at next (C:\\Abhishek\\Workspace\\Virtual Instructor\\AthenaVI_backend\\node_modules\\router\\lib\\route.js:157:13)\n    at Route.dispatch (C:\\Abhishek\\Workspace\\Virtual Instructor\\AthenaVI_backend\\node_modules\\router\\lib\\route.js:117:3)\n    at handle (C:\\Abhishek\\Workspace\\Virtual Instructor\\AthenaVI_backend\\node_modules\\router\\index.js:435:11)\n    at Layer.handleRequest (C:\\Abhishek\\Workspace\\Virtual Instructor\\AthenaVI_backend\\node_modules\\router\\lib\\layer.js:152:17)\n    at C:\\Abhishek\\Workspace\\Virtual Instructor\\AthenaVI_backend\\node_modules\\router\\index.js:295:15\n    at processParams (C:\\Abhishek\\Workspace\\Virtual Instructor\\AthenaVI_backend\\node_modules\\router\\index.js:582:12)\n    at next (C:\\Abhishek\\Workspace\\Virtual Instructor\\AthenaVI_backend\\node_modules\\router\\index.js:291:5)","timestamp":"2026-01-31T05:09:27.600Z"}
{"level":"error","message":"Error: Email is required\n    at C:\\Abhishek\\Workspace\\Virtual Instructor\\AthenaVI_backend\\src\\modules\\auth\\auth.controller.js:14:11\n    at C:\\Abhishek\\Workspace\\Virtual Instructor\\AthenaVI_backend\\src\\shared\\utils\\asyncHandler.js:2:19\n    at Layer.handleRequest (C:\\Abhishek\\Workspace\\Virtual Instructor\\AthenaVI_backend\\node_modules\\router\\lib\\layer.js:152:17)\n    at next (C:\\Abhishek\\Workspace\\Virtual Instructor\\AthenaVI_backend\\node_modules\\router\\lib\\route.js:157:13)\n    at Route.dispatch (C:\\Abhishek\\Workspace\\Virtual Instructor\\AthenaVI_backend\\node_modules\\router\\lib\\route.js:117:3)\n    at handle (C:\\Abhishek\\Workspace\\Virtual Instructor\\AthenaVI_backend\\node_modules\\router\\index.js:435:11)\n    at Layer.handleRequest (C:\\Abhishek\\Workspace\\Virtual Instructor\\AthenaVI_backend\\node_modules\\router\\lib\\layer.js:152:17)\n    at C:\\Abhishek\\Workspace\\Virtual Instructor\\AthenaVI_backend\\node_modules\\router\\index.js:295:15\n    at processParams (C:\\Abhishek\\Workspace\\Virtual Instructor\\AthenaVI_backend\\node_modules\\router\\index.js:582:12)\n    at next (C:\\Abhishek\\Workspace\\Virtual Instructor\\AthenaVI_backend\\node_modules\\router\\index.js:291:5)","timestamp":"2026-01-31T05:10:46.291Z"}
{"level":"info","message":"Server running on port 9000","timestamp":"2026-01-31T05:12:37.648Z"}
{"level":"info","message":"Server running on port 9000","timestamp":"2026-01-31T05:12:37.932Z"}
{"level":"info","message":"Server running on port 9000","timestamp":"2026-01-31T05:12:42.131Z"}
{"level":"info","message":"Server running on port 9000","timestamp":"2026-01-31T05:12:42.133Z"}
{"level":"info","message":"Server running on port 9000","timestamp":"2026-01-31T05:12:44.884Z"}
{"level":"info","message":"Server running on port 9000","timestamp":"2026-01-31T05:12:44.887Z"}
{"level":"error","message":"Error: Request body is missing\n    at C:\\Abhishek\\Workspace\\Virtual Instructor\\AthenaVI_backend\\src\\modules\\auth\\auth.controller.js:11:11\n    at C:\\Abhishek\\Workspace\\Virtual Instructor\\AthenaVI_backend\\src\\shared\\utils\\asyncHandler.js:2:19\n    at Layer.handleRequest (C:\\Abhishek\\Workspace\\Virtual Instructor\\AthenaVI_backend\\node_modules\\router\\lib\\layer.js:152:17)\n    at next (C:\\Abhishek\\Workspace\\Virtual Instructor\\AthenaVI_backend\\node_modules\\router\\lib\\route.js:157:13)\n    at Route.dispatch (C:\\Abhishek\\Workspace\\Virtual Instructor\\AthenaVI_backend\\node_modules\\router\\lib\\route.js:117:3)\n    at handle (C:\\Abhishek\\Workspace\\Virtual Instructor\\AthenaVI_backend\\node_modules\\router\\index.js:435:11)\n    at Layer.handleRequest (C:\\Abhishek\\Workspace\\Virtual Instructor\\AthenaVI_backend\\node_modules\\router\\lib\\layer.js:152:17)\n    at C:\\Abhishek\\Workspace\\Virtual Instructor\\AthenaVI_backend\\node_modules\\router\\index.js:295:15\n    at processParams (C:\\Abhishek\\Workspace\\Virtual Instructor\\AthenaVI_backend\\node_modules\\router\\index.js:582:12)\n    at next (C:\\Abhishek\\Workspace\\Virtual Instructor\\AthenaVI_backend\\node_modules\\router\\index.js:291:5)","timestamp":"2026-01-31T05:12:49.644Z"}
{"level":"info","message":"Server running on port 9000","timestamp":"2026-01-31T05:13:19.286Z"}
{"level":"info","message":"Server running on port 9000","timestamp":"2026-01-31T05:13:19.285Z"}
{"level":"info","message":"Server running on port 9000","timestamp":"2026-01-31T05:13:35.019Z"}
{"level":"info","message":"Server running on port 9000","timestamp":"2026-01-31T05:13:39.090Z"}
{"level":"info","message":"Server running on port 9000","timestamp":"2026-01-31T05:13:39.093Z"}
{"level":"info","message":"Server running on port 9000","timestamp":"2026-01-31T05:35:40.054Z"}
{"level":"info","message":"Server running on port 9000","timestamp":"2026-01-31T05:35:40.055Z"}
{"level":"info","message":"Server running on port 9000","timestamp":"2026-01-31T05:35:41.588Z"}
{"level":"info","message":"Server running on port 9000","timestamp":"2026-01-31T05:35:41.621Z"}
{"level":"info","message":"Server running on port 9000","timestamp":"2026-01-31T05:35:45.696Z"}
{"level":"info","message":"Server running on port 9000","timestamp":"2026-01-31T05:35:45.699Z"}
{"level":"info","message":"Server running on port 9000","timestamp":"2026-01-31T05:38:30.551Z"}
{"level":"info","message":"Server running on port 9000","timestamp":"2026-01-31T05:38:30.797Z"}
{"level":"info","message":"Server running on port 9000","timestamp":"2026-01-31T05:39:12.850Z"}
{"level":"info","message":"Server running on port 9000","timestamp":"2026-01-31T05:39:12.850Z"}
{"level":"info","message":"Server running on port 9000","timestamp":"2026-01-31T05:39:15.531Z"}
{"level":"info","message":"Server running on port 9000","timestamp":"2026-01-31T05:39:15.531Z"}
{"level":"info","message":"Server running on port 9000","timestamp":"2026-01-31T05:41:34.420Z"}
{"level":"info","message":"Server running on port 9000","timestamp":"2026-01-31T05:41:34.679Z"}
{"level":"info","message":"Server running on port 9000","timestamp":"2026-01-31T06:26:34.970Z"}
{"level":"info","message":"Server running on port 9000","timestamp":"2026-01-31T06:26:34.976Z"}
{"level":"info","message":"Server running on port 9000","timestamp":"2026-01-31T06:44:13.301Z"}
{"level":"info","message":"Server running on port 9000","timestamp":"2026-01-31T06:44:13.626Z"}
{"level":"info","message":"Server running on port 9000","timestamp":"2026-01-31T06:44:17.153Z"}
{"level":"info","message":"Server running on port 9000","timestamp":"2026-01-31T06:44:17.152Z"}
{"level":"info","message":"Server running on port 9000","timestamp":"2026-01-31T06:44:20.433Z"}
{"level":"info","message":"Server running on port 9000","timestamp":"2026-01-31T06:44:20.434Z"}
{"level":"info","message":"Server running on port 9000","timestamp":"2026-01-31T06:44:26.452Z"}
{"level":"info","message":"Server running on port 9000","timestamp":"2026-01-31T06:44:26.454Z"}
{"level":"error","message":"TypeError: crypto.randomInt is not a function\n    at C:\\Abhishek\\Workspace\\Virtual Instructor\\AthenaVI_backend\\src\\modules\\auth\\auth.controller.js:19:22\n    at C:\\Abhishek\\Workspace\\Virtual Instructor\\AthenaVI_backend\\src\\shared\\utils\\asyncHandler.js:2:19\n    at Layer.handleRequest (C:\\Abhishek\\Workspace\\Virtual Instructor\\AthenaVI_backend\\node_modules\\router\\lib\\layer.js:152:17)\n    at next (C:\\Abhishek\\Workspace\\Virtual Instructor\\AthenaVI_backend\\node_modules\\router\\lib\\route.js:157:13)\n    at Route.dispatch (C:\\Abhishek\\Workspace\\Virtual Instructor\\AthenaVI_backend\\node_modules\\router\\lib\\route.js:117:3)\n    at handle (C:\\Abhishek\\Workspace\\Virtual Instructor\\AthenaVI_backend\\node_modules\\router\\index.js:435:11)\n    at Layer.handleRequest (C:\\Abhishek\\Workspace\\Virtual Instructor\\AthenaVI_backend\\node_modules\\router\\lib\\layer.js:152:17)\n    at C:\\Abhishek\\Workspace\\Virtual Instructor\\AthenaVI_backend\\node_modules\\router\\index.js:295:15\n    at processParams (C:\\Abhishek\\Workspace\\Virtual Instructor\\AthenaVI_backend\\node_modules\\router\\index.js:582:12)\n    at next (C:\\Abhishek\\Workspace\\Virtual Instructor\\AthenaVI_backend\\node_modules\\router\\index.js:291:5)","timestamp":"2026-01-31T07:06:37.139Z"}
{"level":"info","message":"Server running on port 9000","timestamp":"2026-01-31T07:06:48.223Z"}
{"level":"error","message":"TypeError: crypto.randomInt is not a function\n    at C:\\Abhishek\\Workspace\\Virtual Instructor\\AthenaVI_backend\\src\\modules\\auth\\auth.controller.js:19:22\n    at C:\\Abhishek\\Workspace\\Virtual Instructor\\AthenaVI_backend\\src\\shared\\utils\\asyncHandler.js:2:19\n    at Layer.handleRequest (C:\\Abhishek\\Workspace\\Virtual Instructor\\AthenaVI_backend\\node_modules\\router\\lib\\layer.js:152:17)\n    at next (C:\\Abhishek\\Workspace\\Virtual Instructor\\AthenaVI_backend\\node_modules\\router\\lib\\route.js:157:13)\n    at Route.dispatch (C:\\Abhishek\\Workspace\\Virtual Instructor\\AthenaVI_backend\\node_modules\\router\\lib\\route.js:117:3)\n    at handle (C:\\Abhishek\\Workspace\\Virtual Instructor\\AthenaVI_backend\\node_modules\\router\\index.js:435:11)\n    at Layer.handleRequest (C:\\Abhishek\\Workspace\\Virtual Instructor\\AthenaVI_backend\\node_modules\\router\\lib\\layer.js:152:17)\n    at C:\\Abhishek\\Workspace\\Virtual Instructor\\AthenaVI_backend\\node_modules\\router\\index.js:295:15\n    at processParams (C:\\Abhishek\\Workspace\\Virtual Instructor\\AthenaVI_backend\\node_modules\\router\\index.js:582:12)\n    at next (C:\\Abhishek\\Workspace\\Virtual Instructor\\AthenaVI_backend\\node_modules\\router\\index.js:291:5)","timestamp":"2026-01-31T07:06:52.125Z"}
{"level":"info","message":"Server running on port 9000","timestamp":"2026-01-31T07:07:12.874Z"}
{"level":"info","message":"Server running on port 9000","timestamp":"2026-01-31T07:07:12.993Z"}
{"level":"error","message":"TypeError: crypto.randomInt is not a function\n    at C:\\Abhishek\\Workspace\\Virtual Instructor\\AthenaVI_backend\\src\\modules\\auth\\auth.controller.js:19:22\n    at C:\\Abhishek\\Workspace\\Virtual Instructor\\AthenaVI_backend\\src\\shared\\utils\\asyncHandler.js:2:19\n    at Layer.handleRequest (C:\\Abhishek\\Workspace\\Virtual Instructor\\AthenaVI_backend\\node_modules\\router\\lib\\layer.js:152:17)\n    at next (C:\\Abhishek\\Workspace\\Virtual Instructor\\AthenaVI_backend\\node_modules\\router\\lib\\route.js:157:13)\n    at Route.dispatch (C:\\Abhishek\\Workspace\\Virtual Instructor\\AthenaVI_backend\\node_modules\\router\\lib\\route.js:117:3)\n    at handle (C:\\Abhishek\\Workspace\\Virtual Instructor\\AthenaVI_backend\\node_modules\\router\\index.js:435:11)\n    at Layer.handleRequest (C:\\Abhishek\\Workspace\\Virtual Instructor\\AthenaVI_backend\\node_modules\\router\\lib\\layer.js:152:17)\n    at C:\\Abhishek\\Workspace\\Virtual Instructor\\AthenaVI_backend\\node_modules\\router\\index.js:295:15\n    at processParams (C:\\Abhishek\\Workspace\\Virtual Instructor\\AthenaVI_backend\\node_modules\\router\\index.js:582:12)\n    at next (C:\\Abhishek\\Workspace\\Virtual Instructor\\AthenaVI_backend\\node_modules\\router\\index.js:291:5)","timestamp":"2026-01-31T07:07:20.492Z"}
{"level":"info","message":"Server running on port 9000","timestamp":"2026-01-31T07:26:38.583Z"}
{"level":"info","message":"Server running on port 9000","timestamp":"2026-01-31T07:26:38.705Z"}
{"level":"info","message":"Server running on port 9000","timestamp":"2026-01-31T07:27:04.986Z"}
{"level":"info","message":"Server running on port 9000","timestamp":"2026-01-31T08:55:04.817Z"}
{"level":"error","message":"TypeError: Cannot read properties of undefined (reading 'deleteMany')\n    at Object.deleteOldOtp (C:\\Abhishek\\Workspace\\Virtual Instructor\\AthenaVI_backend\\src\\modules\\auth\\auth.dao.js:47:20)\n    at C:\\Abhishek\\Workspace\\Virtual Instructor\\AthenaVI_backend\\src\\modules\\auth\\auth.controller.js:24:17\n    at C:\\Abhishek\\Workspace\\Virtual Instructor\\AthenaVI_backend\\src\\shared\\utils\\asyncHandler.js:2:19\n    at Layer.handleRequest (C:\\Abhishek\\Workspace\\Virtual Instructor\\AthenaVI_backend\\node_modules\\router\\lib\\layer.js:152:17)\n    at next (C:\\Abhishek\\Workspace\\Virtual Instructor\\AthenaVI_backend\\node_modules\\router\\lib\\route.js:157:13)\n    at Route.dispatch (C:\\Abhishek\\Workspace\\Virtual Instructor\\AthenaVI_backend\\node_modules\\router\\lib\\route.js:117:3)\n    at handle (C:\\Abhishek\\Workspace\\Virtual Instructor\\AthenaVI_backend\\node_modules\\router\\index.js:435:11)\n    at Layer.handleRequest (C:\\Abhishek\\Workspace\\Virtual Instructor\\AthenaVI_backend\\node_modules\\router\\lib\\layer.js:152:17)\n    at C:\\Abhishek\\Workspace\\Virtual Instructor\\AthenaVI_backend\\node_modules\\router\\index.js:295:15\n    at processParams (C:\\Abhishek\\Workspace\\Virtual Instructor\\AthenaVI_backend\\node_modules\\router\\index.js:582:12)","timestamp":"2026-01-31T08:55:08.201Z"}
{"level":"error","message":"TypeError: Cannot read properties of undefined (reading 'deleteMany')\n    at Object.deleteOldOtp (C:\\Abhishek\\Workspace\\Virtual Instructor\\AthenaVI_backend\\src\\modules\\auth\\auth.dao.js:47:20)\n    at C:\\Abhishek\\Workspace\\Virtual Instructor\\AthenaVI_backend\\src\\modules\\auth\\auth.controller.js:24:17\n    at C:\\Abhishek\\Workspace\\Virtual Instructor\\AthenaVI_backend\\src\\shared\\utils\\asyncHandler.js:2:19\n    at Layer.handleRequest (C:\\Abhishek\\Workspace\\Virtual Instructor\\AthenaVI_backend\\node_modules\\router\\lib\\layer.js:152:17)\n    at next (C:\\Abhishek\\Workspace\\Virtual Instructor\\AthenaVI_backend\\node_modules\\router\\lib\\route.js:157:13)\n    at Route.dispatch (C:\\Abhishek\\Workspace\\Virtual Instructor\\AthenaVI_backend\\node_modules\\router\\lib\\route.js:117:3)\n    at handle (C:\\Abhishek\\Workspace\\Virtual Instructor\\AthenaVI_backend\\node_modules\\router\\index.js:435:11)\n    at Layer.handleRequest (C:\\Abhishek\\Workspace\\Virtual Instructor\\AthenaVI_backend\\node_modules\\router\\lib\\layer.js:152:17)\n    at C:\\Abhishek\\Workspace\\Virtual Instructor\\AthenaVI_backend\\node_modules\\router\\index.js:295:15\n    at processParams (C:\\Abhishek\\Workspace\\Virtual Instructor\\AthenaVI_backend\\node_modules\\router\\index.js:582:12)","timestamp":"2026-01-31T08:55:12.835Z"}
{"level":"info","message":"Server running on port 9000","timestamp":"2026-01-31T08:56:01.418Z"}
{"level":"info","message":"Server running on port 9000","timestamp":"2026-01-31T08:56:32.576Z"}
{"level":"info","message":"Server running on port 9000","timestamp":"2026-01-31T08:56:36.428Z"}
{"level":"info","message":"Server running on port 9000","timestamp":"2026-01-31T08:56:36.430Z"}
{"level":"info","message":"Server running on port 9000","timestamp":"2026-01-31T08:56:43.636Z"}
{"level":"error","message":"TypeError: Cannot read properties of undefined (reading 'deleteMany')\n    at Object.deleteOldOtp (C:\\Abhishek\\Workspace\\Virtual Instructor\\AthenaVI_backend\\src\\modules\\auth\\auth.dao.js:47:20)\n    at C:\\Abhishek\\Workspace\\Virtual Instructor\\AthenaVI_backend\\src\\modules\\auth\\auth.controller.js:24:17\n    at C:\\Abhishek\\Workspace\\Virtual Instructor\\AthenaVI_backend\\src\\shared\\utils\\asyncHandler.js:2:19\n    at Layer.handleRequest (C:\\Abhishek\\Workspace\\Virtual Instructor\\AthenaVI_backend\\node_modules\\router\\lib\\layer.js:152:17)\n    at next (C:\\Abhishek\\Workspace\\Virtual Instructor\\AthenaVI_backend\\node_modules\\router\\lib\\route.js:157:13)\n    at Route.dispatch (C:\\Abhishek\\Workspace\\Virtual Instructor\\AthenaVI_backend\\node_modules\\router\\lib\\route.js:117:3)\n    at handle (C:\\Abhishek\\Workspace\\Virtual Instructor\\AthenaVI_backend\\node_modules\\router\\index.js:435:11)\n    at Layer.handleRequest (C:\\Abhishek\\Workspace\\Virtual Instructor\\AthenaVI_backend\\node_modules\\router\\lib\\layer.js:152:17)\n    at C:\\Abhishek\\Workspace\\Virtual Instructor\\AthenaVI_backend\\node_modules\\router\\index.js:295:15\n    at processParams (C:\\Abhishek\\Workspace\\Virtual Instructor\\AthenaVI_backend\\node_modules\\router\\index.js:582:12)","timestamp":"2026-01-31T08:56:51.693Z"}
{"level":"info","message":"Server running on port 9000","timestamp":"2026-01-31T09:57:58.516Z"}
{"level":"info","message":"Server running on port 9000","timestamp":"2026-01-31T11:03:41.388Z"}
{"level":"info","message":"Server running on port 9000","timestamp":"2026-01-31T11:03:42.916Z"}
{"level":"info","message":"Server running on port 9000","timestamp":"2026-01-31T11:03:43.969Z"}
{"level":"info","message":"Server running on port 9000","timestamp":"2026-01-31T11:03:46.189Z"}
{"level":"info","message":"Server running on port 9000","timestamp":"2026-01-31T11:03:47.474Z"}
{"level":"info","message":"Server running on port 9000","timestamp":"2026-01-31T11:03:50.927Z"}
{"level":"info","message":"Server running on port 9000","timestamp":"2026-01-31T11:03:58.055Z"}
{"level":"info","message":"Server running on port 9000","timestamp":"2026-01-31T11:06:54.970Z"}
{"level":"info","message":"Server running on port 9000","timestamp":"2026-01-31T11:07:15.614Z"}
{"level":"error","message":"Error: Request body is missing\n    at C:\\Abhishek\\Workspace\\Virtual Instructor\\AthenaVI_backend\\src\\modules\\auth\\auth.controller.js:112:11\n    at C:\\Abhishek\\Workspace\\Virtual Instructor\\AthenaVI_backend\\src\\shared\\utils\\asyncHandler.js:2:19\n    at Layer.handleRequest (C:\\Abhishek\\Workspace\\Virtual Instructor\\AthenaVI_backend\\node_modules\\router\\lib\\layer.js:152:17)\n    at next (C:\\Abhishek\\Workspace\\Virtual Instructor\\AthenaVI_backend\\node_modules\\router\\lib\\route.js:157:13)\n    at Route.dispatch (C:\\Abhishek\\Workspace\\Virtual Instructor\\AthenaVI_backend\\node_modules\\router\\lib\\route.js:117:3)\n    at handle (C:\\Abhishek\\Workspace\\Virtual Instructor\\AthenaVI_backend\\node_modules\\router\\index.js:435:11)\n    at Layer.handleRequest (C:\\Abhishek\\Workspace\\Virtual Instructor\\AthenaVI_backend\\node_modules\\router\\lib\\layer.js:152:17)\n    at C:\\Abhishek\\Workspace\\Virtual Instructor\\AthenaVI_backend\\node_modules\\router\\index.js:295:15\n    at processParams (C:\\Abhishek\\Workspace\\Virtual Instructor\\AthenaVI_backend\\node_modules\\router\\index.js:582:12)\n    at next (C:\\Abhishek\\Workspace\\Virtual Instructor\\AthenaVI_backend\\node_modules\\router\\index.js:291:5)","timestamp":"2026-01-31T11:30:19.238Z"}
{"level":"info","message":"Server running bHYon port 9000","timestamp":"2026-02-03T04:47:51.490Z"}
{"level":"error","message":"TypeError: Cannot read properties of undefined (reading 'deleteMany')\n    at Object.deleteOldOtp (C:\\Abhishek\\Workspace\\Virtual Instructor\\AthenaVI_backend\\src\\modules\\auth\\auth.dao.js:47:20)\n    at sendEmail (C:\\Abhishek\\Workspace\\Virtual Instructor\\AthenaVI_backend\\src\\modules\\notification\\email.service.js:26:23)\n    at process.processTicksAndRejections (node:internal/process/task_queues:105:5)\n    at async C:\\Abhishek\\Workspace\\Virtual Instructor\\AthenaVI_backend\\src\\modules\\auth\\auth.controller.js:27:3","timestamp":"2026-02-03T04:47:54.462Z"}
{"level":"info","message":"Server running bHYon port 9000","timestamp":"2026-02-03T04:48:17.809Z"}
{"level":"error","message":"Error: Failed to send email\n    at sendEmail (C:\\Abhishek\\Workspace\\Virtual Instructor\\AthenaVI_backend\\src\\modules\\notification\\email.service.js:27:15)\n    at process.processTicksAndRejections (node:internal/process/task_queues:105:5)\n    at async C:\\Abhishek\\Workspace\\Virtual Instructor\\AthenaVI_backend\\src\\modules\\auth\\auth.controller.js:27:3","timestamp":"2026-02-03T04:48:21.775Z"}
{"level":"info","message":"Server running bHYon port 9000","timestamp":"2026-02-03T04:49:33.608Z"}
{"level":"error","message":"Error: Failed to send email\n    at sendEmail (C:\\Abhishek\\Workspace\\Virtual Instructor\\AthenaVI_backend\\src\\modules\\notification\\email.service.js:27:15)\n    at process.processTicksAndRejections (node:internal/process/task_queues:105:5)\n    at async C:\\Abhishek\\Workspace\\Virtual Instructor\\AthenaVI_backend\\src\\modules\\auth\\auth.controller.js:26:3","timestamp":"2026-02-03T05:08:48.316Z"}
{"level":"info","message":"Server running bHYon port 9000","timestamp":"2026-02-03T05:10:53.239Z"}
{"level":"info","message":"Server running bHYon port 9000","timestamp":"2026-02-03T05:10:55.572Z"}
{"level":"info","message":"Server running bHYon port 9000","timestamp":"2026-02-03T05:10:56.881Z"}
{"level":"error","message":"Error: Failed to send email\n    at sendEmail (C:\\Abhishek\\Workspace\\Virtual Instructor\\AthenaVI_backend\\src\\modules\\notification\\email.service.js:28:15)\n    at process.processTicksAndRejections (node:internal/process/task_queues:105:5)\n    at async C:\\Abhishek\\Workspace\\Virtual Instructor\\AthenaVI_backend\\src\\modules\\auth\\auth.controller.js:26:3","timestamp":"2026-02-03T05:11:02.232Z"}
{"level":"error","message":"Error: Failed to send email\n    at sendEmail (C:\\Abhishek\\Workspace\\Virtual Instructor\\AthenaVI_backend\\src\\modules\\notification\\email.service.js:28:15)\n    at process.processTicksAndRejections (node:internal/process/task_queues:105:5)\n    at async C:\\Abhishek\\Workspace\\Virtual Instructor\\AthenaVI_backend\\src\\modules\\auth\\auth.controller.js:26:3","timestamp":"2026-02-03T05:48:59.439Z"}
{"level":"info","message":"Server running bHYon port 9000","timestamp":"2026-02-03T07:22:48.686Z"}
{"level":"info","message":"Server running bHYon port 9000","timestamp":"2026-02-03T10:00:17.409Z"}
{"level":"info","message":"Server running bHYon port 9000","timestamp":"2026-02-03T10:00:49.108Z"}
{"level":"info","message":"Server running bHYon port 9000","timestamp":"2026-02-03T10:19:38.812Z"}
{"level":"info","message":"Server running bHYon port 9000","timestamp":"2026-02-03T10:22:18.533Z"}
{"level":"info","message":"Server running bHYon port 9000","timestamp":"2026-02-03T10:29:12.580Z"}
{"level":"info","message":"Server running bHYon port 9000","timestamp":"2026-02-04T04:17:09.633Z"}
{"level":"info","message":"Server running bHYon port 9000","timestamp":"2026-02-04T04:44:57.365Z"}
{"level":"info","message":"Server running bHYon port 9000","timestamp":"2026-02-04T04:45:16.734Z"}
{"level":"info","message":"Server running bHYon port 9000","timestamp":"2026-02-04T04:45:20.033Z"}
{"level":"info","message":"Server running bHYon port 9000","timestamp":"2026-02-04T04:45:35.819Z"}
{"level":"info","message":"Server running bHYon port 9000","timestamp":"2026-02-04T05:05:28.613Z"}
{"level":"info","message":"Server running bHYon port 9000","timestamp":"2026-02-04T05:05:40.934Z"}
{"level":"info","message":"Server running bHYon port 9000","timestamp":"2026-02-05T09:55:54.394Z"}
{"level":"error","message":"TypeError: Cannot read properties of undefined (reading 'set')\n    at Object.acquireOtpLock (C:\\Abhishek\\Workspace\\Virtual Instructor\\AthenaVI_backend\\src\\modules\\auth\\otp.service.js:15:36)\n    at C:\\Abhishek\\Workspace\\Virtual Instructor\\AthenaVI_backend\\src\\modules\\auth\\auth.controller.js:22:20\n    at C:\\Abhishek\\Workspace\\Virtual Instructor\\AthenaVI_backend\\src\\shared\\utils\\asyncHandler.js:2:19\n    at Layer.handleRequest (C:\\Abhishek\\Workspace\\Virtual Instructor\\AthenaVI_backend\\node_modules\\router\\lib\\layer.js:152:17)\n    at next (C:\\Abhishek\\Workspace\\Virtual Instructor\\AthenaVI_backend\\node_modules\\router\\lib\\route.js:157:13)\n    at Route.dispatch (C:\\Abhishek\\Workspace\\Virtual Instructor\\AthenaVI_backend\\node_modules\\router\\lib\\route.js:117:3)\n    at handle (C:\\Abhishek\\Workspace\\Virtual Instructor\\AthenaVI_backend\\node_modules\\router\\index.js:435:11)\n    at Layer.handleRequest (C:\\Abhishek\\Workspace\\Virtual Instructor\\AthenaVI_backend\\node_modules\\router\\lib\\layer.js:152:17)\n    at C:\\Abhishek\\Workspace\\Virtual Instructor\\AthenaVI_backend\\node_modules\\router\\index.js:295:15\n    at processParams (C:\\Abhishek\\Workspace\\Virtual Instructor\\AthenaVI_backend\\node_modules\\router\\index.js:582:12)","timestamp":"2026-02-05T10:02:28.910Z"}
{"level":"info","message":"Server running bHYon port 9000","timestamp":"2026-02-05T10:03:57.739Z"}
{"level":"error","message":"TypeError: \"arguments[2]\" must be of type \"string | Buffer\", got undefined instead.\n    at encodeCommand (C:\\Abhishek\\Workspace\\Virtual Instructor\\AthenaVI_backend\\node_modules\\@redis\\client\\dist\\lib\\RESP\\encoder.js:17:19)\n    at RedisCommandsQueue.commandsToWrite (C:\\Abhishek\\Workspace\\Virtual Instructor\\AthenaVI_backend\\node_modules\\@redis\\client\\dist\\lib\\client\\commands-queue.js:340:49)\n    at commandsToWrite.next (<anonymous>)\n    at RedisSocket.write (C:\\Abhishek\\Workspace\\Virtual Instructor\\AthenaVI_backend\\node_modules\\@redis\\client\\dist\\lib\\client\\socket.js:253:20)\n    at #write (C:\\Abhishek\\Workspace\\Virtual Instructor\\AthenaVI_backend\\node_modules\\@redis\\client\\dist\\lib\\client\\index.js:713:22)\n    at Immediate.<anonymous> (C:\\Abhishek\\Workspace\\Virtual Instructor\\AthenaVI_backend\\node_modules\\@redis\\client\\dist\\lib\\client\\index.js:720:24)\n    at process.processImmediate (node:internal/timers:485:21)","timestamp":"2026-02-05T10:04:18.557Z"}
{"level":"info","message":"Server running bHYon port 9000","timestamp":"2026-02-05T10:07:01.301Z"}
{"level":"error","message":"TypeError: \"arguments[2]\" must be of type \"string | Buffer\", got undefined instead.\n    at encodeCommand (C:\\Abhishek\\Workspace\\Virtual Instructor\\AthenaVI_backend\\node_modules\\@redis\\client\\dist\\lib\\RESP\\encoder.js:17:19)\n    at RedisCommandsQueue.commandsToWrite (C:\\Abhishek\\Workspace\\Virtual Instructor\\AthenaVI_backend\\node_modules\\@redis\\client\\dist\\lib\\client\\commands-queue.js:340:49)\n    at commandsToWrite.next (<anonymous>)\n    at RedisSocket.write (C:\\Abhishek\\Workspace\\Virtual Instructor\\AthenaVI_backend\\node_modules\\@redis\\client\\dist\\lib\\client\\socket.js:253:20)\n    at #write (C:\\Abhishek\\Workspace\\Virtual Instructor\\AthenaVI_backend\\node_modules\\@redis\\client\\dist\\lib\\client\\index.js:713:22)\n    at Immediate.<anonymous> (C:\\Abhishek\\Workspace\\Virtual Instructor\\AthenaVI_backend\\node_modules\\@redis\\client\\dist\\lib\\client\\index.js:720:24)\n    at process.processImmediate (node:internal/timers:485:21)","timestamp":"2026-02-05T10:07:09.758Z"}
{"level":"info","message":"Server running bHYon port 9000","timestamp":"2026-02-05T10:07:49.497Z"}
{"level":"error","message":"Error: Request body is missing\n    at C:\\Abhishek\\Workspace\\Virtual Instructor\\AthenaVI_backend\\src\\modules\\auth\\auth.controller.js:72:11\n    at C:\\Abhishek\\Workspace\\Virtual Instructor\\AthenaVI_backend\\src\\shared\\utils\\asyncHandler.js:2:19\n    at Layer.handleRequest (C:\\Abhishek\\Workspace\\Virtual Instructor\\AthenaVI_backend\\node_modules\\router\\lib\\layer.js:152:17)\n    at next (C:\\Abhishek\\Workspace\\Virtual Instructor\\AthenaVI_backend\\node_modules\\router\\lib\\route.js:157:13)\n    at Route.dispatch (C:\\Abhishek\\Workspace\\Virtual Instructor\\AthenaVI_backend\\node_modules\\router\\lib\\route.js:117:3)\n    at handle (C:\\Abhishek\\Workspace\\Virtual Instructor\\AthenaVI_backend\\node_modules\\router\\index.js:435:11)\n    at Layer.handleRequest (C:\\Abhishek\\Workspace\\Virtual Instructor\\AthenaVI_backend\\node_modules\\router\\lib\\layer.js:152:17)\n    at C:\\Abhishek\\Workspace\\Virtual Instructor\\AthenaVI_backend\\node_modules\\router\\index.js:295:15\n    at processParams (C:\\Abhishek\\Workspace\\Virtual Instructor\\AthenaVI_backend\\node_modules\\router\\index.js:582:12)\n    at next (C:\\Abhishek\\Workspace\\Virtual Instructor\\AthenaVI_backend\\node_modules\\router\\index.js:291:5)","timestamp":"2026-02-05T10:09:01.974Z"}
{"level":"error","message":"TypeError: \"arguments[2]\" must be of type \"string | Buffer\", got undefined instead.\n    at encodeCommand (C:\\Abhishek\\Workspace\\Virtual Instructor\\AthenaVI_backend\\node_modules\\@redis\\client\\dist\\lib\\RESP\\encoder.js:17:19)\n    at RedisCommandsQueue.commandsToWrite (C:\\Abhishek\\Workspace\\Virtual Instructor\\AthenaVI_backend\\node_modules\\@redis\\client\\dist\\lib\\client\\commands-queue.js:340:49)\n    at commandsToWrite.next (<anonymous>)\n    at RedisSocket.write (C:\\Abhishek\\Workspace\\Virtual Instructor\\AthenaVI_backend\\node_modules\\@redis\\client\\dist\\lib\\client\\socket.js:253:20)\n    at #write (C:\\Abhishek\\Workspace\\Virtual Instructor\\AthenaVI_backend\\node_modules\\@redis\\client\\dist\\lib\\client\\index.js:713:22)\n    at Immediate.<anonymous> (C:\\Abhishek\\Workspace\\Virtual Instructor\\AthenaVI_backend\\node_modules\\@redis\\client\\dist\\lib\\client\\index.js:720:24)\n    at process.processImmediate (node:internal/timers:485:21)","timestamp":"2026-02-05T10:10:28.175Z"}
{"level":"info","message":"Server running bHYon port 9000","timestamp":"2026-02-05T10:19:29.932Z"}
{"level":"info","message":"Server running bHYon port 9000","timestamp":"2026-02-05T10:19:31.782Z"}
{"level":"error","message":"Error: Failed to send email\n    at sendEmail (C:\\Abhishek\\Workspace\\Virtual Instructor\\AthenaVI_backend\\src\\modules\\notification\\email.service.js:28:15)\n    at process.processTicksAndRejections (node:internal/process/task_queues:105:5)\n    at async C:\\Abhishek\\Workspace\\Virtual Instructor\\AthenaVI_backend\\src\\modules\\auth\\auth.controller.js:85:3","timestamp":"2026-02-05T10:19:41.589Z"}
{"level":"info","message":"Server running bHYon port 9000","timestamp":"2026-02-05T10:21:05.110Z"}
{"level":"error","message":"Error: Failed to send email\n    at sendEmail (C:\\Abhishek\\Workspace\\Virtual Instructor\\AthenaVI_backend\\src\\modules\\notification\\email.service.js:28:15)\n    at process.processTicksAndRejections (node:internal/process/task_queues:105:5)\n    at async C:\\Abhishek\\Workspace\\Virtual Instructor\\AthenaVI_backend\\src\\modules\\auth\\auth.controller.js:85:3","timestamp":"2026-02-05T10:21:11.723Z"}
{"level":"info","message":"Server running bHYon port 9000","timestamp":"2026-02-05T10:21:51.072Z"}
{"level":"info","message":"Server running bHYon port 9000","timestamp":"2026-02-05T10:22:12.309Z"}
{"level":"error","message":"Error: Please wait before requesting OTP again\n    at Object.acquireOtpLock (C:\\Abhishek\\Workspace\\Virtual Instructor\\AthenaVI_backend\\src\\modules\\auth\\otp.service.js:22:11)\n    at process.processTicksAndRejections (node:internal/process/task_queues:105:5)\n    at async C:\\Abhishek\\Workspace\\Virtual Instructor\\AthenaVI_backend\\src\\modules\\auth\\auth.controller.js:78:3","timestamp":"2026-02-05T10:22:47.743Z"}
{"level":"error","message":"Error: Please wait before requesting OTP again\n    at Object.acquireOtpLock (C:\\Abhishek\\Workspace\\Virtual Instructor\\AthenaVI_backend\\src\\modules\\auth\\otp.service.js:22:11)\n    at process.processTicksAndRejections (node:internal/process/task_queues:105:5)\n    at async C:\\Abhishek\\Workspace\\Virtual Instructor\\AthenaVI_backend\\src\\modules\\auth\\auth.controller.js:78:3","timestamp":"2026-02-05T10:23:01.876Z"}
{"level":"error","message":"Error: Please wait before requesting OTP again\n    at Object.acquireOtpLock (C:\\Abhishek\\Workspace\\Virtual Instructor\\AthenaVI_backend\\src\\modules\\auth\\otp.service.js:22:11)\n    at process.processTicksAndRejections (node:internal/process/task_queues:105:5)\n    at async C:\\Abhishek\\Workspace\\Virtual Instructor\\AthenaVI_backend\\src\\modules\\auth\\auth.controller.js:78:3","timestamp":"2026-02-05T10:23:03.715Z"}
{"level":"error","message":"Error: Please wait before requesting OTP again\n    at Object.acquireOtpLock (C:\\Abhishek\\Workspace\\Virtual Instructor\\AthenaVI_backend\\src\\modules\\auth\\otp.service.js:22:11)\n    at process.processTicksAndRejections (node:internal/process/task_queues:105:5)\n    at async C:\\Abhishek\\Workspace\\Virtual Instructor\\AthenaVI_backend\\src\\modules\\auth\\auth.controller.js:78:3","timestamp":"2026-02-05T10:23:05.746Z"}
{"level":"error","message":"Error: Please wait before requesting OTP again\n    at Object.acquireOtpLock (C:\\Abhishek\\Workspace\\Virtual Instructor\\AthenaVI_backend\\src\\modules\\auth\\otp.service.js:22:11)\n    at process.processTicksAndRejections (node:internal/process/task_queues:105:5)\n    at async C:\\Abhishek\\Workspace\\Virtual Instructor\\AthenaVI_backend\\src\\modules\\auth\\auth.controller.js:78:3","timestamp":"2026-02-05T10:23:07.401Z"}
{"level":"error","message":"Error: Please wait before requesting OTP again\n    at Object.acquireOtpLock (C:\\Abhishek\\Workspace\\Virtual Instructor\\AthenaVI_backend\\src\\modules\\auth\\otp.service.js:22:11)\n    at process.processTicksAndRejections (node:internal/process/task_queues:105:5)\n    at async C:\\Abhishek\\Workspace\\Virtual Instructor\\AthenaVI_backend\\src\\modules\\auth\\auth.controller.js:78:3","timestamp":"2026-02-05T10:23:08.942Z"}
{"level":"error","message":"Error: Please wait before requesting OTP again\n    at Object.acquireOtpLock (C:\\Abhishek\\Workspace\\Virtual Instructor\\AthenaVI_backend\\src\\modules\\auth\\otp.service.js:22:11)\n    at process.processTicksAndRejections (node:internal/process/task_queues:105:5)\n    at async C:\\Abhishek\\Workspace\\Virtual Instructor\\AthenaVI_backend\\src\\modules\\auth\\auth.controller.js:78:3","timestamp":"2026-02-05T10:23:10.475Z"}
{"level":"error","message":"Error: Please wait before requesting OTP again\n    at Object.acquireOtpLock (C:\\Abhishek\\Workspace\\Virtual Instructor\\AthenaVI_backend\\src\\modules\\auth\\otp.service.js:22:11)\n    at process.processTicksAndRejections (node:internal/process/task_queues:105:5)\n    at async C:\\Abhishek\\Workspace\\Virtual Instructor\\AthenaVI_backend\\src\\modules\\auth\\auth.controller.js:78:3","timestamp":"2026-02-05T10:23:11.514Z"}
{"level":"error","message":"Error: Please wait before requesting OTP again\n    at Object.acquireOtpLock (C:\\Abhishek\\Workspace\\Virtual Instructor\\AthenaVI_backend\\src\\modules\\auth\\otp.service.js:22:11)\n    at process.processTicksAndRejections (node:internal/process/task_queues:105:5)\n    at async C:\\Abhishek\\Workspace\\Virtual Instructor\\AthenaVI_backend\\src\\modules\\auth\\auth.controller.js:78:3","timestamp":"2026-02-05T10:26:33.382Z"}
{"level":"error","message":"Error: Please wait before requesting OTP again\n    at Object.acquireOtpLock (C:\\Abhishek\\Workspace\\Virtual Instructor\\AthenaVI_backend\\src\\modules\\auth\\otp.service.js:22:11)\n    at process.processTicksAndRejections (node:internal/process/task_queues:105:5)\n    at async C:\\Abhishek\\Workspace\\Virtual Instructor\\AthenaVI_backend\\src\\modules\\auth\\auth.controller.js:78:3","timestamp":"2026-02-05T10:26:35.400Z"}
{"level":"error","message":"Error: Please wait before requesting OTP again\n    at Object.acquireOtpLock (C:\\Abhishek\\Workspace\\Virtual Instructor\\AthenaVI_backend\\src\\modules\\auth\\otp.service.js:22:11)\n    at process.processTicksAndRejections (node:internal/process/task_queues:105:5)\n    at async C:\\Abhishek\\Workspace\\Virtual Instructor\\AthenaVI_backend\\src\\modules\\auth\\auth.controller.js:78:3","timestamp":"2026-02-05T10:26:37.337Z"}
{"level":"error","message":"Error: Please wait before requesting OTP again\n    at Object.acquireOtpLock (C:\\Abhishek\\Workspace\\Virtual Instructor\\AthenaVI_backend\\src\\modules\\auth\\otp.service.js:22:11)\n    at process.processTicksAndRejections (node:internal/process/task_queues:105:5)\n    at async C:\\Abhishek\\Workspace\\Virtual Instructor\\AthenaVI_backend\\src\\modules\\auth\\auth.controller.js:78:3","timestamp":"2026-02-05T10:26:39.482Z"}
{"level":"error","message":"Error: Please wait before requesting OTP again\n    at Object.acquireOtpLock (C:\\Abhishek\\Workspace\\Virtual Instructor\\AthenaVI_backend\\src\\modules\\auth\\otp.service.js:22:11)\n    at process.processTicksAndRejections (node:internal/process/task_queues:105:5)\n    at async C:\\Abhishek\\Workspace\\Virtual Instructor\\AthenaVI_backend\\src\\modules\\auth\\auth.controller.js:78:3","timestamp":"2026-02-05T10:26:41.673Z"}
{"level":"error","message":"Error: Please wait before requesting OTP again\n    at Object.acquireOtpLock (C:\\Abhishek\\Workspace\\Virtual Instructor\\AthenaVI_backend\\src\\modules\\auth\\otp.service.js:22:11)\n    at process.processTicksAndRejections (node:internal/process/task_queues:105:5)\n    at async C:\\Abhishek\\Workspace\\Virtual Instructor\\AthenaVI_backend\\src\\modules\\auth\\auth.controller.js:78:3","timestamp":"2026-02-05T10:26:43.991Z"}
{"level":"error","message":"Error: Please wait before requesting OTP again\n    at Object.acquireOtpLock (C:\\Abhishek\\Workspace\\Virtual Instructor\\AthenaVI_backend\\src\\modules\\auth\\otp.service.js:22:11)\n    at process.processTicksAndRejections (node:internal/process/task_queues:105:5)\n    at async C:\\Abhishek\\Workspace\\Virtual Instructor\\AthenaVI_backend\\src\\modules\\auth\\auth.controller.js:78:3","timestamp":"2026-02-05T10:26:45.949Z"}
{"level":"error","message":"Error: Please wait before requesting OTP again\n    at Object.acquireOtpLock (C:\\Abhishek\\Workspace\\Virtual Instructor\\AthenaVI_backend\\src\\modules\\auth\\otp.service.js:22:11)\n    at process.processTicksAndRejections (node:internal/process/task_queues:105:5)\n    at async C:\\Abhishek\\Workspace\\Virtual Instructor\\AthenaVI_backend\\src\\modules\\auth\\auth.controller.js:78:3","timestamp":"2026-02-05T10:26:47.767Z"}
{"level":"error","message":"Error: Please wait before requesting OTP again\n    at Object.acquireOtpLock (C:\\Abhishek\\Workspace\\Virtual Instructor\\AthenaVI_backend\\src\\modules\\auth\\otp.service.js:22:11)\n    at process.processTicksAndRejections (node:internal/process/task_queues:105:5)\n    at async C:\\Abhishek\\Workspace\\Virtual Instructor\\AthenaVI_backend\\src\\modules\\auth\\auth.controller.js:78:3","timestamp":"2026-02-05T10:27:21.971Z"}
{"level":"error","message":"Error: Please wait before requesting OTP again\n    at Object.acquireOtpLock (C:\\Abhishek\\Workspace\\Virtual Instructor\\AthenaVI_backend\\src\\modules\\auth\\otp.service.js:22:11)\n    at process.processTicksAndRejections (node:internal/process/task_queues:105:5)\n    at async C:\\Abhishek\\Workspace\\Virtual Instructor\\AthenaVI_backend\\src\\modules\\auth\\auth.controller.js:78:3","timestamp":"2026-02-05T10:27:24.733Z"}
{"level":"error","message":"Error: OTP expired or not found\n    at Object.verifyOtp (C:\\Abhishek\\Workspace\\Virtual Instructor\\AthenaVI_backend\\src\\modules\\auth\\otp.service.js:54:11)\n    at process.processTicksAndRejections (node:internal/process/task_queues:105:5)\n    at async C:\\Abhishek\\Workspace\\Virtual Instructor\\AthenaVI_backend\\src\\modules\\auth\\auth.controller.js:40:3","timestamp":"2026-02-05T10:31:50.310Z"}
{"level":"error","message":"Error: OTP expired or not found\n    at Object.verifyOtp (C:\\Abhishek\\Workspace\\Virtual Instructor\\AthenaVI_backend\\src\\modules\\auth\\otp.service.js:54:11)\n    at process.processTicksAndRejections (node:internal/process/task_queues:105:5)\n    at async C:\\Abhishek\\Workspace\\Virtual Instructor\\AthenaVI_backend\\src\\modules\\auth\\auth.controller.js:40:3","timestamp":"2026-02-05T10:33:08.596Z"}
{"level":"info","message":"Server running bHYon port 9000","timestamp":"2026-02-05T10:33:33.265Z"}
{"level":"info","message":"Server running bHYon port 9000","timestamp":"2026-02-05T10:33:37.059Z"}
{"level":"error","message":"Error: OTP expired or not found\n    at Object.verifyOtp (C:\\Abhishek\\Workspace\\Virtual Instructor\\AthenaVI_backend\\src\\modules\\auth\\otp.service.js:54:11)\n    at process.processTicksAndRejections (node:internal/process/task_queues:105:5)\n    at async C:\\Abhishek\\Workspace\\Virtual Instructor\\AthenaVI_backend\\src\\modules\\auth\\auth.controller.js:40:3","timestamp":"2026-02-05T10:34:20.275Z"}
{"level":"info","message":"Server running bHYon port 9000","timestamp":"2026-02-05T10:34:56.354Z"}
{"level":"info","message":"Server running bHYon port 9000","timestamp":"2026-02-05T10:35:08.047Z"}
{"level":"info","message":"Server running bHYon port 9000","timestamp":"2026-02-05T10:35:10.132Z"}
{"level":"error","message":"Error: OTP expired or not found\n    at Object.verifyOtp (C:\\Abhishek\\Workspace\\Virtual Instructor\\AthenaVI_backend\\src\\modules\\auth\\otp.service.js:54:11)\n    at process.processTicksAndRejections (node:internal/process/task_queues:105:5)\n    at async C:\\Abhishek\\Workspace\\Virtual Instructor\\AthenaVI_backend\\src\\modules\\auth\\auth.controller.js:40:3","timestamp":"2026-02-05T10:37:49.786Z"}
{"level":"info","message":"Server running bHYon port 9000","timestamp":"2026-02-05T10:38:03.671Z"}
{"level":"error","message":"Error: OTP expired or not found\n    at Object.verifyOtp (C:\\Abhishek\\Workspace\\Virtual Instructor\\AthenaVI_backend\\src\\modules\\auth\\otp.service.js:54:11)\n    at process.processTicksAndRejections (node:internal/process/task_queues:105:5)\n    at async C:\\Abhishek\\Workspace\\Virtual Instructor\\AthenaVI_backend\\src\\modules\\auth\\auth.controller.js:40:3","timestamp":"2026-02-05T10:38:09.553Z"}
{"level":"info","message":"Server running bHYon port 9000","timestamp":"2026-02-05T10:38:24.179Z"}
{"level":"info","message":"Server running bHYon port 9000","timestamp":"2026-02-05T10:42:11.962Z"}
{"level":"error","message":"Error: Invalid OTP\n    at Object.verifyOtp (C:\\Abhishek\\Workspace\\Virtual Instructor\\AthenaVI_backend\\src\\modules\\auth\\otp.service.js:58:11)\n    at process.processTicksAndRejections (node:internal/process/task_queues:105:5)\n    at async C:\\Abhishek\\Workspace\\Virtual Instructor\\AthenaVI_backend\\src\\modules\\auth\\auth.controller.js:40:3","timestamp":"2026-02-05T10:49:10.442Z"}
{"level":"error","message":"Error: Socket closed unexpectedly\n    at TLSSocket.<anonymous> (C:\\Abhishek\\Workspace\\Virtual Instructor\\AthenaVI_backend\\node_modules\\@redis\\client\\dist\\lib\\client\\socket.js:232:33)\n    at Object.onceWrapper (node:events:633:26)\n    at TLSSocket.emit (node:events:530:35)\n    at node:net:351:12\n    at TCP.done (node:_tls_wrap:650:7)","timestamp":"2026-02-05T10:52:08.263Z"}
{"level":"error","message":"Error: OTP expired or not found\n    at Object.verifyOtp (C:\\Abhishek\\Workspace\\Virtual Instructor\\AthenaVI_backend\\src\\modules\\auth\\otp.service.js:54:11)\n    at process.processTicksAndRejections (node:internal/process/task_queues:105:5)\n    at async C:\\Abhishek\\Workspace\\Virtual Instructor\\AthenaVI_backend\\src\\modules\\auth\\auth.controller.js:40:3","timestamp":"2026-02-05T10:56:01.636Z"}
{"level":"error","message":"Error: OTP expired or not found\n    at Object.verifyOtp (C:\\Abhishek\\Workspace\\Virtual Instructor\\AthenaVI_backend\\src\\modules\\auth\\otp.service.js:54:11)\n    at process.processTicksAndRejections (node:internal/process/task_queues:105:5)\n    at async C:\\Abhishek\\Workspace\\Virtual Instructor\\AthenaVI_backend\\src\\modules\\auth\\auth.controller.js:40:3","timestamp":"2026-02-05T10:56:16.339Z"}
{"level":"error","message":"PrismaClientValidationError: \nInvalid `prisma.user.create()` invocation in\nC:\\Abhishek\\Workspace\\Virtual Instructor\\AthenaVI_backend\\src\\modules\\auth\\auth.dao.js:5:30\n\n  2 \n  3 // create\n  4 const createUser = async(data)=>{\n→ 5     return await prisma.user.create({\n          data: {\n            name: \"Abhishek\",\n            email: \"abhisheksaxena9525@gmail.com\",\n            hashedPassword: \"$2b$10$25Br45oUY99KjtaURC6feOgapsW3pRI3SXIty4LF/VV24BsaiFU.S\",\n            ~~~~~~~~~~~~~~\n        ?   id?: String,\n        ?   password?: String | Null,\n        ?   image?: String | Null,\n        ?   emailVerified?: DateTime | Null,\n        ?   createdAt?: DateTime,\n        ?   updatedAt?: DateTime,\n        ?   accounts?: AccountCreateNestedManyWithoutUserInput,\n        ?   sessions?: SessionCreateNestedManyWithoutUserInput\n          },\n          select: {\n            name: true,\n            email: true\n          }\n        })\n\nUnknown argument `hashedPassword`. Available options are marked with ?.\n    at tr (C:\\Abhishek\\Workspace\\Virtual Instructor\\AthenaVI_backend\\node_modules\\@prisma\\client\\runtime\\client.js:10:1379)\n    at qr.handleRequestError (C:\\Abhishek\\Workspace\\Virtual Instructor\\AthenaVI_backend\\node_modules\\@prisma\\client\\runtime\\client.js:65:7815)\n    at qr.handleAndLogRequestError (C:\\Abhishek\\Workspace\\Virtual Instructor\\AthenaVI_backend\\node_modules\\@prisma\\client\\runtime\\client.js:65:7467)\n    at qr.request (C:\\Abhishek\\Workspace\\Virtual Instructor\\AthenaVI_backend\\node_modules\\@prisma\\client\\runtime\\client.js:65:7174)\n    at async a (C:\\Abhishek\\Workspace\\Virtual Instructor\\AthenaVI_backend\\node_modules\\@prisma\\client\\runtime\\client.js:75:5816)\n    at async Object.createUser (C:\\Abhishek\\Workspace\\Virtual Instructor\\AthenaVI_backend\\src\\modules\\auth\\auth.dao.js:5:12)\n    at async C:\\Abhishek\\Workspace\\Virtual Instructor\\AthenaVI_backend\\src\\modules\\auth\\auth.controller.js:53:16","timestamp":"2026-02-05T10:58:23.816Z"}
{"level":"info","message":"Server running bHYon port 9000","timestamp":"2026-02-05T10:58:44.890Z"}
{"level":"error","message":"Error: OTP expired or not found\n    at Object.verifyOtp (C:\\Abhishek\\Workspace\\Virtual Instructor\\AthenaVI_backend\\src\\modules\\auth\\otp.service.js:54:11)\n    at process.processTicksAndRejections (node:internal/process/task_queues:105:5)\n    at async C:\\Abhishek\\Workspace\\Virtual Instructor\\AthenaVI_backend\\src\\modules\\auth\\auth.controller.js:40:3","timestamp":"2026-02-05T10:58:49.944Z"}
{"level":"error","message":"Error: OTP expired or not found\n    at Object.verifyOtp (C:\\Abhishek\\Workspace\\Virtual Instructor\\AthenaVI_backend\\src\\modules\\auth\\otp.service.js:54:11)\n    at process.processTicksAndRejections (node:internal/process/task_queues:105:5)\n    at async C:\\Abhishek\\Workspace\\Virtual Instructor\\AthenaVI_backend\\src\\modules\\auth\\auth.controller.js:40:3","timestamp":"2026-02-05T10:59:00.436Z"}
{"level":"info","message":"Server running bHYon port 9000","timestamp":"2026-02-05T11:00:27.024Z"}
{"level":"error","message":"Error: OTP expired or not found\n    at Object.verifyOtp (C:\\Abhishek\\Workspace\\Virtual Instructor\\AthenaVI_backend\\src\\modules\\auth\\otp.service.js:54:11)\n    at process.processTicksAndRejections (node:internal/process/task_queues:105:5)\n    at async C:\\Abhishek\\Workspace\\Virtual Instructor\\AthenaVI_backend\\src\\modules\\auth\\auth.controller.js:40:3","timestamp":"2026-02-05T11:00:41.803Z"}
{"level":"info","message":"Server running bHYon port 9000","timestamp":"2026-02-05T11:01:45.632Z"}
{"level":"info","message":"Server running bHYon port 9000","timestamp":"2026-02-05T11:01:47.678Z"}
{"level":"info","message":"Server running bHYon port 9000","timestamp":"2026-02-05T11:01:50.353Z"}
{"level":"error","message":"Error: OTP expired or not found\n    at Object.verifyOtp (C:\\Abhishek\\Workspace\\Virtual Instructor\\AthenaVI_backend\\src\\modules\\auth\\otp.service.js:56:11)\n    at process.processTicksAndRejections (node:internal/process/task_queues:105:5)\n    at async C:\\Abhishek\\Workspace\\Virtual Instructor\\AthenaVI_backend\\src\\modules\\auth\\auth.controller.js:40:3","timestamp":"2026-02-05T11:01:57.486Z"}
{"level":"error","message":"PrismaClientValidationError: \nInvalid `prisma.user.create()` invocation in\nC:\\Abhishek\\Workspace\\Virtual Instructor\\AthenaVI_backend\\src\\modules\\auth\\auth.dao.js:5:30\n\n  2 \n  3 // create\n  4 const createUser = async(data)=>{\n→ 5     return await prisma.user.create({\n          data: {\n            name: \"Abhishek\",\n            email: \"abhisheksaxena9525@gmail.com\",\n            hashedPassword: \"$2b$10$47B5NycyG81V5fLgS5lgDOFpKzNiluyttGhDC8em.Zaf/84s67pwC\",\n            ~~~~~~~~~~~~~~\n        ?   id?: String,\n        ?   password?: String | Null,\n        ?   image?: String | Null,\n        ?   emailVerified?: DateTime | Null,\n        ?   createdAt?: DateTime,\n        ?   updatedAt?: DateTime,\n        ?   accounts?: AccountCreateNestedManyWithoutUserInput,\n        ?   sessions?: SessionCreateNestedManyWithoutUserInput\n          },\n          select: {\n            name: true,\n            email: true\n          }\n        })\n\nUnknown argument `hashedPassword`. Available options are marked with ?.\n    at tr (C:\\Abhishek\\Workspace\\Virtual Instructor\\AthenaVI_backend\\node_modules\\@prisma\\client\\runtime\\client.js:10:1379)\n    at qr.handleRequestError (C:\\Abhishek\\Workspace\\Virtual Instructor\\AthenaVI_backend\\node_modules\\@prisma\\client\\runtime\\client.js:65:7815)\n    at qr.handleAndLogRequestError (C:\\Abhishek\\Workspace\\Virtual Instructor\\AthenaVI_backend\\node_modules\\@prisma\\client\\runtime\\client.js:65:7467)\n    at qr.request (C:\\Abhishek\\Workspace\\Virtual Instructor\\AthenaVI_backend\\node_modules\\@prisma\\client\\runtime\\client.js:65:7174)\n    at async a (C:\\Abhishek\\Workspace\\Virtual Instructor\\AthenaVI_backend\\node_modules\\@prisma\\client\\runtime\\client.js:75:5816)\n    at async Object.createUser (C:\\Abhishek\\Workspace\\Virtual Instructor\\AthenaVI_backend\\src\\modules\\auth\\auth.dao.js:5:12)\n    at async C:\\Abhishek\\Workspace\\Virtual Instructor\\AthenaVI_backend\\src\\modules\\auth\\auth.controller.js:53:16","timestamp":"2026-02-05T11:03:38.506Z"}
{"level":"info","message":"Server running bHYon port 9000","timestamp":"2026-02-05T11:04:39.804Z"}
{"level":"info","message":"Server running bHYon port 9000","timestamp":"2026-02-05T11:06:23.122Z"}
{"level":"info","message":"Server running bHYon port 9000","timestamp":"2026-02-05T11:07:40.435Z"}
{"level":"error","message":"Error: OTP expired or not found\n    at Object.verifyOtp (C:\\Abhishek\\Workspace\\Virtual Instructor\\AthenaVI_backend\\src\\modules\\auth\\otp.service.js:56:11)\n    at process.processTicksAndRejections (node:internal/process/task_queues:105:5)\n    at async C:\\Abhishek\\Workspace\\Virtual Instructor\\AthenaVI_backend\\src\\modules\\auth\\auth.controller.js:40:3","timestamp":"2026-02-05T11:46:11.337Z"}
{"level":"info","message":"Server running bHYon port 9000","timestamp":"2026-02-05T11:46:48.937Z"}
{"level":"info","message":"Server running bHYon port 9000","timestamp":"2026-02-05T11:46:50.928Z"}
{"level":"error","message":"Error: OTP expired or not found\n    at Object.verifyOtp (C:\\Abhishek\\Workspace\\Virtual Instructor\\AthenaVI_backend\\src\\modules\\auth\\otp.service.js:56:11)\n    at process.processTicksAndRejections (node:internal/process/task_queues:105:5)\n    at async C:\\Abhishek\\Workspace\\Virtual Instructor\\AthenaVI_backend\\src\\modules\\auth\\auth.controller.js:40:3","timestamp":"2026-02-05T11:46:56.135Z"}
{"level":"info","message":"Server running bHYon port 9000","timestamp":"2026-02-06T04:40:12.194Z"}
{"level":"info","message":"Server running bHYon port 9000","timestamp":"2026-02-06T04:40:19.863Z"}
{"level":"info","message":"Server running bHYon port 9000","timestamp":"2026-02-06T04:40:25.902Z"}
{"level":"info","message":"Server running bHYon port 9000","timestamp":"2026-02-06T04:41:46.120Z"}
{"level":"info","message":"Server running bHYon port 9000","timestamp":"2026-02-06T04:41:54.592Z"}
{"level":"info","message":"Server running bHYon port 9000","timestamp":"2026-02-06T04:41:57.276Z"}
{"level":"info","message":"Server running bHYon port 9000","timestamp":"2026-02-06T04:42:03.324Z"}
{"level":"info","message":"Server running bHYon port 9000","timestamp":"2026-02-06T04:42:07.493Z"}
{"level":"info","message":"Server running bHYon port 9000","timestamp":"2026-02-06T04:42:14.042Z"}
{"level":"info","message":"Server running bHYon port 9000","timestamp":"2026-02-06T04:43:50.058Z"}
{"level":"info","message":"Server running bHYon port 9000","timestamp":"2026-02-06T04:43:55.419Z"}
{"level":"info","message":"Server running bHYon port 9000","timestamp":"2026-02-06T04:44:27.461Z"}
{"level":"info","message":"Server running bHYon port 9000","timestamp":"2026-02-06T04:44:31.222Z"}
{"level":"info","message":"Server running bHYon port 9000","timestamp":"2026-02-06T04:44:34.517Z"}
{"level":"info","message":"Server running bHYon port 9000","timestamp":"2026-02-06T04:44:47.510Z"}
{"level":"info","message":"Server running bHYon port 9000","timestamp":"2026-02-06T04:44:49.724Z"}
{"level":"info","message":"Server running bHYon port 9000","timestamp":"2026-02-06T04:45:31.724Z"}
{"level":"info","message":"Server running bHYon port 9000","timestamp":"2026-02-06T04:45:34.094Z"}
{"level":"info","message":"Server running bHYon port 9000","timestamp":"2026-02-06T04:45:52.033Z"}
{"level":"info","message":"Server running bHYon port 9000","timestamp":"2026-02-06T04:46:03.410Z"}
{"level":"info","message":"Server running bHYon port 9000","timestamp":"2026-02-06T04:46:11.046Z"}
{"level":"info","message":"Server running bHYon port 9000","timestamp":"2026-02-06T04:46:51.508Z"}
{"level":"info","message":"Server running bHYon port 9000","timestamp":"2026-02-06T04:47:07.905Z"}
{"level":"info","message":"Server running bHYon port 9000","timestamp":"2026-02-06T04:47:18.951Z"}
{"level":"info","message":"Server running bHYon port 9000","timestamp":"2026-02-06T04:52:09.000Z"}
{"level":"info","message":"Server running bHYon port 9000","timestamp":"2026-02-06T05:03:00.659Z"}
{"level":"error","message":"Error: Please wait before requesting OTP again\n    at Object.acquireOtpLock (C:\\Abhishek\\Workspace\\Virtual Instructor\\AthenaVI_backend\\src\\modules\\auth\\otp.service.js:23:11)\n    at process.processTicksAndRejections (node:internal/process/task_queues:105:5)\n    at async C:\\Abhishek\\Workspace\\Virtual Instructor\\AthenaVI_backend\\src\\modules\\auth\\auth.controller.js:22:3","timestamp":"2026-02-06T05:03:34.033Z"}
{"level":"error","message":"Error: Please wait before requesting OTP again\n    at Object.acquireOtpLock (C:\\Abhishek\\Workspace\\Virtual Instructor\\AthenaVI_backend\\src\\modules\\auth\\otp.service.js:23:11)\n    at process.processTicksAndRejections (node:internal/process/task_queues:105:5)\n    at async C:\\Abhishek\\Workspace\\Virtual Instructor\\AthenaVI_backend\\src\\modules\\auth\\auth.controller.js:22:3","timestamp":"2026-02-06T05:03:36.404Z"}
{"level":"error","message":"Error: Please wait before requesting OTP again\n    at Object.acquireOtpLock (C:\\Abhishek\\Workspace\\Virtual Instructor\\AthenaVI_backend\\src\\modules\\auth\\otp.service.js:23:11)\n    at process.processTicksAndRejections (node:internal/process/task_queues:105:5)\n    at async C:\\Abhishek\\Workspace\\Virtual Instructor\\AthenaVI_backend\\src\\modules\\auth\\auth.controller.js:22:3","timestamp":"2026-02-06T05:03:38.394Z"}
{"level":"error","message":"Error: Please wait before requesting OTP again\n    at Object.acquireOtpLock (C:\\Abhishek\\Workspace\\Virtual Instructor\\AthenaVI_backend\\src\\modules\\auth\\otp.service.js:23:11)\n    at process.processTicksAndRejections (node:internal/process/task_queues:105:5)\n    at async C:\\Abhishek\\Workspace\\Virtual Instructor\\AthenaVI_backend\\src\\modules\\auth\\auth.controller.js:22:3","timestamp":"2026-02-06T05:03:40.382Z"}
{"level":"error","message":"Error: Please wait before requesting OTP again\n    at Object.acquireOtpLock (C:\\Abhishek\\Workspace\\Virtual Instructor\\AthenaVI_backend\\src\\modules\\auth\\otp.service.js:23:11)\n    at process.processTicksAndRejections (node:internal/process/task_queues:105:5)\n    at async C:\\Abhishek\\Workspace\\Virtual Instructor\\AthenaVI_backend\\src\\modules\\auth\\auth.controller.js:22:3","timestamp":"2026-02-06T05:03:42.427Z"}
{"level":"error","message":"Error: Please wait before requesting OTP again\n    at Object.acquireOtpLock (C:\\Abhishek\\Workspace\\Virtual Instructor\\AthenaVI_backend\\src\\modules\\auth\\otp.service.js:23:11)\n    at process.processTicksAndRejections (node:internal/process/task_queues:105:5)\n    at async C:\\Abhishek\\Workspace\\Virtual Instructor\\AthenaVI_backend\\src\\modules\\auth\\auth.controller.js:22:3","timestamp":"2026-02-06T05:03:44.476Z"}
{"level":"error","message":"Error: Please wait before requesting OTP again\n    at Object.acquireOtpLock (C:\\Abhishek\\Workspace\\Virtual Instructor\\AthenaVI_backend\\src\\modules\\auth\\otp.service.js:23:11)\n    at process.processTicksAndRejections (node:internal/process/task_queues:105:5)\n    at async C:\\Abhishek\\Workspace\\Virtual Instructor\\AthenaVI_backend\\src\\modules\\auth\\auth.controller.js:22:3","timestamp":"2026-02-06T05:03:55.843Z"}
{"level":"error","message":"Error: Please wait before requesting OTP again\n    at Object.acquireOtpLock (C:\\Abhishek\\Workspace\\Virtual Instructor\\AthenaVI_backend\\src\\modules\\auth\\otp.service.js:23:11)\n    at process.processTicksAndRejections (node:internal/process/task_queues:105:5)\n    at async C:\\Abhishek\\Workspace\\Virtual Instructor\\AthenaVI_backend\\src\\modules\\auth\\auth.controller.js:22:3","timestamp":"2026-02-06T05:03:57.992Z"}
{"level":"error","message":"Error: Please wait before requesting OTP again\n    at Object.acquireOtpLock (C:\\Abhishek\\Workspace\\Virtual Instructor\\AthenaVI_backend\\src\\modules\\auth\\otp.service.js:23:11)\n    at process.processTicksAndRejections (node:internal/process/task_queues:105:5)\n    at async C:\\Abhishek\\Workspace\\Virtual Instructor\\AthenaVI_backend\\src\\modules\\auth\\auth.controller.js:22:3","timestamp":"2026-02-06T05:03:59.776Z"}
{"level":"error","message":"Error: Please wait before requesting OTP again\n    at Object.acquireOtpLock (C:\\Abhishek\\Workspace\\Virtual Instructor\\AthenaVI_backend\\src\\modules\\auth\\otp.service.js:23:11)\n    at process.processTicksAndRejections (node:internal/process/task_queues:105:5)\n    at async C:\\Abhishek\\Workspace\\Virtual Instructor\\AthenaVI_backend\\src\\modules\\auth\\auth.controller.js:22:3","timestamp":"2026-02-06T05:04:01.492Z"}
{"level":"error","message":"Error: Please wait before requesting OTP again\n    at Object.acquireOtpLock (C:\\Abhishek\\Workspace\\Virtual Instructor\\AthenaVI_backend\\src\\modules\\auth\\otp.service.js:23:11)\n    at process.processTicksAndRejections (node:internal/process/task_queues:105:5)\n    at async C:\\Abhishek\\Workspace\\Virtual Instructor\\AthenaVI_backend\\src\\modules\\auth\\auth.controller.js:22:3","timestamp":"2026-02-06T05:04:06.192Z"}
{"level":"error","message":"Error: Please wait before requesting OTP again\n    at Object.acquireOtpLock (C:\\Abhishek\\Workspace\\Virtual Instructor\\AthenaVI_backend\\src\\modules\\auth\\otp.service.js:23:11)\n    at process.processTicksAndRejections (node:internal/process/task_queues:105:5)\n    at async C:\\Abhishek\\Workspace\\Virtual Instructor\\AthenaVI_backend\\src\\modules\\auth\\auth.controller.js:22:3","timestamp":"2026-02-06T05:04:07.841Z"}
{"level":"error","message":"Error: Please wait before requesting OTP again\n    at Object.acquireOtpLock (C:\\Abhishek\\Workspace\\Virtual Instructor\\AthenaVI_backend\\src\\modules\\auth\\otp.service.js:23:11)\n    at process.processTicksAndRejections (node:internal/process/task_queues:105:5)\n    at async C:\\Abhishek\\Workspace\\Virtual Instructor\\AthenaVI_backend\\src\\modules\\auth\\auth.controller.js:22:3","timestamp":"2026-02-06T05:04:09.168Z"}
{"level":"error","message":"Error: Please wait before requesting OTP again\n    at Object.acquireOtpLock (C:\\Abhishek\\Workspace\\Virtual Instructor\\AthenaVI_backend\\src\\modules\\auth\\otp.service.js:23:11)\n    at process.processTicksAndRejections (node:internal/process/task_queues:105:5)\n    at async C:\\Abhishek\\Workspace\\Virtual Instructor\\AthenaVI_backend\\src\\modules\\auth\\auth.controller.js:22:3","timestamp":"2026-02-06T05:04:10.807Z"}
{"level":"error","message":"Error: Please wait before requesting OTP again\n    at Object.acquireOtpLock (C:\\Abhishek\\Workspace\\Virtual Instructor\\AthenaVI_backend\\src\\modules\\auth\\otp.service.js:23:11)\n    at process.processTicksAndRejections (node:internal/process/task_queues:105:5)\n    at async C:\\Abhishek\\Workspace\\Virtual Instructor\\AthenaVI_backend\\src\\modules\\auth\\auth.controller.js:22:3","timestamp":"2026-02-06T05:04:12.358Z"}
{"level":"error","message":"Error: Please wait before requesting OTP again\n    at Object.acquireOtpLock (C:\\Abhishek\\Workspace\\Virtual Instructor\\AthenaVI_backend\\src\\modules\\auth\\otp.service.js:23:11)\n    at process.processTicksAndRejections (node:internal/process/task_queues:105:5)\n    at async C:\\Abhishek\\Workspace\\Virtual Instructor\\AthenaVI_backend\\src\\modules\\auth\\auth.controller.js:22:3","timestamp":"2026-02-06T05:04:13.867Z"}
{"level":"error","message":"Error: Please wait before requesting OTP again\n    at Object.acquireOtpLock (C:\\Abhishek\\Workspace\\Virtual Instructor\\AthenaVI_backend\\src\\modules\\auth\\otp.service.js:23:11)\n    at process.processTicksAndRejections (node:internal/process/task_queues:105:5)\n    at async C:\\Abhishek\\Workspace\\Virtual Instructor\\AthenaVI_backend\\src\\modules\\auth\\auth.controller.js:22:3","timestamp":"2026-02-06T05:04:15.734Z"}
{"level":"error","message":"Error: OTP expired or not found\n    at Object.verifyOtp (C:\\Abhishek\\Workspace\\Virtual Instructor\\AthenaVI_backend\\src\\modules\\auth\\otp.service.js:56:11)\n    at process.processTicksAndRejections (node:internal/process/task_queues:105:5)\n    at async C:\\Abhishek\\Workspace\\Virtual Instructor\\AthenaVI_backend\\src\\modules\\auth\\auth.controller.js:40:3","timestamp":"2026-02-06T05:04:41.617Z"}
{"level":"error","message":"Error: Email already registered\n    at C:\\Abhishek\\Workspace\\Virtual Instructor\\AthenaVI_backend\\src\\modules\\auth\\auth.controller.js:45:11\n    at process.processTicksAndRejections (node:internal/process/task_queues:105:5)","timestamp":"2026-02-06T05:04:49.610Z"}
{"level":"error","message":"Error: Please wait before requesting OTP again\n    at Object.acquireOtpLock (C:\\Abhishek\\Workspace\\Virtual Instructor\\AthenaVI_backend\\src\\modules\\auth\\otp.service.js:23:11)\n    at process.processTicksAndRejections (node:internal/process/task_queues:105:5)\n    at async C:\\Abhishek\\Workspace\\Virtual Instructor\\AthenaVI_backend\\src\\modules\\auth\\auth.controller.js:22:3","timestamp":"2026-02-06T05:05:13.331Z"}
{"level":"info","message":"Server running bHYon port 9000","timestamp":"2026-02-07T07:20:41.992Z"}
{"level":"error","message":"Error: Please wait before requesting OTP again\n    at Object.acquireOtpLock (C:\\Abhishek\\Workspace\\Virtual Instructor\\AthenaVI_backend\\src\\modules\\auth\\otp.service.js:23:11)\n    at process.processTicksAndRejections (node:internal/process/task_queues:105:5)\n    at async C:\\Abhishek\\Workspace\\Virtual Instructor\\AthenaVI_backend\\src\\modules\\auth\\auth.controller.js:24:3","timestamp":"2026-02-07T07:22:42.787Z"}
{"level":"error","message":"Error: Please wait before requesting OTP again\n    at Object.acquireOtpLock (C:\\Abhishek\\Workspace\\Virtual Instructor\\AthenaVI_backend\\src\\modules\\auth\\otp.service.js:23:11)\n    at process.processTicksAndRejections (node:internal/process/task_queues:105:5)\n    at async C:\\Abhishek\\Workspace\\Virtual Instructor\\AthenaVI_backend\\src\\modules\\auth\\auth.controller.js:97:3","timestamp":"2026-02-07T07:22:50.261Z"}
{"level":"error","message":"Error: Please wait before requesting OTP again\n    at Object.acquireOtpLock (C:\\Abhishek\\Workspace\\Virtual Instructor\\AthenaVI_backend\\src\\modules\\auth\\otp.service.js:23:11)\n    at process.processTicksAndRejections (node:internal/process/task_queues:105:5)\n    at async C:\\Abhishek\\Workspace\\Virtual Instructor\\AthenaVI_backend\\src\\modules\\auth\\auth.controller.js:97:3","timestamp":"2026-02-07T07:23:26.503Z"}
{"level":"info","message":"Server running bHYon port 9000","timestamp":"2026-02-07T07:27:26.440Z"}
{"level":"info","message":"Server running bHYon port 9000","timestamp":"2026-02-07T07:27:30.856Z"}
{"level":"info","message":"Server running bHYon port 9000","timestamp":"2026-02-07T07:27:32.891Z"}
{"level":"info","message":"Server running bHYon port 9000","timestamp":"2026-02-07T07:27:37.143Z"}
{"level":"info","message":"Server running bHYon port 9000","timestamp":"2026-02-07T07:27:49.825Z"}
{"level":"info","message":"Server running bHYon port 9000","timestamp":"2026-02-07T07:27:55.782Z"}
{"level":"info","message":"Server running bHYon port 9000","timestamp":"2026-02-07T07:28:15.449Z"}
{"level":"info","message":"Server running bHYon port 9000","timestamp":"2026-02-07T07:28:20.940Z"}
{"level":"info","message":"Server running bHYon port 9000","timestamp":"2026-02-07T07:28:24.473Z"}
{"level":"info","message":"Server running bHYon port 9000","timestamp":"2026-02-07T07:28:29.698Z"}
{"level":"error","message":"TypeError: redisClient.set is not a function\n    at createSession (C:\\Abhishek\\Workspace\\Virtual Instructor\\AthenaVI_backend\\src\\modules\\sessions\\session.service.js:9:21)\n    at C:\\Abhishek\\Workspace\\Virtual Instructor\\AthenaVI_backend\\src\\modules\\auth\\auth.controller.js:65:27\n    at process.processTicksAndRejections (node:internal/process/task_queues:105:5)","timestamp":"2026-02-07T07:29:41.290Z"}
{"level":"info","message":"Server running bHYon port 9000","timestamp":"2026-02-07T07:30:26.998Z"}
{"level":"error","message":"Error: OTP expired or not found\n    at Object.verifyOtp (C:\\Abhishek\\Workspace\\Virtual Instructor\\AthenaVI_backend\\src\\modules\\auth\\otp.service.js:56:11)\n    at process.processTicksAndRejections (node:internal/process/task_queues:105:5)\n    at async C:\\Abhishek\\Workspace\\Virtual Instructor\\AthenaVI_backend\\src\\modules\\auth\\auth.controller.js:44:3","timestamp":"2026-02-07T07:30:30.001Z"}
{"level":"error","message":"Error: Email already registered\n    at C:\\Abhishek\\Workspace\\Virtual Instructor\\AthenaVI_backend\\src\\modules\\auth\\auth.controller.js:49:11\n    at process.processTicksAndRejections (node:internal/process/task_queues:105:5)","timestamp":"2026-02-07T07:31:24.212Z"}
{"level":"error","message":"Error: secretOrPrivateKey must have a value\n    at module.exports [as sign] (C:\\Abhishek\\Workspace\\Virtual Instructor\\AthenaVI_backend\\node_modules\\jsonwebtoken\\sign.js:111:20)\n    at signAccessToken (C:\\Abhishek\\Workspace\\Virtual Instructor\\AthenaVI_backend\\src\\shared\\utils\\jwt.js:4:14)\n    at C:\\Abhishek\\Workspace\\Virtual Instructor\\AthenaVI_backend\\src\\modules\\auth\\auth.controller.js:74:23\n    at process.processTicksAndRejections (node:internal/process/task_queues:105:5)","timestamp":"2026-02-07T07:33:04.757Z"}
{"level":"error","message":"Error: secretOrPrivateKey must have a value\n    at module.exports [as sign] (C:\\Abhishek\\Workspace\\Virtual Instructor\\AthenaVI_backend\\node_modules\\jsonwebtoken\\sign.js:111:20)\n    at signAccessToken (C:\\Abhishek\\Workspace\\Virtual Instructor\\AthenaVI_backend\\src\\shared\\utils\\jwt.js:4:14)\n    at C:\\Abhishek\\Workspace\\Virtual Instructor\\AthenaVI_backend\\src\\modules\\auth\\auth.controller.js:74:23\n    at process.processTicksAndRejections (node:internal/process/task_queues:105:5)","timestamp":"2026-02-07T07:35:43.546Z"}
{"level":"info","message":"Server running bHYon port 9000","timestamp":"2026-02-07T07:35:56.734Z"}
{"level":"info","message":"Server running bHYon port 9000","timestamp":"2026-02-07T08:26:32.994Z"}
{"level":"info","message":"Server running bHYon port 9000","timestamp":"2026-02-11T07:19:23.070Z"}
{"level":"info","message":"Server running bHYon port 9000","timestamp":"2026-02-11T07:20:26.192Z"}
{"level":"info","message":"Server running bHYon port 9000","timestamp":"2026-02-11T07:22:21.349Z"}
{"level":"info","message":"Server running bHYon port 9000","timestamp":"2026-02-11T07:22:41.619Z"}
{"level":"info","message":"Server running bHYon port 9000","timestamp":"2026-02-11T07:23:37.306Z"}
{"level":"info","message":"Server running bHYon port 9000","timestamp":"2026-02-11T07:25:45.778Z"}
{"level":"info","message":"Server running bHYon port 9000","timestamp":"2026-02-11T08:40:44.486Z"}
{"level":"info","message":"Server running bHYon port 9000","timestamp":"2026-02-11T08:54:41.692Z"}
{"level":"info","message":"Server running bHYon port 9000","timestamp":"2026-02-11T11:06:59.926Z"}
{"level":"info","message":"Server running bHYon port 9000","timestamp":"2026-02-11T11:07:48.071Z"}
{"level":"error","message":"Error: Unauthorized\n    at C:\\Abhishek\\Workspace\\Virtual Instructor\\AthenaVI_backend\\src\\middlewares\\auth.middlware.js:11:11\n    at C:\\Abhishek\\Workspace\\Virtual Instructor\\AthenaVI_backend\\src\\shared\\utils\\asyncHandler.js:2:19\n    at Layer.handleRequest (C:\\Abhishek\\Workspace\\Virtual Instructor\\AthenaVI_backend\\node_modules\\router\\lib\\layer.js:152:17)\n    at next (C:\\Abhishek\\Workspace\\Virtual Instructor\\AthenaVI_backend\\node_modules\\router\\lib\\route.js:157:13)\n    at Route.dispatch (C:\\Abhishek\\Workspace\\Virtual Instructor\\AthenaVI_backend\\node_modules\\router\\lib\\route.js:117:3)\n    at handle (C:\\Abhishek\\Workspace\\Virtual Instructor\\AthenaVI_backend\\node_modules\\router\\index.js:435:11)\n    at Layer.handleRequest (C:\\Abhishek\\Workspace\\Virtual Instructor\\AthenaVI_backend\\node_modules\\router\\lib\\layer.js:152:17)\n    at C:\\Abhishek\\Workspace\\Virtual Instructor\\AthenaVI_backend\\node_modules\\router\\index.js:295:15\n    at processParams (C:\\Abhishek\\Workspace\\Virtual Instructor\\AthenaVI_backend\\node_modules\\router\\index.js:582:12)\n    at next (C:\\Abhishek\\Workspace\\Virtual Instructor\\AthenaVI_backend\\node_modules\\router\\index.js:291:5)","timestamp":"2026-02-11T11:14:52.263Z"}
{"level":"error","message":"Error: Unauthorized\n    at C:\\Abhishek\\Workspace\\Virtual Instructor\\AthenaVI_backend\\src\\middlewares\\auth.middlware.js:11:11\n    at C:\\Abhishek\\Workspace\\Virtual Instructor\\AthenaVI_backend\\src\\shared\\utils\\asyncHandler.js:2:19\n    at Layer.handleRequest (C:\\Abhishek\\Workspace\\Virtual Instructor\\AthenaVI_backend\\node_modules\\router\\lib\\layer.js:152:17)\n    at next (C:\\Abhishek\\Workspace\\Virtual Instructor\\AthenaVI_backend\\node_modules\\router\\lib\\route.js:157:13)\n    at Route.dispatch (C:\\Abhishek\\Workspace\\Virtual Instructor\\AthenaVI_backend\\node_modules\\router\\lib\\route.js:117:3)\n    at handle (C:\\Abhishek\\Workspace\\Virtual Instructor\\AthenaVI_backend\\node_modules\\router\\index.js:435:11)\n    at Layer.handleRequest (C:\\Abhishek\\Workspace\\Virtual Instructor\\AthenaVI_backend\\node_modules\\router\\lib\\layer.js:152:17)\n    at C:\\Abhishek\\Workspace\\Virtual Instructor\\AthenaVI_backend\\node_modules\\router\\index.js:295:15\n    at processParams (C:\\Abhishek\\Workspace\\Virtual Instructor\\AthenaVI_backend\\node_modules\\router\\index.js:582:12)\n    at next (C:\\Abhishek\\Workspace\\Virtual Instructor\\AthenaVI_backend\\node_modules\\router\\index.js:291:5)","timestamp":"2026-02-11T11:16:38.051Z"}
{"level":"error","message":"Error: Unauthorized\n    at C:\\Abhishek\\Workspace\\Virtual Instructor\\AthenaVI_backend\\src\\middlewares\\auth.middlware.js:11:11\n    at C:\\Abhishek\\Workspace\\Virtual Instructor\\AthenaVI_backend\\src\\shared\\utils\\asyncHandler.js:2:19\n    at Layer.handleRequest (C:\\Abhishek\\Workspace\\Virtual Instructor\\AthenaVI_backend\\node_modules\\router\\lib\\layer.js:152:17)\n    at next (C:\\Abhishek\\Workspace\\Virtual Instructor\\AthenaVI_backend\\node_modules\\router\\lib\\route.js:157:13)\n    at Route.dispatch (C:\\Abhishek\\Workspace\\Virtual Instructor\\AthenaVI_backend\\node_modules\\router\\lib\\route.js:117:3)\n    at handle (C:\\Abhishek\\Workspace\\Virtual Instructor\\AthenaVI_backend\\node_modules\\router\\index.js:435:11)\n    at Layer.handleRequest (C:\\Abhishek\\Workspace\\Virtual Instructor\\AthenaVI_backend\\node_modules\\router\\lib\\layer.js:152:17)\n    at C:\\Abhishek\\Workspace\\Virtual Instructor\\AthenaVI_backend\\node_modules\\router\\index.js:295:15\n    at processParams (C:\\Abhishek\\Workspace\\Virtual Instructor\\AthenaVI_backend\\node_modules\\router\\index.js:582:12)\n    at next (C:\\Abhishek\\Workspace\\Virtual Instructor\\AthenaVI_backend\\node_modules\\router\\index.js:291:5)","timestamp":"2026-02-11T11:18:27.706Z"}
{"level":"error","message":"Error: data and hash arguments required\n    at Object.compare (C:\\Abhishek\\Workspace\\Virtual Instructor\\AthenaVI_backend\\node_modules\\bcrypt\\bcrypt.js:204:17)\n    at C:\\Abhishek\\Workspace\\Virtual Instructor\\AthenaVI_backend\\node_modules\\bcrypt\\promises.js:26:12\n    at new Promise (<anonymous>)\n    at Object.promise (C:\\Abhishek\\Workspace\\Virtual Instructor\\AthenaVI_backend\\node_modules\\bcrypt\\promises.js:17:12)\n    at Object.compare (C:\\Abhishek\\Workspace\\Virtual Instructor\\AthenaVI_backend\\node_modules\\bcrypt\\bcrypt.js:200:25)\n    at C:\\Abhishek\\Workspace\\Virtual Instructor\\AthenaVI_backend\\src\\modules\\auth\\auth.controller.js:126:32\n    at process.processTicksAndRejections (node:internal/process/task_queues:105:5)","timestamp":"2026-02-11T11:20:23.820Z"}
{"level":"error","message":"Error: data and hash arguments required\n    at Object.compare (C:\\Abhishek\\Workspace\\Virtual Instructor\\AthenaVI_backend\\node_modules\\bcrypt\\bcrypt.js:204:17)\n    at C:\\Abhishek\\Workspace\\Virtual Instructor\\AthenaVI_backend\\node_modules\\bcrypt\\promises.js:26:12\n    at new Promise (<anonymous>)\n    at Object.promise (C:\\Abhishek\\Workspace\\Virtual Instructor\\AthenaVI_backend\\node_modules\\bcrypt\\promises.js:17:12)\n    at Object.compare (C:\\Abhishek\\Workspace\\Virtual Instructor\\AthenaVI_backend\\node_modules\\bcrypt\\bcrypt.js:200:25)\n    at C:\\Abhishek\\Workspace\\Virtual Instructor\\AthenaVI_backend\\src\\modules\\auth\\auth.controller.js:126:32\n    at process.processTicksAndRejections (node:internal/process/task_queues:105:5)","timestamp":"2026-02-11T11:22:43.386Z"}
{"level":"info","message":"Server running bHYon port 9000","timestamp":"2026-02-11T11:23:10.220Z"}
{"level":"info","message":"Server running bHYon port 9000","timestamp":"2026-02-11T11:23:16.946Z"}
{"level":"info","message":"Server running bHYon port 9000","timestamp":"2026-02-11T11:23:23.367Z"}
{"level":"error","message":"Error: data and hash arguments required\n    at Object.compare (C:\\Abhishek\\Workspace\\Virtual Instructor\\AthenaVI_backend\\node_modules\\bcrypt\\bcrypt.js:204:17)\n    at C:\\Abhishek\\Workspace\\Virtual Instructor\\AthenaVI_backend\\node_modules\\bcrypt\\promises.js:26:12\n    at new Promise (<anonymous>)\n    at Object.promise (C:\\Abhishek\\Workspace\\Virtual Instructor\\AthenaVI_backend\\node_modules\\bcrypt\\promises.js:17:12)\n    at Object.compare (C:\\Abhishek\\Workspace\\Virtual Instructor\\AthenaVI_backend\\node_modules\\bcrypt\\bcrypt.js:200:25)\n    at C:\\Abhishek\\Workspace\\Virtual Instructor\\AthenaVI_backend\\src\\modules\\auth\\auth.controller.js:128:32\n    at process.processTicksAndRejections (node:internal/process/task_queues:105:5)","timestamp":"2026-02-11T11:23:27.501Z"}
{"level":"info","message":"Server running bHYon port 9000","timestamp":"2026-02-11T11:23:49.232Z"}
{"level":"error","message":"Error: data and hash arguments required\n    at Object.compare (C:\\Abhishek\\Workspace\\Virtual Instructor\\AthenaVI_backend\\node_modules\\bcrypt\\bcrypt.js:204:17)\n    at C:\\Abhishek\\Workspace\\Virtual Instructor\\AthenaVI_backend\\node_modules\\bcrypt\\promises.js:26:12\n    at new Promise (<anonymous>)\n    at Object.promise (C:\\Abhishek\\Workspace\\Virtual Instructor\\AthenaVI_backend\\node_modules\\bcrypt\\promises.js:17:12)\n    at Object.compare (C:\\Abhishek\\Workspace\\Virtual Instructor\\AthenaVI_backend\\node_modules\\bcrypt\\bcrypt.js:200:25)\n    at C:\\Abhishek\\Workspace\\Virtual Instructor\\AthenaVI_backend\\src\\modules\\auth\\auth.controller.js:126:32\n    at process.processTicksAndRejections (node:internal/process/task_queues:105:5)","timestamp":"2026-02-11T11:24:08.932Z"}
{"level":"error","message":"Error: data and hash arguments required\n    at Object.compare (C:\\Abhishek\\Workspace\\Virtual Instructor\\AthenaVI_backend\\node_modules\\bcrypt\\bcrypt.js:204:17)\n    at C:\\Abhishek\\Workspace\\Virtual Instructor\\AthenaVI_backend\\node_modules\\bcrypt\\promises.js:26:12\n    at new Promise (<anonymous>)\n    at Object.promise (C:\\Abhishek\\Workspace\\Virtual Instructor\\AthenaVI_backend\\node_modules\\bcrypt\\promises.js:17:12)\n    at Object.compare (C:\\Abhishek\\Workspace\\Virtual Instructor\\AthenaVI_backend\\node_modules\\bcrypt\\bcrypt.js:200:25)\n    at C:\\Abhishek\\Workspace\\Virtual Instructor\\AthenaVI_backend\\src\\modules\\auth\\auth.controller.js:126:32\n    at process.processTicksAndRejections (node:internal/process/task_queues:105:5)","timestamp":"2026-02-11T11:25:37.525Z"}
{"level":"info","message":"Server running bHYon port 9000","timestamp":"2026-02-11T11:30:17.176Z"}
{"level":"info","message":"Server running bHYon port 9000","timestamp":"2026-02-11T11:30:21.080Z"}
{"level":"info","message":"Server running bHYon port 9000","timestamp":"2026-02-11T11:31:20.113Z"}
{"level":"error","message":"Error: data and hash arguments required\n    at Object.compare (C:\\Abhishek\\Workspace\\Virtual Instructor\\AthenaVI_backend\\node_modules\\bcrypt\\bcrypt.js:204:17)\n    at C:\\Abhishek\\Workspace\\Virtual Instructor\\AthenaVI_backend\\node_modules\\bcrypt\\promises.js:26:12\n    at new Promise (<anonymous>)\n    at Object.promise (C:\\Abhishek\\Workspace\\Virtual Instructor\\AthenaVI_backend\\node_modules\\bcrypt\\promises.js:17:12)\n    at Object.compare (C:\\Abhishek\\Workspace\\Virtual Instructor\\AthenaVI_backend\\node_modules\\bcrypt\\bcrypt.js:200:25)\n    at C:\\Abhishek\\Workspace\\Virtual Instructor\\AthenaVI_backend\\src\\modules\\auth\\auth.controller.js:128:32\n    at process.processTicksAndRejections (node:internal/process/task_queues:105:5)","timestamp":"2026-02-11T11:33:01.985Z"}
{"level":"info","message":"Server running bHYon port 9000","timestamp":"2026-02-11T11:34:45.813Z"}
{"level":"error","message":"Error: data and hash arguments required\n    at Object.compare (C:\\Abhishek\\Workspace\\Virtual Instructor\\AthenaVI_backend\\node_modules\\bcrypt\\bcrypt.js:204:17)\n    at C:\\Abhishek\\Workspace\\Virtual Instructor\\AthenaVI_backend\\node_modules\\bcrypt\\promises.js:26:12\n    at new Promise (<anonymous>)\n    at Object.promise (C:\\Abhishek\\Workspace\\Virtual Instructor\\AthenaVI_backend\\node_modules\\bcrypt\\promises.js:17:12)\n    at Object.compare (C:\\Abhishek\\Workspace\\Virtual Instructor\\AthenaVI_backend\\node_modules\\bcrypt\\bcrypt.js:200:25)\n    at C:\\Abhishek\\Workspace\\Virtual Instructor\\AthenaVI_backend\\src\\modules\\auth\\auth.controller.js:129:32\n    at process.processTicksAndRejections (node:internal/process/task_queues:105:5)","timestamp":"2026-02-11T11:34:52.574Z"}
{"level":"info","message":"Server running bHYon port 9000","timestamp":"2026-02-11T11:36:15.422Z"}
{"level":"error","message":"Error: Session expired\n    at C:\\Abhishek\\Workspace\\Virtual Instructor\\AthenaVI_backend\\src\\middlewares\\auth.middlware.js:32:11\n    at process.processTicksAndRejections (node:internal/process/task_queues:105:5)","timestamp":"2026-02-11T11:38:14.866Z"}
{"level":"info","message":"Server running bHYon port 9000","timestamp":"2026-02-11T11:39:03.914Z"}
{"level":"info","message":"Server running bHYon port 9000","timestamp":"2026-02-11T11:39:09.974Z"}
{"level":"error","message":"Error: Session expired\n    at C:\\Abhishek\\Workspace\\Virtual Instructor\\AthenaVI_backend\\src\\middlewares\\auth.middlware.js:34:11\n    at process.processTicksAndRejections (node:internal/process/task_queues:105:5)","timestamp":"2026-02-11T11:39:16.856Z"}
{"level":"error","message":"Error: Token expired\n    at C:\\Abhishek\\Workspace\\Virtual Instructor\\AthenaVI_backend\\src\\middlewares\\auth.middlware.js:21:11\n    at C:\\Abhishek\\Workspace\\Virtual Instructor\\AthenaVI_backend\\src\\shared\\utils\\asyncHandler.js:2:19\n    at Layer.handleRequest (C:\\Abhishek\\Workspace\\Virtual Instructor\\AthenaVI_backend\\node_modules\\router\\lib\\layer.js:152:17)\n    at next (C:\\Abhishek\\Workspace\\Virtual Instructor\\AthenaVI_backend\\node_modules\\router\\lib\\route.js:157:13)\n    at Route.dispatch (C:\\Abhishek\\Workspace\\Virtual Instructor\\AthenaVI_backend\\node_modules\\router\\lib\\route.js:117:3)\n    at handle (C:\\Abhishek\\Workspace\\Virtual Instructor\\AthenaVI_backend\\node_modules\\router\\index.js:435:11)\n    at Layer.handleRequest (C:\\Abhishek\\Workspace\\Virtual Instructor\\AthenaVI_backend\\node_modules\\router\\lib\\layer.js:152:17)\n    at C:\\Abhishek\\Workspace\\Virtual Instructor\\AthenaVI_backend\\node_modules\\router\\index.js:295:15\n    at processParams (C:\\Abhishek\\Workspace\\Virtual Instructor\\AthenaVI_backend\\node_modules\\router\\index.js:582:12)\n    at next (C:\\Abhishek\\Workspace\\Virtual Instructor\\AthenaVI_backend\\node_modules\\router\\index.js:291:5)","timestamp":"2026-02-11T11:59:18.295Z"}
{"level":"info","message":"Server running bHYon port 9000","timestamp":"2026-02-11T12:00:00.681Z"}
{"level":"error","message":"Error: Session expired\n    at C:\\Abhishek\\Workspace\\Virtual Instructor\\AthenaVI_backend\\src\\middlewares\\auth.middlware.js:34:11\n    at process.processTicksAndRejections (node:internal/process/task_queues:105:5)","timestamp":"2026-02-11T12:00:34.814Z"}
{"level":"info","message":"Server running bHYon port 9000","timestamp":"2026-02-11T12:20:02.460Z"}
{"level":"error","message":"Error: Session expired\n    at C:\\Abhishek\\Workspace\\Virtual Instructor\\AthenaVI_backend\\src\\middlewares\\auth.middlware.js:34:11\n    at process.processTicksAndRejections (node:internal/process/task_queues:105:5)","timestamp":"2026-02-11T12:21:23.604Z"}
{"level":"info","message":"Server running bHYon port 9000","timestamp":"2026-02-11T12:22:16.241Z"}
{"level":"info","message":"Server running bHYon port 9000","timestamp":"2026-02-12T04:20:08.342Z"}
{"level":"info","message":"Server running bHYon port 9000","timestamp":"2026-02-12T04:20:32.288Z"}
{"level":"info","message":"Server running bHYon port 9000","timestamp":"2026-02-12T04:28:18.432Z"}
{"level":"info","message":"Server running bHYon port 9000","timestamp":"2026-02-12T04:58:18.686Z"}
{"level":"info","message":"Server running bHYon port 9000","timestamp":"2026-02-12T04:58:45.351Z"}
{"level":"info","message":"Server running bHYon port 9000","timestamp":"2026-02-12T05:27:34.127Z"}
{"level":"info","message":"Server running bHYon port 9000","timestamp":"2026-02-12T05:27:56.013Z"}
{"level":"info","message":"Server running bHYon port 9000","timestamp":"2026-02-12T05:28:39.987Z"}
{"level":"error","message":"PrismaClientKnownRequestError: \nInvalid `prisma.user.findFirst()` invocation in\nC:\\Abhishek\\Workspace\\Virtual Instructor\\AthenaVI_backend\\src\\modules\\auth\\auth.dao.js:25:34\n\n  22 \n  23 // read\n  24 const findUserByEmail = async (email) => {\n→ 25   const user = await prisma.user.findFirst(\nThe table `public.users` does not exist in the current database.\n    at qr.handleRequestError (C:\\Abhishek\\Workspace\\Virtual Instructor\\AthenaVI_backend\\node_modules\\@prisma\\client\\runtime\\client.js:65:8172)\n    at qr.handleAndLogRequestError (C:\\Abhishek\\Workspace\\Virtual Instructor\\AthenaVI_backend\\node_modules\\@prisma\\client\\runtime\\client.js:65:7467)\n    at qr.request (C:\\Abhishek\\Workspace\\Virtual Instructor\\AthenaVI_backend\\node_modules\\@prisma\\client\\runtime\\client.js:65:7174)\n    at process.processTicksAndRejections (node:internal/process/task_queues:105:5)\n    at async a (C:\\Abhishek\\Workspace\\Virtual Instructor\\AthenaVI_backend\\node_modules\\@prisma\\client\\runtime\\client.js:75:5816)\n    at async Object.findUserByEmail (C:\\Abhishek\\Workspace\\Virtual Instructor\\AthenaVI_backend\\src\\modules\\auth\\auth.dao.js:25:16)\n    at async C:\\Abhishek\\Workspace\\Virtual Instructor\\AthenaVI_backend\\src\\modules\\auth\\auth.controller.js:122:16","timestamp":"2026-02-12T05:29:33.420Z"}
{"level":"info","message":"Server running bHYon port 9000","timestamp":"2026-02-12T05:31:28.847Z"}
{"level":"error","message":"Error: Token expired\n    at C:\\Abhishek\\Workspace\\Virtual Instructor\\AthenaVI_backend\\src\\middlewares\\auth.middlware.js:21:11\n    at C:\\Abhishek\\Workspace\\Virtual Instructor\\AthenaVI_backend\\src\\shared\\utils\\asyncHandler.js:2:19\n    at Layer.handleRequest (C:\\Abhishek\\Workspace\\Virtual Instructor\\AthenaVI_backend\\node_modules\\router\\lib\\layer.js:152:17)\n    at next (C:\\Abhishek\\Workspace\\Virtual Instructor\\AthenaVI_backend\\node_modules\\router\\lib\\route.js:157:13)\n    at Route.dispatch (C:\\Abhishek\\Workspace\\Virtual Instructor\\AthenaVI_backend\\node_modules\\router\\lib\\route.js:117:3)\n    at handle (C:\\Abhishek\\Workspace\\Virtual Instructor\\AthenaVI_backend\\node_modules\\router\\index.js:435:11)\n    at Layer.handleRequest (C:\\Abhishek\\Workspace\\Virtual Instructor\\AthenaVI_backend\\node_modules\\router\\lib\\layer.js:152:17)\n    at C:\\Abhishek\\Workspace\\Virtual Instructor\\AthenaVI_backend\\node_modules\\router\\index.js:295:15\n    at processParams (C:\\Abhishek\\Workspace\\Virtual Instructor\\AthenaVI_backend\\node_modules\\router\\index.js:582:12)\n    at next (C:\\Abhishek\\Workspace\\Virtual Instructor\\AthenaVI_backend\\node_modules\\router\\index.js:291:5)","timestamp":"2026-02-12T06:40:08.958Z"}
{"level":"error","message":"Error: Token expired\n    at C:\\Abhishek\\Workspace\\Virtual Instructor\\AthenaVI_backend\\src\\middlewares\\auth.middlware.js:21:11\n    at C:\\Abhishek\\Workspace\\Virtual Instructor\\AthenaVI_backend\\src\\shared\\utils\\asyncHandler.js:2:19\n    at Layer.handleRequest (C:\\Abhishek\\Workspace\\Virtual Instructor\\AthenaVI_backend\\node_modules\\router\\lib\\layer.js:152:17)\n    at next (C:\\Abhishek\\Workspace\\Virtual Instructor\\AthenaVI_backend\\node_modules\\router\\lib\\route.js:157:13)\n    at Route.dispatch (C:\\Abhishek\\Workspace\\Virtual Instructor\\AthenaVI_backend\\node_modules\\router\\lib\\route.js:117:3)\n    at handle (C:\\Abhishek\\Workspace\\Virtual Instructor\\AthenaVI_backend\\node_modules\\router\\index.js:435:11)\n    at Layer.handleRequest (C:\\Abhishek\\Workspace\\Virtual Instructor\\AthenaVI_backend\\node_modules\\router\\lib\\layer.js:152:17)\n    at C:\\Abhishek\\Workspace\\Virtual Instructor\\AthenaVI_backend\\node_modules\\router\\index.js:295:15\n    at processParams (C:\\Abhishek\\Workspace\\Virtual Instructor\\AthenaVI_backend\\node_modules\\router\\index.js:582:12)\n    at next (C:\\Abhishek\\Workspace\\Virtual Instructor\\AthenaVI_backend\\node_modules\\router\\index.js:291:5)","timestamp":"2026-02-12T08:17:29.009Z"}
{"level":"error","message":"Error: Token expired\n    at C:\\Abhishek\\Workspace\\Virtual Instructor\\AthenaVI_backend\\src\\middlewares\\auth.middlware.js:21:11\n    at C:\\Abhishek\\Workspace\\Virtual Instructor\\AthenaVI_backend\\src\\shared\\utils\\asyncHandler.js:2:19\n    at Layer.handleRequest (C:\\Abhishek\\Workspace\\Virtual Instructor\\AthenaVI_backend\\node_modules\\router\\lib\\layer.js:152:17)\n    at next (C:\\Abhishek\\Workspace\\Virtual Instructor\\AthenaVI_backend\\node_modules\\router\\lib\\route.js:157:13)\n    at Route.dispatch (C:\\Abhishek\\Workspace\\Virtual Instructor\\AthenaVI_backend\\node_modules\\router\\lib\\route.js:117:3)\n    at handle (C:\\Abhishek\\Workspace\\Virtual Instructor\\AthenaVI_backend\\node_modules\\router\\index.js:435:11)\n    at Layer.handleRequest (C:\\Abhishek\\Workspace\\Virtual Instructor\\AthenaVI_backend\\node_modules\\router\\lib\\layer.js:152:17)\n    at C:\\Abhishek\\Workspace\\Virtual Instructor\\AthenaVI_backend\\node_modules\\router\\index.js:295:15\n    at processParams (C:\\Abhishek\\Workspace\\Virtual Instructor\\AthenaVI_backend\\node_modules\\router\\index.js:582:12)\n    at next (C:\\Abhishek\\Workspace\\Virtual Instructor\\AthenaVI_backend\\node_modules\\router\\index.js:291:5)","timestamp":"2026-02-12T08:17:35.037Z"}
{"level":"error","message":"Error: Token expired\n    at C:\\Abhishek\\Workspace\\Virtual Instructor\\AthenaVI_backend\\src\\middlewares\\auth.middlware.js:21:11\n    at C:\\Abhishek\\Workspace\\Virtual Instructor\\AthenaVI_backend\\src\\shared\\utils\\asyncHandler.js:2:19\n    at Layer.handleRequest (C:\\Abhishek\\Workspace\\Virtual Instructor\\AthenaVI_backend\\node_modules\\router\\lib\\layer.js:152:17)\n    at next (C:\\Abhishek\\Workspace\\Virtual Instructor\\AthenaVI_backend\\node_modules\\router\\lib\\route.js:157:13)\n    at Route.dispatch (C:\\Abhishek\\Workspace\\Virtual Instructor\\AthenaVI_backend\\node_modules\\router\\lib\\route.js:117:3)\n    at handle (C:\\Abhishek\\Workspace\\Virtual Instructor\\AthenaVI_backend\\node_modules\\router\\index.js:435:11)\n    at Layer.handleRequest (C:\\Abhishek\\Workspace\\Virtual Instructor\\AthenaVI_backend\\node_modules\\router\\lib\\layer.js:152:17)\n    at C:\\Abhishek\\Workspace\\Virtual Instructor\\AthenaVI_backend\\node_modules\\router\\index.js:295:15\n    at processParams (C:\\Abhishek\\Workspace\\Virtual Instructor\\AthenaVI_backend\\node_modules\\router\\index.js:582:12)\n    at next (C:\\Abhishek\\Workspace\\Virtual Instructor\\AthenaVI_backend\\node_modules\\router\\index.js:291:5)","timestamp":"2026-02-12T08:17:37.007Z"}
{"level":"error","message":"Error: Token expired\n    at C:\\Abhishek\\Workspace\\Virtual Instructor\\AthenaVI_backend\\src\\middlewares\\auth.middlware.js:21:11\n    at C:\\Abhishek\\Workspace\\Virtual Instructor\\AthenaVI_backend\\src\\shared\\utils\\asyncHandler.js:2:19\n    at Layer.handleRequest (C:\\Abhishek\\Workspace\\Virtual Instructor\\AthenaVI_backend\\node_modules\\router\\lib\\layer.js:152:17)\n    at next (C:\\Abhishek\\Workspace\\Virtual Instructor\\AthenaVI_backend\\node_modules\\router\\lib\\route.js:157:13)\n    at Route.dispatch (C:\\Abhishek\\Workspace\\Virtual Instructor\\AthenaVI_backend\\node_modules\\router\\lib\\route.js:117:3)\n    at handle (C:\\Abhishek\\Workspace\\Virtual Instructor\\AthenaVI_backend\\node_modules\\router\\index.js:435:11)\n    at Layer.handleRequest (C:\\Abhishek\\Workspace\\Virtual Instructor\\AthenaVI_backend\\node_modules\\router\\lib\\layer.js:152:17)\n    at C:\\Abhishek\\Workspace\\Virtual Instructor\\AthenaVI_backend\\node_modules\\router\\index.js:295:15\n    at processParams (C:\\Abhishek\\Workspace\\Virtual Instructor\\AthenaVI_backend\\node_modules\\router\\index.js:582:12)\n    at next (C:\\Abhishek\\Workspace\\Virtual Instructor\\AthenaVI_backend\\node_modules\\router\\index.js:291:5)","timestamp":"2026-02-12T08:17:52.434Z"}
{"level":"error","message":"Error: Token expired\n    at C:\\Abhishek\\Workspace\\Virtual Instructor\\AthenaVI_backend\\src\\middlewares\\auth.middlware.js:21:11\n    at C:\\Abhishek\\Workspace\\Virtual Instructor\\AthenaVI_backend\\src\\shared\\utils\\asyncHandler.js:2:19\n    at Layer.handleRequest (C:\\Abhishek\\Workspace\\Virtual Instructor\\AthenaVI_backend\\node_modules\\router\\lib\\layer.js:152:17)\n    at next (C:\\Abhishek\\Workspace\\Virtual Instructor\\AthenaVI_backend\\node_modules\\router\\lib\\route.js:157:13)\n    at Route.dispatch (C:\\Abhishek\\Workspace\\Virtual Instructor\\AthenaVI_backend\\node_modules\\router\\lib\\route.js:117:3)\n    at handle (C:\\Abhishek\\Workspace\\Virtual Instructor\\AthenaVI_backend\\node_modules\\router\\index.js:435:11)\n    at Layer.handleRequest (C:\\Abhishek\\Workspace\\Virtual Instructor\\AthenaVI_backend\\node_modules\\router\\lib\\layer.js:152:17)\n    at C:\\Abhishek\\Workspace\\Virtual Instructor\\AthenaVI_backend\\node_modules\\router\\index.js:295:15\n    at processParams (C:\\Abhishek\\Workspace\\Virtual Instructor\\AthenaVI_backend\\node_modules\\router\\index.js:582:12)\n    at next (C:\\Abhishek\\Workspace\\Virtual Instructor\\AthenaVI_backend\\node_modules\\router\\index.js:291:5)","timestamp":"2026-02-12T08:17:56.091Z"}
{"level":"info","message":"Server running bHYon port 9000","timestamp":"2026-02-12T10:05:03.804Z"}
{"level":"info","message":"Server running bHYon port 9000","timestamp":"2026-02-12T10:07:04.176Z"}
{"level":"info","message":"Server running bHYon port 9000","timestamp":"2026-02-12T10:51:39.369Z"}
{"level":"info","message":"Server running bHYon port 9000","timestamp":"2026-02-12T10:57:03.436Z"}
{"level":"info","message":"Server running bHYon port 9000","timestamp":"2026-02-12T11:09:58.407Z"}
{"level":"info","message":"Server running bHYon port 9000","timestamp":"2026-02-12T11:10:05.383Z"}
{"level":"info","message":"Server running bHYon port 9000","timestamp":"2026-02-12T11:10:08.132Z"}
{"level":"info","message":"Server running bHYon port 9000","timestamp":"2026-02-12T11:10:22.115Z"}
{"level":"info","message":"Server running bHYon port 9000","timestamp":"2026-02-12T11:10:24.979Z"}
{"level":"info","message":"Server running bHYon port 9000","timestamp":"2026-02-12T11:10:27.718Z"}
{"level":"info","message":"Server running bHYon port 9000","timestamp":"2026-02-12T11:10:42.028Z"}
{"level":"info","message":"Server running bHYon port 9000","timestamp":"2026-02-12T11:56:30.157Z"}
{"level":"info","message":"Server running bHYon port 9000","timestamp":"2026-02-12T11:56:34.796Z"}
{"level":"info","message":"Server running bHYon port 9000","timestamp":"2026-02-12T11:57:02.405Z"}
{"level":"info","message":"Server running bHYon port 9000","timestamp":"2026-02-12T11:57:10.732Z"}
{"level":"info","message":"Server running bHYon port 9000","timestamp":"2026-02-12T11:57:14.089Z"}
{"level":"info","message":"Server running bHYon port 9000","timestamp":"2026-02-12T11:57:17.425Z"}
{"level":"info","message":"Server running bHYon port 9000","timestamp":"2026-02-12T11:57:45.628Z"}
{"level":"info","message":"Server running bHYon port 9000","timestamp":"2026-02-12T11:58:01.403Z"}
{"level":"info","message":"Server running bHYon port 9000","timestamp":"2026-02-12T11:58:07.355Z"}
{"level":"info","message":"Server running bHYon port 9000","timestamp":"2026-02-12T11:58:09.131Z"}
{"level":"info","message":"Server running bHYon port 9000","timestamp":"2026-02-12T11:58:11.519Z"}
{"level":"info","message":"Server running bHYon port 9000","timestamp":"2026-02-12T11:58:17.427Z"}
{"level":"info","message":"Server running bHYon port 9000","timestamp":"2026-02-12T11:58:20.620Z"}
{"level":"info","message":"Server running bHYon port 9000","timestamp":"2026-02-12T12:02:32.820Z"}
{"level":"info","message":"Server running bHYon port 9000","timestamp":"2026-02-12T12:02:35.154Z"}
{"level":"info","message":"Server running bHYon port 9000","timestamp":"2026-02-12T12:02:44.185Z"}
{"level":"info","message":"Server running bHYon port 9000","timestamp":"2026-02-12T12:02:58.283Z"}
{"level":"info","message":"Server running bHYon port 9000","timestamp":"2026-02-12T12:03:06.170Z"}
{"level":"info","message":"Server running bHYon port 9000","timestamp":"2026-02-12T12:03:07.171Z"}
{"level":"info","message":"Server running bHYon port 9000","timestamp":"2026-02-12T12:03:12.049Z"}
{"level":"info","message":"Server running bHYon port 9000","timestamp":"2026-02-12T12:03:26.127Z"}
{"level":"info","message":"Server running bHYon port 9000","timestamp":"2026-02-12T12:03:39.829Z"}
{"level":"info","message":"Server running bHYon port 9000","timestamp":"2026-02-12T12:03:47.909Z"}
{"level":"info","message":"Server running bHYon port 9000","timestamp":"2026-02-12T12:03:53.218Z"}
{"level":"info","message":"Server running bHYon port 9000","timestamp":"2026-02-12T12:03:57.417Z"}
{"level":"info","message":"Server running bHYon port 9000","timestamp":"2026-02-12T12:04:01.242Z"}
{"level":"info","message":"Server running bHYon port 9000","timestamp":"2026-02-12T12:04:09.168Z"}
{"level":"info","message":"Server running bHYon port 9000","timestamp":"2026-02-12T12:05:14.202Z"}
{"level":"info","message":"Server running bHYon port 9000","timestamp":"2026-02-12T12:05:19.624Z"}
{"level":"info","message":"Server running bHYon port 9000","timestamp":"2026-02-12T12:05:22.851Z"}
{"level":"info","message":"Server running bHYon port 9000","timestamp":"2026-02-12T12:05:25.188Z"}
{"level":"info","message":"Server running bHYon port 9000","timestamp":"2026-02-12T12:05:28.926Z"}
{"level":"info","message":"Server running bHYon port 9000","timestamp":"2026-02-12T12:05:32.324Z"}
{"level":"info","message":"Server running bHYon port 9000","timestamp":"2026-02-12T12:05:34.103Z"}
{"level":"info","message":"Server running bHYon port 9000","timestamp":"2026-02-12T12:06:05.257Z"}
{"level":"info","message":"Server running bHYon port 9000","timestamp":"2026-02-12T12:06:08.294Z"}
{"level":"info","message":"Server running bHYon port 9000","timestamp":"2026-02-12T12:06:14.828Z"}
{"level":"info","message":"Server running bHYon port 9000","timestamp":"2026-02-12T12:06:17.546Z"}
{"level":"info","message":"Server running bHYon port 9000","timestamp":"2026-02-12T12:06:18.757Z"}
{"level":"info","message":"Server running bHYon port 9000","timestamp":"2026-02-12T12:06:27.408Z"}
{"level":"info","message":"Server running bHYon port 9000","timestamp":"2026-02-12T12:06:33.750Z"}
{"level":"info","message":"Server running bHYon port 9000","timestamp":"2026-02-12T12:06:39.240Z"}
{"level":"info","message":"Server running bHYon port 9000","timestamp":"2026-02-12T12:06:41.770Z"}
{"level":"info","message":"Server running bHYon port 9000","timestamp":"2026-02-12T12:06:56.596Z"}
{"level":"info","message":"Server running bHYon port 9000","timestamp":"2026-02-12T12:06:58.204Z"}
{"level":"info","message":"Server running bHYon port 9000","timestamp":"2026-02-12T12:07:16.034Z"}
{"level":"info","message":"Server running bHYon port 9000","timestamp":"2026-02-12T12:07:23.629Z"}
{"level":"info","message":"Server running bHYon port 9000","timestamp":"2026-02-12T12:07:26.255Z"}
{"level":"info","message":"Server running bHYon port 9000","timestamp":"2026-02-12T12:08:16.562Z"}
{"level":"info","message":"Server running bHYon port 9000","timestamp":"2026-02-12T12:08:20.520Z"}
{"level":"info","message":"Server running bHYon port 9000","timestamp":"2026-02-12T12:09:50.104Z"}
{"level":"info","message":"Server running bHYon port 9000","timestamp":"2026-02-12T12:09:58.271Z"}
{"level":"info","message":"Server running bHYon port 9000","timestamp":"2026-02-12T12:10:00.214Z"}
{"level":"info","message":"Server running bHYon port 9000","timestamp":"2026-02-12T12:10:10.821Z"}
{"level":"info","message":"Server running bHYon port 9000","timestamp":"2026-02-12T12:10:14.739Z"}
{"level":"info","message":"Server running bHYon port 9000","timestamp":"2026-02-12T12:10:21.011Z"}
{"level":"info","message":"Server running bHYon port 9000","timestamp":"2026-02-12T12:11:42.577Z"}
{"level":"info","message":"Server running bHYon port 9000","timestamp":"2026-02-12T12:11:53.904Z"}
{"level":"info","message":"Server running bHYon port 9000","timestamp":"2026-02-12T12:11:56.818Z"}
{"level":"info","message":"Server running bHYon port 9000","timestamp":"2026-02-12T12:12:00.439Z"}
{"level":"info","message":"Server running bHYon port 9000","timestamp":"2026-02-12T12:12:03.696Z"}
{"level":"info","message":"Server running bHYon port 9000","timestamp":"2026-02-12T12:12:07.077Z"}
{"level":"info","message":"Server running bHYon port 9000","timestamp":"2026-02-12T12:12:15.077Z"}
{"level":"info","message":"Server running bHYon port 9000","timestamp":"2026-02-12T12:12:38.904Z"}
{"level":"info","message":"Server running bHYon port 9000","timestamp":"2026-02-12T12:12:42.848Z"}
{"level":"info","message":"Server running bHYon port 9000","timestamp":"2026-02-12T12:12:46.637Z"}
{"level":"info","message":"Server running bHYon port 9000","timestamp":"2026-02-12T12:13:21.362Z"}
{"level":"info","message":"Server running bHYon port 9000","timestamp":"2026-02-12T12:13:31.963Z"}
{"level":"info","message":"Server running bHYon port 9000","timestamp":"2026-02-12T12:13:34.564Z"}
{"level":"info","message":"Server running bHYon port 9000","timestamp":"2026-02-12T12:13:37.612Z"}
{"level":"info","message":"Server running bHYon port 9000","timestamp":"2026-02-12T12:13:42.316Z"}
{"level":"info","message":"Server running bHYon port 9000","timestamp":"2026-02-12T12:13:49.434Z"}
{"level":"info","message":"Server running bHYon port 9000","timestamp":"2026-02-12T12:13:55.544Z"}
{"level":"info","message":"Server running bHYon port 9000","timestamp":"2026-02-12T12:13:56.811Z"}
{"level":"info","message":"Server running bHYon port 9000","timestamp":"2026-02-12T12:14:05.282Z"}
{"level":"info","message":"Server running bHYon port 9000","timestamp":"2026-02-12T12:14:08.054Z"}
{"level":"info","message":"Server running bHYon port 9000","timestamp":"2026-02-12T12:14:09.988Z"}
{"level":"info","message":"Server running bHYon port 9000","timestamp":"2026-02-12T12:14:13.610Z"}
{"level":"info","message":"Server running bHYon port 9000","timestamp":"2026-02-12T12:14:33.162Z"}
{"level":"info","message":"Server running bHYon port 9000","timestamp":"2026-02-12T12:14:34.728Z"}
{"level":"info","message":"Server running bHYon port 9000","timestamp":"2026-02-12T12:14:42.914Z"}
{"level":"info","message":"Server running bHYon port 9000","timestamp":"2026-02-12T12:14:47.159Z"}
{"level":"info","message":"Server running bHYon port 9000","timestamp":"2026-02-12T12:14:49.605Z"}
{"level":"info","message":"Server running bHYon port 9000","timestamp":"2026-02-12T12:14:51.626Z"}
{"level":"info","message":"Server running bHYon port 9000","timestamp":"2026-02-12T12:14:53.532Z"}
{"level":"info","message":"Server running bHYon port 9000","timestamp":"2026-02-12T12:15:01.998Z"}
{"level":"info","message":"Server running bHYon port 9000","timestamp":"2026-02-12T12:16:52.482Z"}
{"level":"info","message":"Server running bHYon port 9000","timestamp":"2026-02-12T12:16:59.901Z"}
{"level":"info","message":"Server running bHYon port 9000","timestamp":"2026-02-12T12:20:34.105Z"}
{"level":"error","message":"Error: Token expired\n    at C:\\Abhishek\\Workspace\\Virtual Instructor\\AthenaVI_backend\\src\\middlewares\\auth.middlware.js:21:11\n    at C:\\Abhishek\\Workspace\\Virtual Instructor\\AthenaVI_backend\\src\\shared\\utils\\asyncHandler.js:2:19\n    at Layer.handleRequest (C:\\Abhishek\\Workspace\\Virtual Instructor\\AthenaVI_backend\\node_modules\\router\\lib\\layer.js:152:17)\n    at next (C:\\Abhishek\\Workspace\\Virtual Instructor\\AthenaVI_backend\\node_modules\\router\\lib\\route.js:157:13)\n    at Route.dispatch (C:\\Abhishek\\Workspace\\Virtual Instructor\\AthenaVI_backend\\node_modules\\router\\lib\\route.js:117:3)\n    at handle (C:\\Abhishek\\Workspace\\Virtual Instructor\\AthenaVI_backend\\node_modules\\router\\index.js:435:11)\n    at Layer.handleRequest (C:\\Abhishek\\Workspace\\Virtual Instructor\\AthenaVI_backend\\node_modules\\router\\lib\\layer.js:152:17)\n    at C:\\Abhishek\\Workspace\\Virtual Instructor\\AthenaVI_backend\\node_modules\\router\\index.js:295:15\n    at processParams (C:\\Abhishek\\Workspace\\Virtual Instructor\\AthenaVI_backend\\node_modules\\router\\index.js:582:12)\n    at next (C:\\Abhishek\\Workspace\\Virtual Instructor\\AthenaVI_backend\\node_modules\\router\\index.js:291:5)","timestamp":"2026-02-13T04:13:47.708Z"}
{"level":"info","message":"Server running bHYon port 9000","timestamp":"2026-02-13T05:24:12.783Z"}
{"level":"error","message":"Error: OTP expired or not found\n    at Object.verifyOtp (C:\\Abhishek\\Workspace\\Virtual Instructor\\AthenaVI_backend\\src\\modules\\auth\\otp.service.js:56:11)\n    at process.processTicksAndRejections (node:internal/process/task_queues:105:5)\n    at async C:\\Abhishek\\Workspace\\Virtual Instructor\\AthenaVI_backend\\src\\modules\\auth\\auth.controller.js:44:3","timestamp":"2026-02-13T05:24:37.289Z"}
{"level":"error","message":"Error: Invalid salt. Salt must be in the form of: $Vers$log2(NumRounds)$saltvalue","timestamp":"2026-02-13T05:25:22.769Z"}
{"level":"error","message":"Error: Email already registered\n    at C:\\Abhishek\\Workspace\\Virtual Instructor\\AthenaVI_backend\\src\\modules\\auth\\auth.controller.js:49:11\n    at process.processTicksAndRejections (node:internal/process/task_queues:105:5)","timestamp":"2026-02-13T05:26:53.056Z"}
{"level":"info","message":"Server running bHYon port 9000","timestamp":"2026-02-13T05:28:08.484Z"}
{"level":"info","message":"Server running bHYon port 9000","timestamp":"2026-02-13T05:28:11.670Z"}
{"level":"info","message":"Server running bHYon port 9000","timestamp":"2026-02-13T05:28:12.693Z"}
{"level":"error","message":"Error: read ECONNRESET\n    at TLSWrap.onStreamRead (node:internal/stream_base_commons:216:20)","timestamp":"2026-02-13T06:24:15.920Z"}
{"level":"info","message":"Server running bHYon port 9000","timestamp":"2026-02-13T06:39:15.724Z"}
{"level":"error","message":"TypeError: Cannot read properties of undefined (reading 'create')\n    at Object.storeRefreshToken (C:\\Abhishek\\Workspace\\Virtual Instructor\\AthenaVI_backend\\src\\modules\\auth\\auth.dao.js:26:29)\n    at C:\\Abhishek\\Workspace\\Virtual Instructor\\AthenaVI_backend\\src\\modules\\auth\\auth.controller.js:87:17","timestamp":"2026-02-13T06:40:00.167Z"}
{"level":"info","message":"Server running bHYon port 9000","timestamp":"2026-02-13T06:53:17.672Z"}
{"level":"info","message":"Server running bHYon port 9000","timestamp":"2026-02-13T06:56:36.105Z"}
{"level":"info","message":"Server running bHYon port 9000","timestamp":"2026-02-13T06:56:38.630Z"}
{"level":"info","message":"Server running bHYon port 9000","timestamp":"2026-02-13T06:56:39.879Z"}
{"level":"info","message":"Server running bHYon port 9000","timestamp":"2026-02-13T06:56:43.929Z"}
{"level":"info","message":"Server running bHYon port 9000","timestamp":"2026-02-13T06:56:49.133Z"}
{"level":"info","message":"Server running bHYon port 9000","timestamp":"2026-02-13T06:56:50.444Z"}
{"level":"info","message":"Server running bHYon port 9000","timestamp":"2026-02-13T06:56:52.254Z"}
{"level":"error","message":"TypeError: Cannot read properties of undefined (reading 'create')\n    at Object.storeRefreshToken (C:\\Abhishek\\Workspace\\Virtual Instructor\\AthenaVI_backend\\src\\modules\\auth\\auth.dao.js:26:29)\n    at C:\\Abhishek\\Workspace\\Virtual Instructor\\AthenaVI_backend\\src\\modules\\auth\\auth.controller.js:91:17","timestamp":"2026-02-13T06:57:33.083Z"}
{"level":"info","message":"Server running bHYon port 9000","timestamp":"2026-02-13T06:59:14.507Z"}
{"level":"error","message":"PrismaClientValidationError: \nInvalid `prisma.RefreshToken.create()` invocation in\nC:\\Abhishek\\Workspace\\Virtual Instructor\\AthenaVI_backend\\src\\modules\\auth\\auth.dao.js:26:29\n\n  23 // create/store refresh token \n  24 \n  25 const storeRefreshToken = async(token,sessionId, userId)=>{\n→ 26   await prisma.RefreshToken.create({\n         data: {\n           hashed_token: {\n             hashedRefreshToken: \"$2b$10$YRalOkyTvPeNXF7GzeWRu.uMvg.SAObOE5voX8SF2H2F48fBpUlVS\",\n             sessionId: \"4a9a6058-316f-40d3-85d1-f6c89fbee8ae\",\n             userId: undefined\n           },\n           user_id: undefined,\n           created_at: 1770966017224,\n           expires_At: 1770966017232,\n       +   session_id: String\n         }\n       })\n\nArgument `session_id` is missing.\n    at tr (C:\\Abhishek\\Workspace\\Virtual Instructor\\AthenaVI_backend\\node_modules\\@prisma\\client\\runtime\\client.js:10:1379)\n    at qr.handleRequestError (C:\\Abhishek\\Workspace\\Virtual Instructor\\AthenaVI_backend\\node_modules\\@prisma\\client\\runtime\\client.js:65:7815)\n    at qr.handleAndLogRequestError (C:\\Abhishek\\Workspace\\Virtual Instructor\\AthenaVI_backend\\node_modules\\@prisma\\client\\runtime\\client.js:65:7467)\n    at qr.request (C:\\Abhishek\\Workspace\\Virtual Instructor\\AthenaVI_backend\\node_modules\\@prisma\\client\\runtime\\client.js:65:7174)\n    at async a (C:\\Abhishek\\Workspace\\Virtual Instructor\\AthenaVI_backend\\node_modules\\@prisma\\client\\runtime\\client.js:75:5816)\n    at async Object.storeRefreshToken (C:\\Abhishek\\Workspace\\Virtual Instructor\\AthenaVI_backend\\src\\modules\\auth\\auth.dao.js:26:3)\n    at async C:\\Abhishek\\Workspace\\Virtual Instructor\\AthenaVI_backend\\src\\modules\\auth\\auth.controller.js:91:3","timestamp":"2026-02-13T07:00:17.240Z"}
{"level":"info","message":"Server running bHYon port 9000","timestamp":"2026-02-13T07:02:35.612Z"}
{"level":"info","message":"Server running bHYon port 9000","timestamp":"2026-02-13T07:02:40.322Z"}
{"level":"error","message":"PrismaClientValidationError: \nInvalid `prisma.refreshToken.create()` invocation in\nC:\\Abhishek\\Workspace\\Virtual Instructor\\AthenaVI_backend\\src\\modules\\auth\\auth.dao.js:26:29\n\n  23 // create/store refresh token \n  24 \n  25 const storeRefreshToken = async(token,sessionId, userId)=>{\n→ 26   await prisma.refreshToken.create({\n         data: {\n           hashed_token: {\n             hashedRefreshToken: \"$2b$10$cLE9KvUKX8VSh/pYnGerG.i66eGHmHwyY.wpf.5aojmmSx3mQ6dpi\",\n             sessionId: \"ca3d021c-b01a-4bf8-a428-26b5a8cf081c\",\n             userId: undefined\n           },\n           user_id: undefined,\n           created_at: 1770966240111,\n           expires_At: 1770966240111,\n       +   session_id: String\n         }\n       })\n\nArgument `session_id` is missing.\n    at tr (C:\\Abhishek\\Workspace\\Virtual Instructor\\AthenaVI_backend\\node_modules\\@prisma\\client\\runtime\\client.js:10:1379)\n    at qr.handleRequestError (C:\\Abhishek\\Workspace\\Virtual Instructor\\AthenaVI_backend\\node_modules\\@prisma\\client\\runtime\\client.js:65:7815)\n    at qr.handleAndLogRequestError (C:\\Abhishek\\Workspace\\Virtual Instructor\\AthenaVI_backend\\node_modules\\@prisma\\client\\runtime\\client.js:65:7467)\n    at qr.request (C:\\Abhishek\\Workspace\\Virtual Instructor\\AthenaVI_backend\\node_modules\\@prisma\\client\\runtime\\client.js:65:7174)\n    at async a (C:\\Abhishek\\Workspace\\Virtual Instructor\\AthenaVI_backend\\node_modules\\@prisma\\client\\runtime\\client.js:75:5816)\n    at async Object.storeRefreshToken (C:\\Abhishek\\Workspace\\Virtual Instructor\\AthenaVI_backend\\src\\modules\\auth\\auth.dao.js:26:3)\n    at async C:\\Abhishek\\Workspace\\Virtual Instructor\\AthenaVI_backend\\src\\modules\\auth\\auth.controller.js:91:3","timestamp":"2026-02-13T07:04:00.118Z"}
{"level":"info","message":"Server running bHYon port 9000","timestamp":"2026-02-13T08:51:07.776Z"}
{"level":"error","message":"PrismaClientValidationError: \nInvalid `prisma.refreshToken.create()` invocation in\nC:\\Abhishek\\Workspace\\Virtual Instructor\\AthenaVI_backend\\src\\modules\\auth\\auth.dao.js:26:29\n\n  23 // create/store refresh token \n  24 \n  25 const storeRefreshToken = async(token,sessionId, userId)=>{\n→ 26   await prisma.refreshToken.create({\n         data: {\n           hashedToken: {\n             hashedRefreshToken: \"$2b$10$ZpmtjtdWLYJFH0ra3.gXieUsawRylUlrcGbw/cgxFj3dJcG429m8q\",\n             sessionId: \"14c96a4f-50d9-4ff3-bca5-933b9fbaf198\",\n             userId: undefined\n           },\n           userId: undefined,\n           createdAt: 1770973196839,\n           expiresAt: 1770973196839,\n       +   sessionId: String\n         }\n       })\n\nArgument `sessionId` is missing.\n    at tr (C:\\Abhishek\\Workspace\\Virtual Instructor\\AthenaVI_backend\\node_modules\\@prisma\\client\\runtime\\client.js:10:1379)\n    at qr.handleRequestError (C:\\Abhishek\\Workspace\\Virtual Instructor\\AthenaVI_backend\\node_modules\\@prisma\\client\\runtime\\client.js:65:7815)\n    at qr.handleAndLogRequestError (C:\\Abhishek\\Workspace\\Virtual Instructor\\AthenaVI_backend\\node_modules\\@prisma\\client\\runtime\\client.js:65:7467)\n    at qr.request (C:\\Abhishek\\Workspace\\Virtual Instructor\\AthenaVI_backend\\node_modules\\@prisma\\client\\runtime\\client.js:65:7174)\n    at async a (C:\\Abhishek\\Workspace\\Virtual Instructor\\AthenaVI_backend\\node_modules\\@prisma\\client\\runtime\\client.js:75:5816)\n    at async Object.storeRefreshToken (C:\\Abhishek\\Workspace\\Virtual Instructor\\AthenaVI_backend\\src\\modules\\auth\\auth.dao.js:26:3)\n    at async C:\\Abhishek\\Workspace\\Virtual Instructor\\AthenaVI_backend\\src\\modules\\auth\\auth.controller.js:91:3","timestamp":"2026-02-13T08:59:56.864Z"}
{"level":"info","message":"Server running bHYon port 9000","timestamp":"2026-02-13T09:04:37.175Z"}
{"level":"error","message":"PrismaClientValidationError: \nInvalid `prisma.refreshToken.create()` invocation in\nC:\\Abhishek\\Workspace\\Virtual Instructor\\AthenaVI_backend\\src\\modules\\auth\\auth.dao.js:26:29\n\n  23 // create/store refresh token \n  24 \n  25 const storeRefreshToken = async(token,sessionId, userId)=>{\n→ 26   await prisma.refreshToken.create({\n         data: {\n           hashedToken: \"$2b$10$r9/VovpJV3/9sXwuTYYqJelOSnyO8NsnKaANlRhBhNdsQYwLYaX6u\",\n           userId: undefined,\n           sessionId: \"9392174a-64dd-4bc6-bbb9-e77f8d54967f\",\n           createdAt: 1770973802523,\n           expiresAt: 1770973802523,\n       +   user: {\n       +     create: UserCreateWithoutRefresh_tokenInput | UserUncheckedCreateWithoutRefresh_tokenInput,\n       +     connectOrCreate: UserCreateOrConnectWithoutRefresh_tokenInput,\n       +     connect: UserWhereUniqueInput\n       +   }\n         }\n       })\n\nArgument `user` is missing.\n    at tr (C:\\Abhishek\\Workspace\\Virtual Instructor\\AthenaVI_backend\\node_modules\\@prisma\\client\\runtime\\client.js:10:1379)\n    at qr.handleRequestError (C:\\Abhishek\\Workspace\\Virtual Instructor\\AthenaVI_backend\\node_modules\\@prisma\\client\\runtime\\client.js:65:7815)\n    at qr.handleAndLogRequestError (C:\\Abhishek\\Workspace\\Virtual Instructor\\AthenaVI_backend\\node_modules\\@prisma\\client\\runtime\\client.js:65:7467)\n    at qr.request (C:\\Abhishek\\Workspace\\Virtual Instructor\\AthenaVI_backend\\node_modules\\@prisma\\client\\runtime\\client.js:65:7174)\n    at async a (C:\\Abhishek\\Workspace\\Virtual Instructor\\AthenaVI_backend\\node_modules\\@prisma\\client\\runtime\\client.js:75:5816)\n    at async Object.storeRefreshToken (C:\\Abhishek\\Workspace\\Virtual Instructor\\AthenaVI_backend\\src\\modules\\auth\\auth.dao.js:26:3)\n    at async C:\\Abhishek\\Workspace\\Virtual Instructor\\AthenaVI_backend\\src\\modules\\auth\\auth.controller.js:91:3","timestamp":"2026-02-13T09:10:02.548Z"}
{"level":"info","message":"Server running bHYon port 9000","timestamp":"2026-02-13T09:11:01.310Z"}
{"level":"info","message":"Server running bHYon port 9000","timestamp":"2026-02-13T09:11:25.897Z"}
{"level":"info","message":"Server running bHYon port 9000","timestamp":"2026-02-13T09:11:30.326Z"}
{"level":"error","message":"PrismaClientValidationError: \nInvalid `prisma.refreshToken.create()` invocation in\nC:\\Abhishek\\Workspace\\Virtual Instructor\\AthenaVI_backend\\src\\modules\\auth\\auth.dao.js:26:29\n\n  23 // create/store refresh token \n  24 \n  25 const storeRefreshToken = async(token,sessionId, userId)=>{\n→ 26   await prisma.refreshToken.create({\n         data: {\n           hashedToken: {\n             hashedRefreshToken: \"$2b$10$z5.3FH0IctbMEIY9vAjRwu7JwnI9LLmVBag3BghHZoV6R1kw.gbde\",\n             sessionId: \"6496fe91-a622-4ce4-97b3-53d85abb9488\",\n             userId: undefined\n           },\n           userId: undefined,\n           createdAt: 1770974038267,\n           expiresAt: 1770974038267,\n       +   sessionId: String\n         }\n       })\n\nArgument `sessionId` is missing.\n    at tr (C:\\Abhishek\\Workspace\\Virtual Instructor\\AthenaVI_backend\\node_modules\\@prisma\\client\\runtime\\client.js:10:1379)\n    at qr.handleRequestError (C:\\Abhishek\\Workspace\\Virtual Instructor\\AthenaVI_backend\\node_modules\\@prisma\\client\\runtime\\client.js:65:7815)\n    at qr.handleAndLogRequestError (C:\\Abhishek\\Workspace\\Virtual Instructor\\AthenaVI_backend\\node_modules\\@prisma\\client\\runtime\\client.js:65:7467)\n    at qr.request (C:\\Abhishek\\Workspace\\Virtual Instructor\\AthenaVI_backend\\node_modules\\@prisma\\client\\runtime\\client.js:65:7174)\n    at async a (C:\\Abhishek\\Workspace\\Virtual Instructor\\AthenaVI_backend\\node_modules\\@prisma\\client\\runtime\\client.js:75:5816)\n    at async Object.storeRefreshToken (C:\\Abhishek\\Workspace\\Virtual Instructor\\AthenaVI_backend\\src\\modules\\auth\\auth.dao.js:26:3)\n    at async C:\\Abhishek\\Workspace\\Virtual Instructor\\AthenaVI_backend\\src\\modules\\auth\\auth.controller.js:91:3","timestamp":"2026-02-13T09:13:58.297Z"}
{"level":"info","message":"Server running bHYon port 9000","timestamp":"2026-02-13T09:14:31.354Z"}
{"level":"error","message":"PrismaClientValidationError: \nInvalid `prisma.refreshToken.create()` invocation in\nC:\\Abhishek\\Workspace\\Virtual Instructor\\AthenaVI_backend\\src\\modules\\auth\\auth.dao.js:26:29\n\n  23 // create/store refresh token \n  24 \n  25 const storeRefreshToken = async({token,sessionId, userId})=>{\n→ 26   await prisma.refreshToken.create({\n         data: {\n           userId: undefined,\n           sessionId: \"fd652714-b66e-4897-91ef-d9829c939f81\",\n           createdAt: 1770974182440,\n           expiresAt: 1770974182440,\n       +   hashedToken: String\n         }\n       })\n\nArgument `hashedToken` is missing.\n    at tr (C:\\Abhishek\\Workspace\\Virtual Instructor\\AthenaVI_backend\\node_modules\\@prisma\\client\\runtime\\client.js:10:1379)\n    at qr.handleRequestError (C:\\Abhishek\\Workspace\\Virtual Instructor\\AthenaVI_backend\\node_modules\\@prisma\\client\\runtime\\client.js:65:7815)\n    at qr.handleAndLogRequestError (C:\\Abhishek\\Workspace\\Virtual Instructor\\AthenaVI_backend\\node_modules\\@prisma\\client\\runtime\\client.js:65:7467)\n    at qr.request (C:\\Abhishek\\Workspace\\Virtual Instructor\\AthenaVI_backend\\node_modules\\@prisma\\client\\runtime\\client.js:65:7174)\n    at async a (C:\\Abhishek\\Workspace\\Virtual Instructor\\AthenaVI_backend\\node_modules\\@prisma\\client\\runtime\\client.js:75:5816)\n    at async Object.storeRefreshToken (C:\\Abhishek\\Workspace\\Virtual Instructor\\AthenaVI_backend\\src\\modules\\auth\\auth.dao.js:26:3)\n    at async C:\\Abhishek\\Workspace\\Virtual Instructor\\AthenaVI_backend\\src\\modules\\auth\\auth.controller.js:91:3","timestamp":"2026-02-13T09:16:22.461Z"}
{"level":"info","message":"Server running bHYon port 9000","timestamp":"2026-02-13T09:16:36.586Z"}
{"level":"info","message":"Server running bHYon port 9000","timestamp":"2026-02-13T09:16:41.620Z"}
{"level":"info","message":"Server running bHYon port 9000","timestamp":"2026-02-13T09:16:48.737Z"}
{"level":"info","message":"Server running bHYon port 9000","timestamp":"2026-02-13T09:16:51.522Z"}
{"level":"info","message":"Server running bHYon port 9000","timestamp":"2026-02-13T09:21:39.309Z"}
{"level":"info","message":"Server running bHYon port 9000","timestamp":"2026-02-13T09:22:05.767Z"}
{"level":"info","message":"Server running bHYon port 9000","timestamp":"2026-02-13T09:22:09.778Z"}
{"level":"error","message":"PrismaClientValidationError: \nInvalid `prisma.refreshToken.create()` invocation in\nC:\\Abhishek\\Workspace\\Virtual Instructor\\AthenaVI_backend\\src\\modules\\auth\\auth.dao.js:28:36\n\n  25 const storeRefreshToken = async({token,sessionId, userId})=>{\n  26   console.log(token, sessionId,userId);\n  27   \n→ 28   return await prisma.refreshToken.create({\n         data: {\n           sessionId: \"582f27f8-2a3f-42a4-996c-3ef9fdb1be73\",\n           userId: undefined,\n           createdAt: 1770974694285,\n           expiresAt: 1770974694285,\n       +   hashedToken: String\n         }\n       })\n\nArgument `hashedToken` is missing.\n    at tr (C:\\Abhishek\\Workspace\\Virtual Instructor\\AthenaVI_backend\\node_modules\\@prisma\\client\\runtime\\client.js:10:1379)\n    at qr.handleRequestError (C:\\Abhishek\\Workspace\\Virtual Instructor\\AthenaVI_backend\\node_modules\\@prisma\\client\\runtime\\client.js:65:7815)\n    at qr.handleAndLogRequestError (C:\\Abhishek\\Workspace\\Virtual Instructor\\AthenaVI_backend\\node_modules\\@prisma\\client\\runtime\\client.js:65:7467)\n    at qr.request (C:\\Abhishek\\Workspace\\Virtual Instructor\\AthenaVI_backend\\node_modules\\@prisma\\client\\runtime\\client.js:65:7174)\n    at async a (C:\\Abhishek\\Workspace\\Virtual Instructor\\AthenaVI_backend\\node_modules\\@prisma\\client\\runtime\\client.js:75:5816)\n    at async Object.storeRefreshToken (C:\\Abhishek\\Workspace\\Virtual Instructor\\AthenaVI_backend\\src\\modules\\auth\\auth.dao.js:28:10)\n    at async C:\\Abhishek\\Workspace\\Virtual Instructor\\AthenaVI_backend\\src\\modules\\auth\\auth.controller.js:91:3","timestamp":"2026-02-13T09:24:54.305Z"}
{"level":"error","message":"Error: OTP expired or not found\n    at Object.verifyOtp (C:\\Abhishek\\Workspace\\Virtual Instructor\\AthenaVI_backend\\src\\modules\\auth\\otp.service.js:56:11)\n    at process.processTicksAndRejections (node:internal/process/task_queues:105:5)\n    at async C:\\Abhishek\\Workspace\\Virtual Instructor\\AthenaVI_backend\\src\\modules\\auth\\auth.controller.js:44:3","timestamp":"2026-02-13T09:25:11.081Z"}
{"level":"error","message":"Error: Email already registered\n    at C:\\Abhishek\\Workspace\\Virtual Instructor\\AthenaVI_backend\\src\\modules\\auth\\auth.controller.js:49:11\n    at process.processTicksAndRejections (node:internal/process/task_queues:105:5)","timestamp":"2026-02-13T09:25:41.950Z"}
{"level":"error","message":"Error: Please wait before requesting OTP again\n    at Object.acquireOtpLock (C:\\Abhishek\\Workspace\\Virtual Instructor\\AthenaVI_backend\\src\\modules\\auth\\otp.service.js:23:11)\n    at process.processTicksAndRejections (node:internal/process/task_queues:105:5)\n    at async C:\\Abhishek\\Workspace\\Virtual Instructor\\AthenaVI_backend\\src\\modules\\auth\\auth.controller.js:126:3","timestamp":"2026-02-13T09:26:17.479Z"}
{"level":"error","message":"PrismaClientValidationError: \nInvalid `prisma.refreshToken.create()` invocation in\nC:\\Abhishek\\Workspace\\Virtual Instructor\\AthenaVI_backend\\src\\modules\\auth\\auth.dao.js:28:36\n\n  25 const storeRefreshToken = async({token,sessionId, userId})=>{\n  26   console.log(token, sessionId,userId);\n  27   \n→ 28   return await prisma.refreshToken.create({\n         data: {\n           sessionId: \"ef206c90-cab3-4f0f-960c-2dcb3eca09c9\",\n           userId: undefined,\n           createdAt: 1770974799419,\n           expiresAt: 1770974799419,\n       +   hashedToken: String\n         }\n       })\n\nArgument `hashedToken` is missing.\n    at tr (C:\\Abhishek\\Workspace\\Virtual Instructor\\AthenaVI_backend\\node_modules\\@prisma\\client\\runtime\\client.js:10:1379)\n    at qr.handleRequestError (C:\\Abhishek\\Workspace\\Virtual Instructor\\AthenaVI_backend\\node_modules\\@prisma\\client\\runtime\\client.js:65:7815)\n    at qr.handleAndLogRequestError (C:\\Abhishek\\Workspace\\Virtual Instructor\\AthenaVI_backend\\node_modules\\@prisma\\client\\runtime\\client.js:65:7467)\n    at qr.request (C:\\Abhishek\\Workspace\\Virtual Instructor\\AthenaVI_backend\\node_modules\\@prisma\\client\\runtime\\client.js:65:7174)\n    at async a (C:\\Abhishek\\Workspace\\Virtual Instructor\\AthenaVI_backend\\node_modules\\@prisma\\client\\runtime\\client.js:75:5816)\n    at async Object.storeRefreshToken (C:\\Abhishek\\Workspace\\Virtual Instructor\\AthenaVI_backend\\src\\modules\\auth\\auth.dao.js:28:10)\n    at async C:\\Abhishek\\Workspace\\Virtual Instructor\\AthenaVI_backend\\src\\modules\\auth\\auth.controller.js:91:3","timestamp":"2026-02-13T09:26:39.424Z"}
{"level":"info","message":"Server running bHYon port 9000","timestamp":"2026-02-13T09:49:38.995Z"}
{"level":"info","message":"Server running bHYon port 9000","timestamp":"2026-02-13T10:17:59.691Z"}
{"level":"error","message":"Error: read ECONNRESET\n    at TLSWrap.onStreamRead (node:internal/stream_base_commons:216:20)","timestamp":"2026-02-13T10:47:12.026Z"}
{"level":"error","message":"PrismaClientValidationError: \nInvalid `prisma.refreshToken.create()` invocation in\nC:\\Abhishek\\Workspace\\Virtual Instructor\\AthenaVI_backend\\src\\modules\\auth\\auth.dao.js:28:36\n\n  25 const storeRefreshToken = async({token,sessionId, userId})=>{\n  26   console.log(token, sessionId,userId);\n  27   \n→ 28   return await prisma.refreshToken.create({\n         data: {\n           sessionId: \"00155df7-6cc8-46cd-9c5f-d4f880b51fee\",\n           userId: undefined,\n           expiresAt: 1770979686508,\n       +   hashedToken: String\n         }\n       })\n\nArgument `hashedToken` is missing.\n    at tr (C:\\Abhishek\\Workspace\\Virtual Instructor\\AthenaVI_backend\\node_modules\\@prisma\\client\\runtime\\client.js:10:1379)\n    at qr.handleRequestError (C:\\Abhishek\\Workspace\\Virtual Instructor\\AthenaVI_backend\\node_modules\\@prisma\\client\\runtime\\client.js:65:7815)\n    at qr.handleAndLogRequestError (C:\\Abhishek\\Workspace\\Virtual Instructor\\AthenaVI_backend\\node_modules\\@prisma\\client\\runtime\\client.js:65:7467)\n    at qr.request (C:\\Abhishek\\Workspace\\Virtual Instructor\\AthenaVI_backend\\node_modules\\@prisma\\client\\runtime\\client.js:65:7174)\n    at async a (C:\\Abhishek\\Workspace\\Virtual Instructor\\AthenaVI_backend\\node_modules\\@prisma\\client\\runtime\\client.js:75:5816)\n    at async Object.storeRefreshToken (C:\\Abhishek\\Workspace\\Virtual Instructor\\AthenaVI_backend\\src\\modules\\auth\\auth.dao.js:28:10)\n    at async C:\\Abhishek\\Workspace\\Virtual Instructor\\AthenaVI_backend\\src\\modules\\auth\\auth.controller.js:91:3","timestamp":"2026-02-13T10:48:06.532Z"}
{"level":"info","message":"Server running bHYon port 9000","timestamp":"2026-02-13T10:49:14.362Z"}
{"level":"info","message":"Server running bHYon port 9000","timestamp":"2026-02-13T10:49:22.819Z"}
{"level":"info","message":"Server running bHYon port 9000","timestamp":"2026-02-13T10:49:28.209Z"}
{"level":"info","message":"Server running bHYon port 9000","timestamp":"2026-02-13T10:49:32.293Z"}
{"level":"info","message":"Server running bHYon port 9000","timestamp":"2026-02-13T10:49:43.835Z"}
{"level":"info","message":"Server running bHYon port 9000","timestamp":"2026-02-13T10:49:52.924Z"}
{"level":"info","message":"Server running bHYon port 9000","timestamp":"2026-02-13T10:49:56.970Z"}
{"level":"info","message":"Server running bHYon port 9000","timestamp":"2026-02-13T10:50:06.638Z"}
{"level":"info","message":"Server running bHYon port 9000","timestamp":"2026-02-13T10:50:09.501Z"}
{"level":"info","message":"Server running bHYon port 9000","timestamp":"2026-02-13T10:50:23.086Z"}
{"level":"info","message":"Server running bHYon port 9000","timestamp":"2026-02-13T10:50:26.580Z"}
{"level":"info","message":"Server running bHYon port 9000","timestamp":"2026-02-13T10:50:46.883Z"}
{"level":"info","message":"Server running bHYon port 9000","timestamp":"2026-02-13T10:50:59.767Z"}
{"level":"info","message":"Server running bHYon port 9000","timestamp":"2026-02-13T10:51:10.322Z"}
{"level":"info","message":"Server running bHYon port 9000","timestamp":"2026-02-13T10:51:23.794Z"}
{"level":"error","message":"PrismaClientValidationError: \nInvalid `prisma.refreshToken.create()` invocation in\nC:\\Abhishek\\Workspace\\Virtual Instructor\\AthenaVI_backend\\src\\modules\\auth\\auth.dao.js:28:36\n\n  25 const storeRefreshToken = async({token,sessionId, userId})=>{\n  26   console.log(`token: ${token}, sessionID: ${sessionId}, userID: ${userId}`);\n  27   \n→ 28   return await prisma.refreshToken.create({\n         data: {\n           sessionId: \"2611eb85-1f95-46cf-8fe3-e177d5e0063c\",\n           userId: undefined,\n           expiresAt: 1770979946394,\n       +   hashedToken: String\n         }\n       })\n\nArgument `hashedToken` is missing.\n    at tr (C:\\Abhishek\\Workspace\\Virtual Instructor\\AthenaVI_backend\\node_modules\\@prisma\\client\\runtime\\client.js:10:1379)\n    at qr.handleRequestError (C:\\Abhishek\\Workspace\\Virtual Instructor\\AthenaVI_backend\\node_modules\\@prisma\\client\\runtime\\client.js:65:7815)\n    at qr.handleAndLogRequestError (C:\\Abhishek\\Workspace\\Virtual Instructor\\AthenaVI_backend\\node_modules\\@prisma\\client\\runtime\\client.js:65:7467)\n    at qr.request (C:\\Abhishek\\Workspace\\Virtual Instructor\\AthenaVI_backend\\node_modules\\@prisma\\client\\runtime\\client.js:65:7174)\n    at async a (C:\\Abhishek\\Workspace\\Virtual Instructor\\AthenaVI_backend\\node_modules\\@prisma\\client\\runtime\\client.js:75:5816)\n    at async Object.storeRefreshToken (C:\\Abhishek\\Workspace\\Virtual Instructor\\AthenaVI_backend\\src\\modules\\auth\\auth.dao.js:28:10)\n    at async C:\\Abhishek\\Workspace\\Virtual Instructor\\AthenaVI_backend\\src\\modules\\auth\\auth.controller.js:91:3","timestamp":"2026-02-13T10:52:26.412Z"}
{"level":"info","message":"Server running bHYon port 9000","timestamp":"2026-02-13T10:52:56.950Z"}
{"level":"error","message":"PrismaClientValidationError: \nInvalid `prisma.refreshToken.create()` invocation in\nC:\\Abhishek\\Workspace\\Virtual Instructor\\AthenaVI_backend\\src\\modules\\auth\\auth.dao.js:28:36\n\n  25 const storeRefreshToken = async({token,sessionId, userId})=>{\n  26   console.log(`token: ${token}, sessionID: ${sessionId}, userID: ${userId}`);\n  27   \n→ 28   return await prisma.refreshToken.create({\n         data: {\n           sessionId: undefined,\n           userId: undefined,\n           expiresAt: 1770980034218,\n       +   hashedToken: String\n         }\n       })\n\nArgument `hashedToken` is missing.\n    at tr (C:\\Abhishek\\Workspace\\Virtual Instructor\\AthenaVI_backend\\node_modules\\@prisma\\client\\runtime\\client.js:10:1379)\n    at qr.handleRequestError (C:\\Abhishek\\Workspace\\Virtual Instructor\\AthenaVI_backend\\node_modules\\@prisma\\client\\runtime\\client.js:65:7815)\n    at qr.handleAndLogRequestError (C:\\Abhishek\\Workspace\\Virtual Instructor\\AthenaVI_backend\\node_modules\\@prisma\\client\\runtime\\client.js:65:7467)\n    at qr.request (C:\\Abhishek\\Workspace\\Virtual Instructor\\AthenaVI_backend\\node_modules\\@prisma\\client\\runtime\\client.js:65:7174)\n    at async a (C:\\Abhishek\\Workspace\\Virtual Instructor\\AthenaVI_backend\\node_modules\\@prisma\\client\\runtime\\client.js:75:5816)\n    at async Object.storeRefreshToken (C:\\Abhishek\\Workspace\\Virtual Instructor\\AthenaVI_backend\\src\\modules\\auth\\auth.dao.js:28:10)\n    at async C:\\Abhishek\\Workspace\\Virtual Instructor\\AthenaVI_backend\\src\\modules\\auth\\auth.controller.js:91:3","timestamp":"2026-02-13T10:53:54.241Z"}
{"level":"info","message":"Server running bHYon port 9000","timestamp":"2026-02-13T10:58:42.440Z"}
{"level":"info","message":"Server running bHYon port 9000","timestamp":"2026-02-13T10:58:44.756Z"}
{"level":"info","message":"Server running bHYon port 9000","timestamp":"2026-02-13T10:58:57.222Z"}
{"level":"info","message":"Server running bHYon port 9000","timestamp":"2026-02-13T10:59:01.178Z"}
{"level":"info","message":"Server running bHYon port 9000","timestamp":"2026-02-13T10:59:04.440Z"}
{"level":"info","message":"Server running bHYon port 9000","timestamp":"2026-02-13T10:59:28.003Z"}
{"level":"error","message":"PrismaClientValidationError: \nInvalid `prisma.refreshToken.create()` invocation in\nC:\\Abhishek\\Workspace\\Virtual Instructor\\AthenaVI_backend\\src\\modules\\auth\\auth.dao.js:28:36\n\n  25 const storeRefreshToken = async(hashedRefreshToken,sessionId, userId)=>{\n  26   console.log(`token: ${hashedRefreshToken}, sessionID: ${sessionId}, userID: ${userId}`);\n  27   \n→ 28   return await prisma.refreshToken.create({\n         data: {\n           hashedToken: {\n             hashedRefreshToken: \"$2b$10$sjBaSTvHKPRr2BwrfgUD7O3ooSuFfYW.psW0WkMoOdzuGozWzRaH2\",\n             sessionId: \"fd6b7df5-6f2f-4d35-91ab-c6d61a4f1baa\",\n             userId: undefined\n           },\n           userId: undefined,\n           expiresAt: 1770980477340,\n       +   sessionId: String\n         }\n       })\n\nArgument `sessionId` is missing.\n    at tr (C:\\Abhishek\\Workspace\\Virtual Instructor\\AthenaVI_backend\\node_modules\\@prisma\\client\\runtime\\client.js:10:1379)\n    at qr.handleRequestError (C:\\Abhishek\\Workspace\\Virtual Instructor\\AthenaVI_backend\\node_modules\\@prisma\\client\\runtime\\client.js:65:7815)\n    at qr.handleAndLogRequestError (C:\\Abhishek\\Workspace\\Virtual Instructor\\AthenaVI_backend\\node_modules\\@prisma\\client\\runtime\\client.js:65:7467)\n    at qr.request (C:\\Abhishek\\Workspace\\Virtual Instructor\\AthenaVI_backend\\node_modules\\@prisma\\client\\runtime\\client.js:65:7174)\n    at async a (C:\\Abhishek\\Workspace\\Virtual Instructor\\AthenaVI_backend\\node_modules\\@prisma\\client\\runtime\\client.js:75:5816)\n    at async Object.storeRefreshToken (C:\\Abhishek\\Workspace\\Virtual Instructor\\AthenaVI_backend\\src\\modules\\auth\\auth.dao.js:28:10)\n    at async C:\\Abhishek\\Workspace\\Virtual Instructor\\AthenaVI_backend\\src\\modules\\auth\\auth.controller.js:91:3","timestamp":"2026-02-13T11:01:17.416Z"}
{"level":"info","message":"Server running bHYon port 9000","timestamp":"2026-02-13T11:02:14.252Z"}
{"level":"info","message":"Server running bHYon port 9000","timestamp":"2026-02-13T11:02:23.896Z"}
{"level":"error","message":"PrismaClientValidationError: \nInvalid `prisma.refreshToken.create()` invocation in\nC:\\Abhishek\\Workspace\\Virtual Instructor\\AthenaVI_backend\\src\\modules\\auth\\auth.dao.js:28:36\n\n  25 const storeRefreshToken = async({hashedRefreshToken,sessionId, userId})=>{\n  26   console.log(`token: ${hashedRefreshToken}, sessionID: ${sessionId}, userID: ${userId}`);\n  27   \n→ 28   return await prisma.refreshToken.create({\n         data: {\n           hashedToken: \"$2b$10$Do5iuIKa95sVGBMBZMTFnug/xncot0GlwaxEmDioPzjXsmMGrVhyC\",\n           sessionId: \"d0b62551-4bed-4ac9-a491-4abc9481140c\",\n           userId: undefined,\n           expiresAt: 1770980603962,\n       +   user: {\n       +     create: UserCreateWithoutRefresh_tokenInput | UserUncheckedCreateWithoutRefresh_tokenInput,\n       +     connectOrCreate: UserCreateOrConnectWithoutRefresh_tokenInput,\n       +     connect: UserWhereUniqueInput\n       +   }\n         }\n       })\n\nArgument `user` is missing.\n    at tr (C:\\Abhishek\\Workspace\\Virtual Instructor\\AthenaVI_backend\\node_modules\\@prisma\\client\\runtime\\client.js:10:1379)\n    at qr.handleRequestError (C:\\Abhishek\\Workspace\\Virtual Instructor\\AthenaVI_backend\\node_modules\\@prisma\\client\\runtime\\client.js:65:7815)\n    at qr.handleAndLogRequestError (C:\\Abhishek\\Workspace\\Virtual Instructor\\AthenaVI_backend\\node_modules\\@prisma\\client\\runtime\\client.js:65:7467)\n    at qr.request (C:\\Abhishek\\Workspace\\Virtual Instructor\\AthenaVI_backend\\node_modules\\@prisma\\client\\runtime\\client.js:65:7174)\n    at async a (C:\\Abhishek\\Workspace\\Virtual Instructor\\AthenaVI_backend\\node_modules\\@prisma\\client\\runtime\\client.js:75:5816)\n    at async Object.storeRefreshToken (C:\\Abhishek\\Workspace\\Virtual Instructor\\AthenaVI_backend\\src\\modules\\auth\\auth.dao.js:28:10)\n    at async C:\\Abhishek\\Workspace\\Virtual Instructor\\AthenaVI_backend\\src\\modules\\auth\\auth.controller.js:91:3","timestamp":"2026-02-13T11:03:23.986Z"}
{"level":"info","message":"Server running bHYon port 9000","timestamp":"2026-02-13T11:03:50.328Z"}
{"level":"info","message":"Server running bHYon port 9000","timestamp":"2026-02-13T11:03:58.099Z"}
{"level":"info","message":"Server running bHYon port 9000","timestamp":"2026-02-13T11:04:02.756Z"}
{"level":"info","message":"Server running bHYon port 9000","timestamp":"2026-02-13T11:04:18.100Z"}
{"level":"error","message":"PrismaClientValidationError: \nInvalid `prisma.refreshToken.create()` invocation in\nC:\\Abhishek\\Workspace\\Virtual Instructor\\AthenaVI_backend\\src\\modules\\auth\\auth.dao.js:28:36\n\n  25 const storeRefreshToken = async({hashedRefreshToken,sessionId, userId})=>{\n  26   console.log(`token: ${hashedRefreshToken}, sessionID: ${sessionId}, userID: ${userId}`);\n  27   \n→ 28   return await prisma.refreshToken.create({\n         data: {\n           hashedToken: \"$2b$10$F7HJCnwChDmi3upGtr1JjeMutlY1OVI/desXsvCfN58hiYv6zRScu\",\n           sessionId: \"dd0caa9f-b124-4ded-883b-b88be00fa0e2\",\n           userId: undefined,\n           expiresAt: 1770980708039,\n       +   user: {\n       +     create: UserCreateWithoutRefresh_tokenInput | UserUncheckedCreateWithoutRefresh_tokenInput,\n       +     connectOrCreate: UserCreateOrConnectWithoutRefresh_tokenInput,\n       +     connect: UserWhereUniqueInput\n       +   }\n         }\n       })\n\nArgument `user` is missing.\n    at tr (C:\\Abhishek\\Workspace\\Virtual Instructor\\AthenaVI_backend\\node_modules\\@prisma\\client\\runtime\\client.js:10:1379)\n    at qr.handleRequestError (C:\\Abhishek\\Workspace\\Virtual Instructor\\AthenaVI_backend\\node_modules\\@prisma\\client\\runtime\\client.js:65:7815)\n    at qr.handleAndLogRequestError (C:\\Abhishek\\Workspace\\Virtual Instructor\\AthenaVI_backend\\node_modules\\@prisma\\client\\runtime\\client.js:65:7467)\n    at qr.request (C:\\Abhishek\\Workspace\\Virtual Instructor\\AthenaVI_backend\\node_modules\\@prisma\\client\\runtime\\client.js:65:7174)\n    at async a (C:\\Abhishek\\Workspace\\Virtual Instructor\\AthenaVI_backend\\node_modules\\@prisma\\client\\runtime\\client.js:75:5816)\n    at async Object.storeRefreshToken (C:\\Abhishek\\Workspace\\Virtual Instructor\\AthenaVI_backend\\src\\modules\\auth\\auth.dao.js:28:10)\n    at async C:\\Abhishek\\Workspace\\Virtual Instructor\\AthenaVI_backend\\src\\modules\\auth\\auth.controller.js:92:3","timestamp":"2026-02-13T11:05:08.071Z"}
{"level":"info","message":"Server running bHYon port 9000","timestamp":"2026-02-13T11:05:54.510Z"}
{"level":"info","message":"Server running bHYon port 9000","timestamp":"2026-02-13T11:06:17.807Z"}
{"level":"error","message":"PrismaClientValidationError: \nInvalid `prisma.refreshToken.create()` invocation in\nC:\\Abhishek\\Workspace\\Virtual Instructor\\AthenaVI_backend\\src\\modules\\auth\\auth.dao.js:29:36\n\n  26 const storeRefreshToken = async({hashedRefreshToken,sessionId, userId})=>{\n  27   console.log(`token: ${hashedRefreshToken}, sessionID: ${sessionId}, userID: ${userId}`);\n  28   \n→ 29   return await prisma.refreshToken.create({\n         data: {\n           hashedToken: \"$2b$10$XyaWzYPf5EUHPPM/XzLpOuvfst6fSL4Qkff6V5pyKL2gk1XC.afpq\",\n           sessionId: \"077f93ac-8f13-4b7c-8361-cca03ad71aa1\",\n           userId: \"b885523e-9e8e-4b3d-9ff4-dab9bdf23461\",\n           expiresAt: 1770980837704\n                      ~~~~~~~~~~~~~\n         }\n       })\n\nArgument `expiresAt`: Invalid value provided. Expected DateTime, provided Int.\n    at tr (C:\\Abhishek\\Workspace\\Virtual Instructor\\AthenaVI_backend\\node_modules\\@prisma\\client\\runtime\\client.js:10:1379)\n    at qr.handleRequestError (C:\\Abhishek\\Workspace\\Virtual Instructor\\AthenaVI_backend\\node_modules\\@prisma\\client\\runtime\\client.js:65:7815)\n    at qr.handleAndLogRequestError (C:\\Abhishek\\Workspace\\Virtual Instructor\\AthenaVI_backend\\node_modules\\@prisma\\client\\runtime\\client.js:65:7467)\n    at qr.request (C:\\Abhishek\\Workspace\\Virtual Instructor\\AthenaVI_backend\\node_modules\\@prisma\\client\\runtime\\client.js:65:7174)\n    at async a (C:\\Abhishek\\Workspace\\Virtual Instructor\\AthenaVI_backend\\node_modules\\@prisma\\client\\runtime\\client.js:75:5816)\n    at async Object.storeRefreshToken (C:\\Abhishek\\Workspace\\Virtual Instructor\\AthenaVI_backend\\src\\modules\\auth\\auth.dao.js:29:10)\n    at async C:\\Abhishek\\Workspace\\Virtual Instructor\\AthenaVI_backend\\src\\modules\\auth\\auth.controller.js:92:3","timestamp":"2026-02-13T11:07:17.733Z"}
{"level":"info","message":"Server running bHYon port 9000","timestamp":"2026-02-13T11:10:07.171Z"}
{"level":"error","message":"TypeError: Date.now is not a constructor\n    at Object.storeRefreshToken (C:\\Abhishek\\Workspace\\Virtual Instructor\\AthenaVI_backend\\src\\modules\\auth\\auth.dao.js:34:18)\n    at C:\\Abhishek\\Workspace\\Virtual Instructor\\AthenaVI_backend\\src\\modules\\auth\\auth.controller.js:92:17","timestamp":"2026-02-13T11:14:26.353Z"}
{"level":"info","message":"Server running bHYon port 9000","timestamp":"2026-02-13T11:16:56.621Z"}
{"level":"info","message":"Server running bHYon port 9000","timestamp":"2026-02-13T11:19:49.932Z"}
{"level":"info","message":"Server running bHYon port 9000","timestamp":"2026-02-13T11:56:00.477Z"}
{"level":"info","message":"Server running bHYon port 9000","timestamp":"2026-02-13T12:07:43.001Z"}
{"level":"info","message":"Server running bHYon port 9000","timestamp":"2026-02-13T12:11:10.090Z"}
{"level":"info","message":"Server running bHYon port 9000","timestamp":"2026-02-13T12:11:16.676Z"}
{"level":"info","message":"Server running bHYon port 9000","timestamp":"2026-02-13T12:11:55.500Z"}
{"level":"info","message":"Server running bHYon port 9000","timestamp":"2026-02-13T12:18:09.994Z"}
{"level":"info","message":"Server running bHYon port 9000","timestamp":"2026-02-13T12:19:31.678Z"}
{"level":"info","message":"Server running bHYon port 9000","timestamp":"2026-02-13T12:24:06.312Z"}
{"level":"info","message":"Server running bHYon port 9000","timestamp":"2026-02-14T04:26:39.850Z"}
{"level":"info","message":"Server running bHYon port 9000","timestamp":"2026-02-14T04:40:14.254Z"}
{"level":"info","message":"Server running bHYon port 9000","timestamp":"2026-02-14T04:49:19.066Z"}
{"level":"info","message":"Server running bHYon port 9000","timestamp":"2026-02-14T04:57:28.320Z"}
{"level":"info","message":"Server running bHYon port 9000","timestamp":"2026-02-14T04:57:31.444Z"}
{"level":"info","message":"Server running bHYon port 9000","timestamp":"2026-02-14T06:54:51.205Z"}
{"level":"info","message":"Server running bHYon port 9000","timestamp":"2026-02-14T06:57:15.214Z"}
{"level":"info","message":"Server running bHYon port 9000","timestamp":"2026-02-14T08:16:12.163Z"}
{"level":"info","message":"Server running bHYon port 9000","timestamp":"2026-02-14T08:19:56.282Z"}
{"level":"info","message":"Server running bHYon port 9000","timestamp":"2026-02-14T08:21:00.226Z"}
{"level":"info","message":"Server running bHYon port 9000","timestamp":"2026-02-14T08:22:18.782Z"}
{"level":"info","message":"Server running bHYon port 9000","timestamp":"2026-02-14T08:22:53.008Z"}
{"level":"info","message":"Server running bHYon port 9000","timestamp":"2026-02-14T09:26:01.809Z"}
{"level":"info","message":"Server running bHYon port 9000","timestamp":"2026-02-14T09:31:37.386Z"}
{"level":"info","message":"Server running bHYon port 9000","timestamp":"2026-02-14T09:35:38.659Z"}
{"level":"info","message":"Server running bHYon port 9000","timestamp":"2026-02-15T11:22:27.623Z"}
{"level":"info","message":"Server running bHYon port 9000","timestamp":"2026-02-16T05:16:09.029Z"}
{"level":"info","message":"Server running bHYon port 9000","timestamp":"2026-02-16T05:16:12.313Z"}
{"level":"info","message":"Server running bHYon port 9000","timestamp":"2026-02-16T05:16:16.577Z"}
{"level":"info","message":"Server running bHYon port 9000","timestamp":"2026-02-17T06:29:46.674Z"}
{"level":"error","message":"ReferenceError: Cannot access 'refreshToken' before initialization\n    at C:\\Abhishek\\Workspace\\Virtual Instructor\\AthenaVI_backend\\src\\modules\\auth\\auth.controller.js:84:33\n    at process.processTicksAndRejections (node:internal/process/task_queues:105:5)","timestamp":"2026-02-17T06:32:56.978Z"}
{"level":"info","message":"Server running bHYon port 9000","timestamp":"2026-02-17T06:35:28.229Z"}
{"level":"info","message":"Server running bHYon port 9000","timestamp":"2026-02-17T06:35:30.173Z"}
{"level":"error","message":"ReferenceError: hashedRefreshToken is not defined\n    at Object.create (C:\\Abhishek\\Workspace\\Virtual Instructor\\AthenaVI_backend\\src\\modules\\sessions\\refreshToken.dao.js:27:15)\n    at C:\\Abhishek\\Workspace\\Virtual Instructor\\AthenaVI_backend\\src\\modules\\auth\\auth.controller.js:98:25","timestamp":"2026-02-17T06:36:35.244Z"}
{"level":"info","message":"Server running bHYon port 9000","timestamp":"2026-02-17T06:37:14.319Z"}
{"level":"error","message":"PrismaClientValidationError: \nInvalid `prisma.refreshToken.create()` invocation in\nC:\\Abhishek\\Workspace\\Virtual Instructor\\AthenaVI_backend\\src\\modules\\sessions\\refreshToken.dao.js:30:36\n\n  27   `token: ${token}, sessionID: ${sessionId}, userID: ${userId}`\n  28 );\n  29 \n→ 30 return await prisma.refreshToken.create({\n       data: {\n         id: \"2fbf3f91-5dca-472a-8939-44da7bab32fb\",\n         sessionId: \"619d8e71-c6b1-4a14-aab8-0959b34d5b8e\",\n         userId: \"fb6e4224-be11-4470-8961-2b074250474b\",\n         expiresAt: new Date(\"2026-02-24T06:38:50.132Z\"),\n     +   hashedToken: String\n       }\n     })\n\nArgument `hashedToken` is missing.\n    at tr (C:\\Abhishek\\Workspace\\Virtual Instructor\\AthenaVI_backend\\node_modules\\@prisma\\client\\runtime\\client.js:10:1379)\n    at qr.handleRequestError (C:\\Abhishek\\Workspace\\Virtual Instructor\\AthenaVI_backend\\node_modules\\@prisma\\client\\runtime\\client.js:65:7815)\n    at qr.handleAndLogRequestError (C:\\Abhishek\\Workspace\\Virtual Instructor\\AthenaVI_backend\\node_modules\\@prisma\\client\\runtime\\client.js:65:7467)\n    at qr.request (C:\\Abhishek\\Workspace\\Virtual Instructor\\AthenaVI_backend\\node_modules\\@prisma\\client\\runtime\\client.js:65:7174)\n    at async a (C:\\Abhishek\\Workspace\\Virtual Instructor\\AthenaVI_backend\\node_modules\\@prisma\\client\\runtime\\client.js:75:5816)\n    at async Object.create (C:\\Abhishek\\Workspace\\Virtual Instructor\\AthenaVI_backend\\src\\modules\\sessions\\refreshToken.dao.js:30:10)\n    at async C:\\Abhishek\\Workspace\\Virtual Instructor\\AthenaVI_backend\\src\\modules\\auth\\auth.controller.js:98:3","timestamp":"2026-02-17T06:38:50.154Z"}
{"level":"info","message":"Server running bHYon port 9000","timestamp":"2026-02-17T06:40:45.959Z"}
{"level":"info","message":"Server running bHYon port 9000","timestamp":"2026-02-17T06:46:24.913Z"}
{"level":"info","message":"Server running bHYon port 9000","timestamp":"2026-02-17T06:46:35.558Z"}
{"level":"info","message":"Server running bHYon port 9000","timestamp":"2026-02-17T06:48:05.362Z"}
{"level":"info","message":"Server running bHYon port 9000","timestamp":"2026-02-17T06:50:47.991Z"}
{"level":"error","message":"TypeError: Cannot read properties of undefined (reading 'refreshToken')\n    at C:\\Abhishek\\Workspace\\Virtual Instructor\\AthenaVI_backend\\src\\modules\\auth\\auth.controller.js:227:36\n    at C:\\Abhishek\\Workspace\\Virtual Instructor\\AthenaVI_backend\\src\\shared\\utils\\asyncHandler.js:2:19\n    at Layer.handleRequest (C:\\Abhishek\\Workspace\\Virtual Instructor\\AthenaVI_backend\\node_modules\\router\\lib\\layer.js:152:17)\n    at next (C:\\Abhishek\\Workspace\\Virtual Instructor\\AthenaVI_backend\\node_modules\\router\\lib\\route.js:157:13)\n    at Route.dispatch (C:\\Abhishek\\Workspace\\Virtual Instructor\\AthenaVI_backend\\node_modules\\router\\lib\\route.js:117:3)\n    at handle (C:\\Abhishek\\Workspace\\Virtual Instructor\\AthenaVI_backend\\node_modules\\router\\index.js:435:11)\n    at Layer.handleRequest (C:\\Abhishek\\Workspace\\Virtual Instructor\\AthenaVI_backend\\node_modules\\router\\lib\\layer.js:152:17)\n    at C:\\Abhishek\\Workspace\\Virtual Instructor\\AthenaVI_backend\\node_modules\\router\\index.js:295:15\n    at processParams (C:\\Abhishek\\Workspace\\Virtual Instructor\\AthenaVI_backend\\node_modules\\router\\index.js:582:12)\n    at next (C:\\Abhishek\\Workspace\\Virtual Instructor\\AthenaVI_backend\\node_modules\\router\\index.js:291:5)","timestamp":"2026-02-17T06:54:40.053Z"}
{"level":"error","message":"TypeError: Cannot read properties of undefined (reading 'refreshToken')\n    at C:\\Abhishek\\Workspace\\Virtual Instructor\\AthenaVI_backend\\src\\modules\\auth\\auth.controller.js:227:36\n    at C:\\Abhishek\\Workspace\\Virtual Instructor\\AthenaVI_backend\\src\\shared\\utils\\asyncHandler.js:2:19\n    at Layer.handleRequest (C:\\Abhishek\\Workspace\\Virtual Instructor\\AthenaVI_backend\\node_modules\\router\\lib\\layer.js:152:17)\n    at next (C:\\Abhishek\\Workspace\\Virtual Instructor\\AthenaVI_backend\\node_modules\\router\\lib\\route.js:157:13)\n    at Route.dispatch (C:\\Abhishek\\Workspace\\Virtual Instructor\\AthenaVI_backend\\node_modules\\router\\lib\\route.js:117:3)\n    at handle (C:\\Abhishek\\Workspace\\Virtual Instructor\\AthenaVI_backend\\node_modules\\router\\index.js:435:11)\n    at Layer.handleRequest (C:\\Abhishek\\Workspace\\Virtual Instructor\\AthenaVI_backend\\node_modules\\router\\lib\\layer.js:152:17)\n    at C:\\Abhishek\\Workspace\\Virtual Instructor\\AthenaVI_backend\\node_modules\\router\\index.js:295:15\n    at processParams (C:\\Abhishek\\Workspace\\Virtual Instructor\\AthenaVI_backend\\node_modules\\router\\index.js:582:12)\n    at next (C:\\Abhishek\\Workspace\\Virtual Instructor\\AthenaVI_backend\\node_modules\\router\\index.js:291:5)","timestamp":"2026-02-17T06:56:27.006Z"}
{"level":"info","message":"Server running bHYon port 9000","timestamp":"2026-02-17T06:58:52.542Z"}
{"level":"error","message":"ReferenceError: tokenData is not defined\n    at C:\\Abhishek\\Workspace\\Virtual Instructor\\AthenaVI_backend\\src\\modules\\auth\\auth.controller.js:252:48\n    at process.processTicksAndRejections (node:internal/process/task_queues:105:5)","timestamp":"2026-02-17T06:59:08.180Z"}
{"level":"info","message":"Server running bHYon port 9000","timestamp":"2026-02-17T06:59:51.612Z"}
{"level":"error","message":"Error: data and hash arguments required\n    at Object.compare (C:\\Abhishek\\Workspace\\Virtual Instructor\\AthenaVI_backend\\node_modules\\bcrypt\\bcrypt.js:204:17)\n    at C:\\Abhishek\\Workspace\\Virtual Instructor\\AthenaVI_backend\\node_modules\\bcrypt\\promises.js:26:12\n    at new Promise (<anonymous>)\n    at Object.promise (C:\\Abhishek\\Workspace\\Virtual Instructor\\AthenaVI_backend\\node_modules\\bcrypt\\promises.js:17:12)\n    at Object.compare (C:\\Abhishek\\Workspace\\Virtual Instructor\\AthenaVI_backend\\node_modules\\bcrypt\\bcrypt.js:200:25)\n    at C:\\Abhishek\\Workspace\\Virtual Instructor\\AthenaVI_backend\\src\\modules\\auth\\auth.controller.js:252:32\n    at process.processTicksAndRejections (node:internal/process/task_queues:105:5)","timestamp":"2026-02-17T06:59:56.203Z"}
{"level":"info","message":"Server running bHYon port 9000","timestamp":"2026-02-17T07:02:55.203Z"}
{"level":"info","message":"Server running bHYon port 9000","timestamp":"2026-02-17T07:02:57.173Z"}
{"level":"info","message":"Server running bHYon port 9000","timestamp":"2026-02-17T07:03:00.550Z"}
{"level":"error","message":"Error: data and hash arguments required\n    at Object.compare (C:\\Abhishek\\Workspace\\Virtual Instructor\\AthenaVI_backend\\node_modules\\bcrypt\\bcrypt.js:204:17)\n    at C:\\Abhishek\\Workspace\\Virtual Instructor\\AthenaVI_backend\\node_modules\\bcrypt\\promises.js:26:12\n    at new Promise (<anonymous>)\n    at Object.promise (C:\\Abhishek\\Workspace\\Virtual Instructor\\AthenaVI_backend\\node_modules\\bcrypt\\promises.js:17:12)\n    at Object.compare (C:\\Abhishek\\Workspace\\Virtual Instructor\\AthenaVI_backend\\node_modules\\bcrypt\\bcrypt.js:200:25)\n    at C:\\Abhishek\\Workspace\\Virtual Instructor\\AthenaVI_backend\\src\\modules\\auth\\auth.controller.js:254:32\n    at process.processTicksAndRejections (node:internal/process/task_queues:105:5)","timestamp":"2026-02-17T07:03:04.217Z"}
{"level":"info","message":"Server running bHYon port 9000","timestamp":"2026-02-17T07:03:23.862Z"}
{"level":"info","message":"Server running bHYon port 9000","timestamp":"2026-02-17T07:03:27.250Z"}
{"level":"info","message":"Server running bHYon port 9000","timestamp":"2026-02-17T07:03:36.512Z"}
{"level":"info","message":"Server running bHYon port 9000","timestamp":"2026-02-17T07:03:38.695Z"}
{"level":"info","message":"Server running bHYon port 9000","timestamp":"2026-02-17T07:03:42.783Z"}
{"level":"info","message":"Server running bHYon port 9000","timestamp":"2026-02-17T07:03:45.006Z"}
{"level":"info","message":"Server running bHYon port 9000","timestamp":"2026-02-17T07:03:49.125Z"}
{"level":"info","message":"Server running bHYon port 9000","timestamp":"2026-02-17T07:03:53.014Z"}
{"level":"info","message":"Server running bHYon port 9000","timestamp":"2026-02-17T07:03:56.755Z"}
{"level":"error","message":"Error: Unauthorized\n    at C:\\Abhishek\\Workspace\\Virtual Instructor\\AthenaVI_backend\\src\\modules\\auth\\auth.controller.js:263:11\n    at process.processTicksAndRejections (node:internal/process/task_queues:105:5)","timestamp":"2026-02-17T07:04:01.855Z"}
{"level":"error","message":"Error: Unauthorized\n    at C:\\Abhishek\\Workspace\\Virtual Instructor\\AthenaVI_backend\\src\\modules\\auth\\auth.controller.js:263:11\n    at process.processTicksAndRejections (node:internal/process/task_queues:105:5)","timestamp":"2026-02-17T07:10:21.839Z"}
{"level":"info","message":"Server running bHYon port 9000","timestamp":"2026-02-17T07:22:56.337Z"}
{"level":"info","message":"Server running bHYon port 9000","timestamp":"2026-02-17T07:23:16.550Z"}
{"level":"error","message":"Error: Unauthorized\n    at C:\\Abhishek\\Workspace\\Virtual Instructor\\AthenaVI_backend\\src\\modules\\auth\\auth.controller.js:254:11\n    at process.processTicksAndRejections (node:internal/process/task_queues:105:5)","timestamp":"2026-02-17T07:23:50.843Z"}
{"level":"error","message":"ReferenceError: tokenData is not defined\n    at C:\\Abhishek\\Workspace\\Virtual Instructor\\AthenaVI_backend\\src\\modules\\auth\\auth.controller.js:268:18","timestamp":"2026-02-17T07:23:58.619Z"}
{"level":"info","message":"Server running bHYon port 9000","timestamp":"2026-02-17T07:24:22.815Z"}
{"level":"error","message":"Error: Session expired\n    at C:\\Abhishek\\Workspace\\Virtual Instructor\\AthenaVI_backend\\src\\modules\\auth\\auth.controller.js:271:11\n    at process.processTicksAndRejections (node:internal/process/task_queues:105:5)","timestamp":"2026-02-17T07:24:26.259Z"}
{"level":"error","message":"Error: Session expired\n    at C:\\Abhishek\\Workspace\\Virtual Instructor\\AthenaVI_backend\\src\\modules\\auth\\auth.controller.js:271:11\n    at process.processTicksAndRejections (node:internal/process/task_queues:105:5)","timestamp":"2026-02-17T07:24:38.111Z"}
{"level":"error","message":"Error: Session expired\n    at C:\\Abhishek\\Workspace\\Virtual Instructor\\AthenaVI_backend\\src\\modules\\auth\\auth.controller.js:271:11\n    at process.processTicksAndRejections (node:internal/process/task_queues:105:5)","timestamp":"2026-02-17T07:24:54.581Z"}
{"level":"info","message":"Server running bHYon port 9000","timestamp":"2026-02-17T07:27:34.767Z"}
{"level":"error","message":"PrismaClientValidationError: \nInvalid `prisma.refreshToken.update()` invocation in\nC:\\Abhishek\\Workspace\\Virtual Instructor\\AthenaVI_backend\\src\\modules\\sessions\\refreshToken.dao.js:10:30\n\n   7 };\n   8 \n   9 const revoke = async (id) => {\n→ 10   return prisma.refreshToken.update({\n         wehre: {\n         ~~~~~\n           id: \"cc8e35e0-d968-4fa6-9988-b79b057a8b01\"\n         },\n         data: {\n           isRevoked: true\n         },\n       ? where?: RefreshTokenWhereUniqueInput\n       })\n\nUnknown argument `wehre`. Did you mean `where`? Available options are marked with ?.\n    at tr (C:\\Abhishek\\Workspace\\Virtual Instructor\\AthenaVI_backend\\node_modules\\@prisma\\client\\runtime\\client.js:10:1379)\n    at qr.handleRequestError (C:\\Abhishek\\Workspace\\Virtual Instructor\\AthenaVI_backend\\node_modules\\@prisma\\client\\runtime\\client.js:65:7815)\n    at qr.handleAndLogRequestError (C:\\Abhishek\\Workspace\\Virtual Instructor\\AthenaVI_backend\\node_modules\\@prisma\\client\\runtime\\client.js:65:7467)\n    at qr.request (C:\\Abhishek\\Workspace\\Virtual Instructor\\AthenaVI_backend\\node_modules\\@prisma\\client\\runtime\\client.js:65:7174)\n    at process.processTicksAndRejections (node:internal/process/task_queues:105:5)\n    at async a (C:\\Abhishek\\Workspace\\Virtual Instructor\\AthenaVI_backend\\node_modules\\@prisma\\client\\runtime\\client.js:75:5816)\n    at async C:\\Abhishek\\Workspace\\Virtual Instructor\\AthenaVI_backend\\src\\modules\\auth\\auth.controller.js:275:3","timestamp":"2026-02-17T07:27:37.476Z"}
{"level":"info","message":"Server running bHYon port 9000","timestamp":"2026-02-17T07:28:32.139Z"}
{"level":"error","message":"ReferenceError: tokenData is not defined\n    at C:\\Abhishek\\Workspace\\Virtual Instructor\\AthenaVI_backend\\src\\modules\\auth\\auth.controller.js:290:13","timestamp":"2026-02-17T07:28:35.105Z"}
{"level":"info","message":"Server running bHYon port 9000","timestamp":"2026-02-17T07:28:50.636Z"}
{"level":"info","message":"Server running bHYon port 9000","timestamp":"2026-02-17T07:28:54.629Z"}
{"level":"info","message":"Server running bHYon port 9000","timestamp":"2026-02-17T07:28:57.614Z"}
{"level":"error","message":"Error: Unauthorized\n    at C:\\Abhishek\\Workspace\\Virtual Instructor\\AthenaVI_backend\\src\\modules\\auth\\auth.controller.js:254:11\n    at process.processTicksAndRejections (node:internal/process/task_queues:105:5)","timestamp":"2026-02-17T07:28:59.134Z"}
{"level":"error","message":"TypeError: authDao.storeRefreshToken is not a function\n    at C:\\Abhishek\\Workspace\\Virtual Instructor\\AthenaVI_backend\\src\\modules\\auth\\auth.controller.js:287:17","timestamp":"2026-02-17T07:29:58.907Z"}
{"level":"info","message":"Server running bHYon port 9000","timestamp":"2026-02-17T07:30:24.858Z"}
{"level":"error","message":"Error: Unauthorized\n    at C:\\Abhishek\\Workspace\\Virtual Instructor\\AthenaVI_backend\\src\\modules\\auth\\auth.controller.js:254:11\n    at process.processTicksAndRejections (node:internal/process/task_queues:105:5)","timestamp":"2026-02-17T07:30:26.396Z"}
{"level":"error","message":"TypeError: res.cookies is not a function\n    at C:\\Abhishek\\Workspace\\Virtual Instructor\\AthenaVI_backend\\src\\modules\\auth\\auth.controller.js:295:7\n    at process.processTicksAndRejections (node:internal/process/task_queues:105:5)","timestamp":"2026-02-17T07:30:38.327Z"}
{"level":"info","message":"Server running bHYon port 9000","timestamp":"2026-02-17T07:31:10.342Z"}
{"level":"error","message":"Error: Unauthorized\n    at C:\\Abhishek\\Workspace\\Virtual Instructor\\AthenaVI_backend\\src\\modules\\auth\\auth.controller.js:254:11\n    at process.processTicksAndRejections (node:internal/process/task_queues:105:5)","timestamp":"2026-02-17T07:31:16.238Z"}
{"level":"error","message":"ReferenceError: JsonWebTokenError is not defined\n    at C:\\Abhishek\\Workspace\\Virtual Instructor\\AthenaVI_backend\\src\\modules\\auth\\auth.controller.js:304:23\n    at process.processTicksAndRejections (node:internal/process/task_queues:105:5)","timestamp":"2026-02-17T07:31:26.160Z"}
{"level":"info","message":"Server running bHYon port 9000","timestamp":"2026-02-17T07:31:51.925Z"}
{"level":"error","message":"ReferenceError: jwt is not defined\n    at C:\\Abhishek\\Workspace\\Virtual Instructor\\AthenaVI_backend\\src\\modules\\auth\\auth.controller.js:304:23\n    at process.processTicksAndRejections (node:internal/process/task_queues:105:5)","timestamp":"2026-02-17T07:32:01.281Z"}
{"level":"info","message":"Server running bHYon port 9000","timestamp":"2026-02-17T07:33:18.892Z"}
{"level":"info","message":"Server running bHYon port 9000","timestamp":"2026-02-17T08:31:37.770Z"}
{"level":"info","message":"Server running bHYon port 9000","timestamp":"2026-02-17T08:31:41.539Z"}
{"level":"info","message":"Server running bHYon port 9000","timestamp":"2026-02-17T08:31:43.973Z"}
{"level":"info","message":"Server running bHYon port 9000","timestamp":"2026-02-17T08:31:47.582Z"}
{"level":"info","message":"Server running bHYon port 9000","timestamp":"2026-02-17T08:33:11.790Z"}
{"level":"info","message":"Server running bHYon port 9000","timestamp":"2026-02-17T08:47:32.811Z"}
{"level":"info","message":"Server running bHYon port 9000","timestamp":"2026-02-17T08:48:50.466Z"}
{"level":"error","message":"Error: Please wait before requesting OTP again\n    at Object.acquireOtpLock (C:\\Abhishek\\Workspace\\Virtual Instructor\\AthenaVI_backend\\src\\modules\\auth\\otp.service.js:23:11)\n    at process.processTicksAndRejections (node:internal/process/task_queues:105:5)\n    at async C:\\Abhishek\\Workspace\\Virtual Instructor\\AthenaVI_backend\\src\\modules\\auth\\auth.controller.js:134:3","timestamp":"2026-02-17T08:50:33.431Z"}
{"level":"error","message":"Error: Please wait before requesting OTP again\n    at Object.acquireOtpLock (C:\\Abhishek\\Workspace\\Virtual Instructor\\AthenaVI_backend\\src\\modules\\auth\\otp.service.js:23:11)\n    at process.processTicksAndRejections (node:internal/process/task_queues:105:5)\n    at async C:\\Abhishek\\Workspace\\Virtual Instructor\\AthenaVI_backend\\src\\modules\\auth\\auth.controller.js:134:3","timestamp":"2026-02-17T08:50:35.133Z"}
{"level":"error","message":"Error: Please wait before requesting OTP again\n    at Object.acquireOtpLock (C:\\Abhishek\\Workspace\\Virtual Instructor\\AthenaVI_backend\\src\\modules\\auth\\otp.service.js:23:11)\n    at process.processTicksAndRejections (node:internal/process/task_queues:105:5)\n    at async C:\\Abhishek\\Workspace\\Virtual Instructor\\AthenaVI_backend\\src\\modules\\auth\\auth.controller.js:134:3","timestamp":"2026-02-17T08:50:36.962Z"}
{"level":"error","message":"Error: Unauthorized\n    at C:\\Abhishek\\Workspace\\Virtual Instructor\\AthenaVI_backend\\src\\modules\\auth\\auth.controller.js:230:11\n    at C:\\Abhishek\\Workspace\\Virtual Instructor\\AthenaVI_backend\\src\\shared\\utils\\asyncHandler.js:2:19\n    at Layer.handleRequest (C:\\Abhishek\\Workspace\\Virtual Instructor\\AthenaVI_backend\\node_modules\\router\\lib\\layer.js:152:17)\n    at next (C:\\Abhishek\\Workspace\\Virtual Instructor\\AthenaVI_backend\\node_modules\\router\\lib\\route.js:157:13)\n    at Route.dispatch (C:\\Abhishek\\Workspace\\Virtual Instructor\\AthenaVI_backend\\node_modules\\router\\lib\\route.js:117:3)\n    at handle (C:\\Abhishek\\Workspace\\Virtual Instructor\\AthenaVI_backend\\node_modules\\router\\index.js:435:11)\n    at Layer.handleRequest (C:\\Abhishek\\Workspace\\Virtual Instructor\\AthenaVI_backend\\node_modules\\router\\lib\\layer.js:152:17)\n    at C:\\Abhishek\\Workspace\\Virtual Instructor\\AthenaVI_backend\\node_modules\\router\\index.js:295:15\n    at processParams (C:\\Abhishek\\Workspace\\Virtual Instructor\\AthenaVI_backend\\node_modules\\router\\index.js:582:12)\n    at next (C:\\Abhishek\\Workspace\\Virtual Instructor\\AthenaVI_backend\\node_modules\\router\\index.js:291:5)","timestamp":"2026-02-17T08:52:59.093Z"}
{"level":"info","message":"Server running bHYon port 9000","timestamp":"2026-02-17T08:59:54.359Z"}
{"level":"info","message":"Server running bHYon port 9000","timestamp":"2026-02-17T09:00:25.335Z"}
{"level":"info","message":"Server running bHYon port 9000","timestamp":"2026-02-17T09:28:03.315Z"}
{"level":"info","message":"Server running bHYon port 9000","timestamp":"2026-02-17T11:38:01.075Z"}
{"level":"info","message":"Server running bHYon port 9000","timestamp":"2026-02-17T12:05:34.618Z"}
{"level":"info","message":"Server running bHYon port 9000","timestamp":"2026-02-18T04:30:54.984Z"}
{"level":"info","message":"Server running bHYon port 9000","timestamp":"2026-02-18T06:52:34.251Z"}
{"level":"info","message":"Server running bHYon port 9000","timestamp":"2026-02-18T06:53:33.877Z"}
{"level":"error","message":"Error: Session expired\n    at C:\\Abhishek\\Workspace\\Virtual Instructor\\AthenaVI_backend\\src\\modules\\auth\\auth.controller.js:262:11\n    at process.processTicksAndRejections (node:internal/process/task_queues:105:5)","timestamp":"2026-02-18T06:53:55.339Z"}
{"level":"info","message":"Server running bHYon port 9000","timestamp":"2026-02-18T06:54:38.329Z"}
{"level":"info","message":"Server running bHYon port 9000","timestamp":"2026-02-18T06:54:42.231Z"}
{"level":"error","message":"Error: Session expired\n    at C:\\Abhishek\\Workspace\\Virtual Instructor\\AthenaVI_backend\\src\\modules\\auth\\auth.controller.js:264:11\n    at process.processTicksAndRejections (node:internal/process/task_queues:105:5)","timestamp":"2026-02-18T06:54:44.572Z"}
{"level":"info","message":"Server running bHYon port 9000","timestamp":"2026-02-18T06:55:16.950Z"}
{"level":"info","message":"Server running bHYon port 9000","timestamp":"2026-02-18T06:55:23.369Z"}
{"level":"info","message":"Server running bHYon port 9000","timestamp":"2026-02-18T06:55:27.092Z"}
{"level":"info","message":"Server running bHYon port 9000","timestamp":"2026-02-18T06:55:32.797Z"}
{"level":"error","message":"ReferenceError: redisClient is not defined\n    at C:\\Abhishek\\Workspace\\Virtual Instructor\\AthenaVI_backend\\src\\modules\\auth\\auth.controller.js:261:25\n    at process.processTicksAndRejections (node:internal/process/task_queues:105:5)","timestamp":"2026-02-18T06:55:47.184Z"}
{"level":"info","message":"Server running bHYon port 9000","timestamp":"2026-02-18T06:55:55.230Z"}
{"level":"info","message":"Server running bHYon port 9000","timestamp":"2026-02-18T06:58:33.342Z"}
{"level":"info","message":"Server running bHYon port 9000","timestamp":"2026-02-18T06:58:35.659Z"}
{"level":"info","message":"Server running bHYon port 9000","timestamp":"2026-02-18T06:58:37.472Z"}
{"level":"info","message":"Server running bHYon port 9000","timestamp":"2026-02-18T06:58:39.284Z"}
{"level":"error","message":"Error: Token expired\n    at C:\\Abhishek\\Workspace\\Virtual Instructor\\AthenaVI_backend\\src\\middlewares\\auth.middlware.js:21:11\n    at C:\\Abhishek\\Workspace\\Virtual Instructor\\AthenaVI_backend\\src\\shared\\utils\\asyncHandler.js:2:19\n    at Layer.handleRequest (C:\\Abhishek\\Workspace\\Virtual Instructor\\AthenaVI_backend\\node_modules\\router\\lib\\layer.js:152:17)\n    at next (C:\\Abhishek\\Workspace\\Virtual Instructor\\AthenaVI_backend\\node_modules\\router\\lib\\route.js:157:13)\n    at Route.dispatch (C:\\Abhishek\\Workspace\\Virtual Instructor\\AthenaVI_backend\\node_modules\\router\\lib\\route.js:117:3)\n    at handle (C:\\Abhishek\\Workspace\\Virtual Instructor\\AthenaVI_backend\\node_modules\\router\\index.js:435:11)\n    at Layer.handleRequest (C:\\Abhishek\\Workspace\\Virtual Instructor\\AthenaVI_backend\\node_modules\\router\\lib\\layer.js:152:17)\n    at C:\\Abhishek\\Workspace\\Virtual Instructor\\AthenaVI_backend\\node_modules\\router\\index.js:295:15\n    at processParams (C:\\Abhishek\\Workspace\\Virtual Instructor\\AthenaVI_backend\\node_modules\\router\\index.js:582:12)\n    at next (C:\\Abhishek\\Workspace\\Virtual Instructor\\AthenaVI_backend\\node_modules\\router\\index.js:291:5)","timestamp":"2026-02-18T07:00:56.911Z"}
{"level":"info","message":"Server running bHYon port 9000","timestamp":"2026-02-18T07:01:18.600Z"}
{"level":"info","message":"Server running bHYon port 9000","timestamp":"2026-02-18T07:01:29.911Z"}
{"level":"info","message":"Server running bHYon port 9000","timestamp":"2026-02-18T07:01:31.824Z"}
{"level":"info","message":"Server running bHYon port 9000","timestamp":"2026-02-18T07:04:33.489Z"}
{"level":"info","message":"Server running bHYon port 9000","timestamp":"2026-02-18T07:06:30.784Z"}
{"level":"info","message":"Server running bHYon port 9000","timestamp":"2026-02-18T07:06:40.547Z"}
{"level":"info","message":"Server running bHYon port 9000","timestamp":"2026-02-18T07:06:43.592Z"}
{"level":"info","message":"Server running bHYon port 9000","timestamp":"2026-02-18T07:06:50.637Z"}
{"level":"info","message":"Server running bHYon port 9000","timestamp":"2026-02-18T07:06:56.832Z"}
{"level":"info","message":"Server running bHYon port 9000","timestamp":"2026-02-18T07:07:01.849Z"}
{"level":"info","message":"Server running bHYon port 9000","timestamp":"2026-02-18T07:07:05.331Z"}
{"level":"info","message":"Server running bHYon port 9000","timestamp":"2026-02-18T07:07:06.709Z"}
{"level":"error","message":"TypeError: Invalid status code: undefined. Status code must be an integer.\n    at ServerResponse.status (C:\\Abhishek\\Workspace\\Virtual Instructor\\AthenaVI_backend\\node_modules\\express\\lib\\response.js:67:11)\n    at exports.successResponse (C:\\Abhishek\\Workspace\\Virtual Instructor\\AthenaVI_backend\\src\\shared\\utils\\apiResponse.js:2:14)\n    at C:\\Abhishek\\Workspace\\Virtual Instructor\\AthenaVI_backend\\src\\modules\\auth\\auth.controller.js:316:12\n    at C:\\Abhishek\\Workspace\\Virtual Instructor\\AthenaVI_backend\\src\\shared\\utils\\asyncHandler.js:2:19\n    at Layer.handleRequest (C:\\Abhishek\\Workspace\\Virtual Instructor\\AthenaVI_backend\\node_modules\\router\\lib\\layer.js:152:17)\n    at next (C:\\Abhishek\\Workspace\\Virtual Instructor\\AthenaVI_backend\\node_modules\\router\\lib\\route.js:157:13)\n    at Route.dispatch (C:\\Abhishek\\Workspace\\Virtual Instructor\\AthenaVI_backend\\node_modules\\router\\lib\\route.js:117:3)\n    at handle (C:\\Abhishek\\Workspace\\Virtual Instructor\\AthenaVI_backend\\node_modules\\router\\index.js:435:11)\n    at Layer.handleRequest (C:\\Abhishek\\Workspace\\Virtual Instructor\\AthenaVI_backend\\node_modules\\router\\lib\\layer.js:152:17)\n    at C:\\Abhishek\\Workspace\\Virtual Instructor\\AthenaVI_backend\\node_modules\\router\\index.js:295:15","timestamp":"2026-02-18T07:07:06.790Z"}
{"level":"info","message":"Server running bHYon port 9000","timestamp":"2026-02-18T07:07:22.263Z"}
{"level":"info","message":"Server running bHYon port 9000","timestamp":"2026-02-18T07:07:37.598Z"}
{"level":"info","message":"Server running bHYon port 9000","timestamp":"2026-02-18T07:07:38.764Z"}
{"level":"info","message":"Server running bHYon port 9000","timestamp":"2026-02-18T07:07:43.683Z"}
{"level":"info","message":"Server running bHYon port 9000","timestamp":"2026-02-18T07:07:47.327Z"}
{"level":"info","message":"Server running bHYon port 9000","timestamp":"2026-02-18T07:07:56.248Z"}
{"level":"info","message":"Server running bHYon port 9000","timestamp":"2026-02-18T07:07:59.009Z"}
{"level":"error","message":"Error: No refresh token, logout\n    at C:\\Abhishek\\Workspace\\Virtual Instructor\\AthenaVI_backend\\src\\modules\\auth\\auth.controller.js:316:11\n    at C:\\Abhishek\\Workspace\\Virtual Instructor\\AthenaVI_backend\\src\\shared\\utils\\asyncHandler.js:2:19\n    at Layer.handleRequest (C:\\Abhishek\\Workspace\\Virtual Instructor\\AthenaVI_backend\\node_modules\\router\\lib\\layer.js:152:17)\n    at next (C:\\Abhishek\\Workspace\\Virtual Instructor\\AthenaVI_backend\\node_modules\\router\\lib\\route.js:157:13)\n    at Route.dispatch (C:\\Abhishek\\Workspace\\Virtual Instructor\\AthenaVI_backend\\node_modules\\router\\lib\\route.js:117:3)\n    at handle (C:\\Abhishek\\Workspace\\Virtual Instructor\\AthenaVI_backend\\node_modules\\router\\index.js:435:11)\n    at Layer.handleRequest (C:\\Abhishek\\Workspace\\Virtual Instructor\\AthenaVI_backend\\node_modules\\router\\lib\\layer.js:152:17)\n    at C:\\Abhishek\\Workspace\\Virtual Instructor\\AthenaVI_backend\\node_modules\\router\\index.js:295:15\n    at processParams (C:\\Abhishek\\Workspace\\Virtual Instructor\\AthenaVI_backend\\node_modules\\router\\index.js:582:12)\n    at next (C:\\Abhishek\\Workspace\\Virtual Instructor\\AthenaVI_backend\\node_modules\\router\\index.js:291:5)","timestamp":"2026-02-18T07:08:00.701Z"}
{"level":"info","message":"Server running bHYon port 9000","timestamp":"2026-02-18T07:08:22.893Z"}
{"level":"info","message":"Server running bHYon port 9000","timestamp":"2026-02-18T07:08:30.680Z"}
{"level":"info","message":"Server running bHYon port 9000","timestamp":"2026-02-18T07:08:33.976Z"}
{"level":"info","message":"Server running bHYon port 9000","timestamp":"2026-02-18T07:08:35.273Z"}
{"level":"info","message":"Server running bHYon port 9000","timestamp":"2026-02-18T07:08:39.117Z"}
{"level":"info","message":"Server running bHYon port 9000","timestamp":"2026-02-18T07:08:43.993Z"}
{"level":"error","message":"Error: Refresh Token missing\n    at C:\\Abhishek\\Workspace\\Virtual Instructor\\AthenaVI_backend\\src\\modules\\auth\\auth.controller.js:316:11\n    at C:\\Abhishek\\Workspace\\Virtual Instructor\\AthenaVI_backend\\src\\shared\\utils\\asyncHandler.js:2:19\n    at Layer.handleRequest (C:\\Abhishek\\Workspace\\Virtual Instructor\\AthenaVI_backend\\node_modules\\router\\lib\\layer.js:152:17)\n    at next (C:\\Abhishek\\Workspace\\Virtual Instructor\\AthenaVI_backend\\node_modules\\router\\lib\\route.js:157:13)\n    at Route.dispatch (C:\\Abhishek\\Workspace\\Virtual Instructor\\AthenaVI_backend\\node_modules\\router\\lib\\route.js:117:3)\n    at handle (C:\\Abhishek\\Workspace\\Virtual Instructor\\AthenaVI_backend\\node_modules\\router\\index.js:435:11)\n    at Layer.handleRequest (C:\\Abhishek\\Workspace\\Virtual Instructor\\AthenaVI_backend\\node_modules\\router\\lib\\layer.js:152:17)\n    at C:\\Abhishek\\Workspace\\Virtual Instructor\\AthenaVI_backend\\node_modules\\router\\index.js:295:15\n    at processParams (C:\\Abhishek\\Workspace\\Virtual Instructor\\AthenaVI_backend\\node_modules\\router\\index.js:582:12)\n    at next (C:\\Abhishek\\Workspace\\Virtual Instructor\\AthenaVI_backend\\node_modules\\router\\index.js:291:5)","timestamp":"2026-02-18T07:08:58.230Z"}
{"level":"info","message":"Server running bHYon port 9000","timestamp":"2026-02-18T07:09:12.863Z"}
{"level":"error","message":"Error: Refresh Token missing\n    at C:\\Abhishek\\Workspace\\Virtual Instructor\\AthenaVI_backend\\src\\modules\\auth\\auth.controller.js:316:11\n    at C:\\Abhishek\\Workspace\\Virtual Instructor\\AthenaVI_backend\\src\\shared\\utils\\asyncHandler.js:2:19\n    at Layer.handleRequest (C:\\Abhishek\\Workspace\\Virtual Instructor\\AthenaVI_backend\\node_modules\\router\\lib\\layer.js:152:17)\n    at next (C:\\Abhishek\\Workspace\\Virtual Instructor\\AthenaVI_backend\\node_modules\\router\\lib\\route.js:157:13)\n    at Route.dispatch (C:\\Abhishek\\Workspace\\Virtual Instructor\\AthenaVI_backend\\node_modules\\router\\lib\\route.js:117:3)\n    at handle (C:\\Abhishek\\Workspace\\Virtual Instructor\\AthenaVI_backend\\node_modules\\router\\index.js:435:11)\n    at Layer.handleRequest (C:\\Abhishek\\Workspace\\Virtual Instructor\\AthenaVI_backend\\node_modules\\router\\lib\\layer.js:152:17)\n    at C:\\Abhishek\\Workspace\\Virtual Instructor\\AthenaVI_backend\\node_modules\\router\\index.js:295:15\n    at processParams (C:\\Abhishek\\Workspace\\Virtual Instructor\\AthenaVI_backend\\node_modules\\router\\index.js:582:12)\n    at next (C:\\Abhishek\\Workspace\\Virtual Instructor\\AthenaVI_backend\\node_modules\\router\\index.js:291:5)","timestamp":"2026-02-18T07:09:24.027Z"}
{"level":"error","message":"Error: Refresh Token missing\n    at C:\\Abhishek\\Workspace\\Virtual Instructor\\AthenaVI_backend\\src\\modules\\auth\\auth.controller.js:316:11\n    at C:\\Abhishek\\Workspace\\Virtual Instructor\\AthenaVI_backend\\src\\shared\\utils\\asyncHandler.js:2:19\n    at Layer.handleRequest (C:\\Abhishek\\Workspace\\Virtual Instructor\\AthenaVI_backend\\node_modules\\router\\lib\\layer.js:152:17)\n    at next (C:\\Abhishek\\Workspace\\Virtual Instructor\\AthenaVI_backend\\node_modules\\router\\lib\\route.js:157:13)\n    at Route.dispatch (C:\\Abhishek\\Workspace\\Virtual Instructor\\AthenaVI_backend\\node_modules\\router\\lib\\route.js:117:3)\n    at handle (C:\\Abhishek\\Workspace\\Virtual Instructor\\AthenaVI_backend\\node_modules\\router\\index.js:435:11)\n    at Layer.handleRequest (C:\\Abhishek\\Workspace\\Virtual Instructor\\AthenaVI_backend\\node_modules\\router\\lib\\layer.js:152:17)\n    at C:\\Abhishek\\Workspace\\Virtual Instructor\\AthenaVI_backend\\node_modules\\router\\index.js:295:15\n    at processParams (C:\\Abhishek\\Workspace\\Virtual Instructor\\AthenaVI_backend\\node_modules\\router\\index.js:582:12)\n    at next (C:\\Abhishek\\Workspace\\Virtual Instructor\\AthenaVI_backend\\node_modules\\router\\index.js:291:5)","timestamp":"2026-02-18T07:12:05.987Z"}
{"level":"info","message":"Server running bHYon port 9000","timestamp":"2026-02-18T09:27:46.717Z"}
{"level":"info","message":"Server running bHYon port 9000","timestamp":"2026-02-18T09:27:51.811Z"}
{"level":"info","message":"Server running bHYon port 9000","timestamp":"2026-02-18T09:27:58.638Z"}
{"level":"error","message":"TypeError: Cannot destructure property 'sessionId' of 'undefined' as it is undefined.\n    at deleteSession (C:\\Abhishek\\Workspace\\Virtual Instructor\\AthenaVI_backend\\src\\modules\\sessions\\session.service.js:27:32)\n    at C:\\Abhishek\\Workspace\\Virtual Instructor\\AthenaVI_backend\\src\\modules\\auth\\auth.controller.js:326:9\n    at C:\\Abhishek\\Workspace\\Virtual Instructor\\AthenaVI_backend\\src\\shared\\utils\\asyncHandler.js:2:19\n    at Layer.handleRequest (C:\\Abhishek\\Workspace\\Virtual Instructor\\AthenaVI_backend\\node_modules\\router\\lib\\layer.js:152:17)\n    at next (C:\\Abhishek\\Workspace\\Virtual Instructor\\AthenaVI_backend\\node_modules\\router\\lib\\route.js:157:13)\n    at Route.dispatch (C:\\Abhishek\\Workspace\\Virtual Instructor\\AthenaVI_backend\\node_modules\\router\\lib\\route.js:117:3)\n    at handle (C:\\Abhishek\\Workspace\\Virtual Instructor\\AthenaVI_backend\\node_modules\\router\\index.js:435:11)\n    at Layer.handleRequest (C:\\Abhishek\\Workspace\\Virtual Instructor\\AthenaVI_backend\\node_modules\\router\\lib\\layer.js:152:17)\n    at C:\\Abhishek\\Workspace\\Virtual Instructor\\AthenaVI_backend\\node_modules\\router\\index.js:295:15\n    at processParams (C:\\Abhishek\\Workspace\\Virtual Instructor\\AthenaVI_backend\\node_modules\\router\\index.js:582:12)","timestamp":"2026-02-18T09:28:23.142Z"}
{"level":"info","message":"Server running bHYon port 9000","timestamp":"2026-02-18T09:29:29.689Z"}
{"level":"error","message":"Error: read ECONNRESET\n    at TLSWrap.onStreamRead (node:internal/stream_base_commons:216:20)","timestamp":"2026-02-18T09:30:10.808Z"}
{"level":"error","message":"Error: read ECONNRESET\n    at TLSWrap.onStreamRead (node:internal/stream_base_commons:216:20)","timestamp":"2026-02-18T09:30:10.817Z"}
{"level":"info","message":"Server running bHYon port 9000","timestamp":"2026-02-18T09:31:42.243Z"}
{"level":"info","message":"Server running bHYon port 9000","timestamp":"2026-02-18T10:03:00.573Z"}
{"level":"info","message":"Server running bHYon port 9000","timestamp":"2026-02-18T10:03:17.347Z"}
{"level":"info","message":"Server running bHYon port 9000","timestamp":"2026-02-18T10:03:21.586Z"}
{"level":"info","message":"Server running bHYon port 9000","timestamp":"2026-02-18T10:03:44.437Z"}
{"level":"info","message":"Server running bHYon port 9000","timestamp":"2026-02-18T10:17:32.090Z"}
{"level":"info","message":"Server running bHYon port 9000","timestamp":"2026-02-18T10:51:25.389Z"}
{"level":"info","message":"Server running bHYon port 9000","timestamp":"2026-02-18T10:52:17.847Z"}
{"level":"info","message":"Server running bHYon port 9000","timestamp":"2026-02-18T10:52:19.142Z"}
{"level":"info","message":"Server running bHYon port 9000","timestamp":"2026-02-18T10:52:25.804Z"}
{"level":"info","message":"Server running bHYon port 9000","timestamp":"2026-02-18T10:52:33.397Z"}
{"level":"info","message":"Server running bHYon port 9000","timestamp":"2026-02-18T10:52:53.992Z"}
{"level":"info","message":"Server running bHYon port 9000","timestamp":"2026-02-18T10:52:55.240Z"}
{"level":"info","message":"Server running bHYon port 9000","timestamp":"2026-02-18T10:52:56.714Z"}
{"level":"info","message":"Server running bHYon port 9000","timestamp":"2026-02-18T10:53:04.042Z"}
{"level":"error","message":"Error: Unauthorized\n    at C:\\Abhishek\\Workspace\\Virtual Instructor\\AthenaVI_backend\\src\\middlewares\\auth.middlware.js:13:11\n    at C:\\Abhishek\\Workspace\\Virtual Instructor\\AthenaVI_backend\\src\\shared\\utils\\asyncHandler.js:2:19\n    at Layer.handleRequest (C:\\Abhishek\\Workspace\\Virtual Instructor\\AthenaVI_backend\\node_modules\\router\\lib\\layer.js:152:17)\n    at next (C:\\Abhishek\\Workspace\\Virtual Instructor\\AthenaVI_backend\\node_modules\\router\\lib\\route.js:157:13)\n    at Route.dispatch (C:\\Abhishek\\Workspace\\Virtual Instructor\\AthenaVI_backend\\node_modules\\router\\lib\\route.js:117:3)\n    at handle (C:\\Abhishek\\Workspace\\Virtual Instructor\\AthenaVI_backend\\node_modules\\router\\index.js:435:11)\n    at Layer.handleRequest (C:\\Abhishek\\Workspace\\Virtual Instructor\\AthenaVI_backend\\node_modules\\router\\lib\\layer.js:152:17)\n    at C:\\Abhishek\\Workspace\\Virtual Instructor\\AthenaVI_backend\\node_modules\\router\\index.js:295:15\n    at processParams (C:\\Abhishek\\Workspace\\Virtual Instructor\\AthenaVI_backend\\node_modules\\router\\index.js:582:12)\n    at next (C:\\Abhishek\\Workspace\\Virtual Instructor\\AthenaVI_backend\\node_modules\\router\\index.js:291:5)","timestamp":"2026-02-18T10:53:24.792Z"}
{"level":"info","message":"Server running bHYon port 9000","timestamp":"2026-02-18T10:54:12.826Z"}
{"level":"info","message":"Server running bHYon port 9000","timestamp":"2026-02-18T10:54:15.051Z"}
{"level":"error","message":"Error: Session expired\n    at C:\\Abhishek\\Workspace\\Virtual Instructor\\AthenaVI_backend\\src\\middlewares\\auth.middlware.js:42:11\n    at process.processTicksAndRejections (node:internal/process/task_queues:105:5)","timestamp":"2026-02-18T10:56:21.263Z"}
{"level":"info","message":"Server running bHYon port 9000","timestamp":"2026-02-18T11:00:02.295Z"}
{"level":"error","message":"Error: Refresh Token missing\n    at C:\\Abhishek\\Workspace\\Virtual Instructor\\AthenaVI_backend\\src\\modules\\auth\\auth.controller.js:316:11\n    at C:\\Abhishek\\Workspace\\Virtual Instructor\\AthenaVI_backend\\src\\shared\\utils\\asyncHandler.js:2:19\n    at Layer.handleRequest (C:\\Abhishek\\Workspace\\Virtual Instructor\\AthenaVI_backend\\node_modules\\router\\lib\\layer.js:152:17)\n    at next (C:\\Abhishek\\Workspace\\Virtual Instructor\\AthenaVI_backend\\node_modules\\router\\lib\\route.js:157:13)\n    at Route.dispatch (C:\\Abhishek\\Workspace\\Virtual Instructor\\AthenaVI_backend\\node_modules\\router\\lib\\route.js:117:3)\n    at handle (C:\\Abhishek\\Workspace\\Virtual Instructor\\AthenaVI_backend\\node_modules\\router\\index.js:435:11)\n    at Layer.handleRequest (C:\\Abhishek\\Workspace\\Virtual Instructor\\AthenaVI_backend\\node_modules\\router\\lib\\layer.js:152:17)\n    at C:\\Abhishek\\Workspace\\Virtual Instructor\\AthenaVI_backend\\node_modules\\router\\index.js:295:15\n    at processParams (C:\\Abhishek\\Workspace\\Virtual Instructor\\AthenaVI_backend\\node_modules\\router\\index.js:582:12)\n    at next (C:\\Abhishek\\Workspace\\Virtual Instructor\\AthenaVI_backend\\node_modules\\router\\index.js:291:5)","timestamp":"2026-02-18T11:00:20.418Z"}
{"level":"info","message":"Server running bHYon port 9000","timestamp":"2026-02-18T11:01:42.527Z"}
{"level":"info","message":"Server running bHYon port 9000","timestamp":"2026-02-18T11:01:44.628Z"}
{"level":"info","message":"Server running bHYon port 9000","timestamp":"2026-02-18T11:02:59.212Z"}
{"level":"info","message":"Server running bHYon port 9000","timestamp":"2026-02-18T11:03:07.874Z"}
{"level":"info","message":"Server running bHYon port 9000","timestamp":"2026-02-18T11:03:10.083Z"}
{"level":"info","message":"Server running bHYon port 9000","timestamp":"2026-02-18T11:03:11.105Z"}
{"level":"info","message":"Server running bHYon port 9000","timestamp":"2026-02-18T11:03:17.238Z"}
{"level":"info","message":"Server running bHYon port 9000","timestamp":"2026-02-18T11:03:37.603Z"}
{"level":"info","message":"Server running bHYon port 9000","timestamp":"2026-02-18T11:03:38.999Z"}
{"level":"error","message":"Error: Session expired\n    at C:\\Abhishek\\Workspace\\Virtual Instructor\\AthenaVI_backend\\src\\middlewares\\auth.middlware.js:42:11\n    at process.processTicksAndRejections (node:internal/process/task_queues:105:5)","timestamp":"2026-02-18T11:04:23.527Z"}
{"level":"info","message":"Server running bHYon port 9000","timestamp":"2026-02-18T11:14:53.207Z"}
{"level":"info","message":"Server running bHYon port 9000","timestamp":"2026-02-18T11:14:54.899Z"}
{"level":"info","message":"Server running bHYon port 9000","timestamp":"2026-02-18T11:18:43.506Z"}
{"level":"info","message":"Server running bHYon port 9000","timestamp":"2026-02-18T11:18:44.685Z"}
{"level":"info","message":"Server running bHYon port 9000","timestamp":"2026-02-18T11:40:24.742Z"}
{"level":"info","message":"Server running bHYon port 9000","timestamp":"2026-02-18T11:40:34.644Z"}
{"level":"info","message":"Server running bHYon port 9000","timestamp":"2026-02-18T11:40:36.113Z"}
{"level":"info","message":"Server running bHYon port 9000","timestamp":"2026-02-18T11:40:47.910Z"}
{"level":"info","message":"Server running bHYon port 9000","timestamp":"2026-02-18T11:40:50.107Z"}
{"level":"info","message":"Server running bHYon port 9000","timestamp":"2026-02-18T11:40:53.475Z"}
{"level":"info","message":"Server running bHYon port 9000","timestamp":"2026-02-18T11:40:56.657Z"}
{"level":"info","message":"Server running bHYon port 9000","timestamp":"2026-02-18T11:41:46.287Z"}
{"level":"info","message":"Server running bHYon port 9000","timestamp":"2026-02-18T11:41:50.800Z"}
{"level":"info","message":"Server running bHYon port 9000","timestamp":"2026-02-18T11:41:52.794Z"}
{"level":"info","message":"Server running bHYon port 9000","timestamp":"2026-02-18T11:41:56.062Z"}
{"level":"info","message":"Server running bHYon port 9000","timestamp":"2026-02-18T11:42:18.761Z"}
{"level":"info","message":"Server running bHYon port 9000","timestamp":"2026-02-18T11:42:31.767Z"}
{"level":"info","message":"Server running bHYon port 9000","timestamp":"2026-02-18T11:42:43.111Z"}
{"level":"info","message":"Server running bHYon port 9000","timestamp":"2026-02-18T11:42:46.709Z"}
{"level":"info","message":"Server running bHYon port 9000","timestamp":"2026-02-18T11:43:03.716Z"}
{"level":"info","message":"Server running bHYon port 9000","timestamp":"2026-02-18T11:43:05.337Z"}
{"level":"info","message":"Server running bHYon port 9000","timestamp":"2026-02-18T11:43:08.553Z"}
{"level":"info","message":"Server running bHYon port 9000","timestamp":"2026-02-18T11:43:10.724Z"}
{"level":"info","message":"Server running bHYon port 9000","timestamp":"2026-02-18T11:43:57.698Z"}
{"level":"info","message":"Server running bHYon port 9000","timestamp":"2026-02-18T11:44:01.049Z"}
{"level":"info","message":"Server running bHYon port 9000","timestamp":"2026-02-18T11:44:03.706Z"}
{"level":"info","message":"Server running bHYon port 9000","timestamp":"2026-02-18T11:44:06.232Z"}
{"level":"info","message":"Server running bHYon port 9000","timestamp":"2026-02-18T11:44:13.853Z"}
{"level":"info","message":"Server running bHYon port 9000","timestamp":"2026-02-18T11:44:17.630Z"}
{"level":"info","message":"Server running bHYon port 9000","timestamp":"2026-02-18T11:44:26.831Z"}
{"level":"info","message":"Server running bHYon port 9000","timestamp":"2026-02-18T11:44:44.699Z"}
{"level":"info","message":"Server running bHYon port 9000","timestamp":"2026-02-18T11:45:14.788Z"}
{"level":"info","message":"Server running bHYon port 9000","timestamp":"2026-02-18T11:45:20.688Z"}
{"level":"info","message":"Server running bHYon port 9000","timestamp":"2026-02-18T11:45:38.562Z"}
{"level":"info","message":"Server running bHYon port 9000","timestamp":"2026-02-18T11:46:06.991Z"}
{"level":"info","message":"Server running bHYon port 9000","timestamp":"2026-02-18T11:46:54.416Z"}
{"level":"info","message":"Server running bHYon port 9000","timestamp":"2026-02-18T11:48:16.597Z"}
{"level":"info","message":"Server running bHYon port 9000","timestamp":"2026-02-18T11:48:55.033Z"}
{"level":"error","message":"Error: Unauthorized\n    at C:\\Abhishek\\Workspace\\Virtual Instructor\\AthenaVI_backend\\src\\middlewares\\auth.middlware.js:11:11\n    at C:\\Abhishek\\Workspace\\Virtual Instructor\\AthenaVI_backend\\src\\shared\\utils\\asyncHandler.js:2:19\n    at Layer.handleRequest (C:\\Abhishek\\Workspace\\Virtual Instructor\\AthenaVI_backend\\node_modules\\router\\lib\\layer.js:152:17)\n    at next (C:\\Abhishek\\Workspace\\Virtual Instructor\\AthenaVI_backend\\node_modules\\router\\lib\\route.js:157:13)\n    at Route.dispatch (C:\\Abhishek\\Workspace\\Virtual Instructor\\AthenaVI_backend\\node_modules\\router\\lib\\route.js:117:3)\n    at handle (C:\\Abhishek\\Workspace\\Virtual Instructor\\AthenaVI_backend\\node_modules\\router\\index.js:435:11)\n    at Layer.handleRequest (C:\\Abhishek\\Workspace\\Virtual Instructor\\AthenaVI_backend\\node_modules\\router\\lib\\layer.js:152:17)\n    at C:\\Abhishek\\Workspace\\Virtual Instructor\\AthenaVI_backend\\node_modules\\router\\index.js:295:15\n    at processParams (C:\\Abhishek\\Workspace\\Virtual Instructor\\AthenaVI_backend\\node_modules\\router\\index.js:582:12)\n    at next (C:\\Abhishek\\Workspace\\Virtual Instructor\\AthenaVI_backend\\node_modules\\router\\index.js:291:5)","timestamp":"2026-02-18T11:49:02.234Z"}
{"level":"error","message":"PrismaClientValidationError: \nInvalid `prisma.refreshToken.findUnique()` invocation in\nC:\\Abhishek\\Workspace\\Virtual Instructor\\AthenaVI_backend\\src\\modules\\sessions\\refreshToken.dao.js:10:36\n\n   7 };\n   8 \n   9 const findByUserId = async (userId) => {\n→ 10   return await prisma.refreshToken.findUnique({\n         where: {\n           userId: \"cd34c2fe-f45c-4654-932d-25b9bf9d4398\",\n           isRevoked: false,\n       ?   id?: String,\n       ?   AND?: RefreshTokenWhereInput | RefreshTokenWhereInput[],\n       ?   OR?: RefreshTokenWhereInput[],\n       ?   NOT?: RefreshTokenWhereInput | RefreshTokenWhereInput[],\n       ?   hashedToken?: StringFilter | String,\n       ?   sessionId?: StringFilter | String,\n       ?   expiresAt?: DateTimeFilter | DateTime,\n       ?   createdAt?: DateTimeFilter | DateTime,\n       ?   user?: UserScalarRelationFilter | UserWhereInput\n         }\n       })\n\nArgument `where` of type RefreshTokenWhereUniqueInput needs at least one of `id` arguments. Available options are marked with ?.\n    at tr (C:\\Abhishek\\Workspace\\Virtual Instructor\\AthenaVI_backend\\node_modules\\@prisma\\client\\runtime\\client.js:10:1379)\n    at qr.handleRequestError (C:\\Abhishek\\Workspace\\Virtual Instructor\\AthenaVI_backend\\node_modules\\@prisma\\client\\runtime\\client.js:65:7815)\n    at qr.handleAndLogRequestError (C:\\Abhishek\\Workspace\\Virtual Instructor\\AthenaVI_backend\\node_modules\\@prisma\\client\\runtime\\client.js:65:7467)\n    at qr.request (C:\\Abhishek\\Workspace\\Virtual Instructor\\AthenaVI_backend\\node_modules\\@prisma\\client\\runtime\\client.js:65:7174)\n    at process.processTicksAndRejections (node:internal/process/task_queues:105:5)\n    at async a (C:\\Abhishek\\Workspace\\Virtual Instructor\\AthenaVI_backend\\node_modules\\@prisma\\client\\runtime\\client.js:75:5816)\n    at async Object.findByUserId (C:\\Abhishek\\Workspace\\Virtual Instructor\\AthenaVI_backend\\src\\modules\\sessions\\refreshToken.dao.js:10:10)\n    at async C:\\Abhishek\\Workspace\\Virtual Instructor\\AthenaVI_backend\\src\\modules\\auth\\auth.controller.js:347:18","timestamp":"2026-02-18T11:50:44.074Z"}
{"level":"info","message":"Server running bHYon port 9000","timestamp":"2026-02-18T11:52:45.929Z"}
{"level":"info","message":"Server running bHYon port 9000","timestamp":"2026-02-18T11:52:50.267Z"}
{"level":"info","message":"Server running bHYon port 9000","timestamp":"2026-02-18T11:53:52.445Z"}
{"level":"info","message":"Server running bHYon port 9000","timestamp":"2026-02-18T11:53:53.880Z"}
{"level":"info","message":"Server running bHYon port 9000","timestamp":"2026-02-18T11:53:59.394Z"}
{"level":"info","message":"Server running bHYon port 9000","timestamp":"2026-02-18T12:11:51.828Z"}
{"level":"info","message":"Server running bHYon port 9000","timestamp":"2026-02-18T12:11:54.671Z"}
{"level":"info","message":"Server running bHYon port 9000","timestamp":"2026-02-18T12:11:56.677Z"}
{"level":"info","message":"Server running bHYon port 9000","timestamp":"2026-02-18T12:11:58.558Z"}
{"level":"error","message":"Error: Session expired\n    at C:\\Abhishek\\Workspace\\Virtual Instructor\\AthenaVI_backend\\src\\middlewares\\auth.middlware.js:40:11\n    at process.processTicksAndRejections (node:internal/process/task_queues:105:5)","timestamp":"2026-02-18T12:12:25.270Z"}
{"level":"error","message":"Error: Session expired\n    at C:\\Abhishek\\Workspace\\Virtual Instructor\\AthenaVI_backend\\src\\middlewares\\auth.middlware.js:40:11\n    at process.processTicksAndRejections (node:internal/process/task_queues:105:5)","timestamp":"2026-02-18T12:15:36.708Z"}
{"level":"error","message":"Error: Session expired\n    at C:\\Abhishek\\Workspace\\Virtual Instructor\\AthenaVI_backend\\src\\middlewares\\auth.middlware.js:40:11\n    at process.processTicksAndRejections (node:internal/process/task_queues:105:5)","timestamp":"2026-02-18T12:16:07.316Z"}
{"level":"info","message":"Server running bHYon port 9000","timestamp":"2026-02-19T04:54:04.176Z"}
{"level":"error","message":"Error: Please wait before requesting OTP again\n    at Object.acquireOtpLock (C:\\Abhishek\\Workspace\\Virtual Instructor\\AthenaVI_backend\\src\\modules\\auth\\otp.service.js:23:11)\n    at process.processTicksAndRejections (node:internal/process/task_queues:105:5)\n    at async C:\\Abhishek\\Workspace\\Virtual Instructor\\AthenaVI_backend\\src\\modules\\auth\\auth.controller.js:131:3","timestamp":"2026-02-19T05:09:26.747Z"}
{"level":"error","message":"Error: Email already registered\n    at C:\\Abhishek\\Workspace\\Virtual Instructor\\AthenaVI_backend\\src\\modules\\auth\\auth.controller.js:52:11\n    at process.processTicksAndRejections (node:internal/process/task_queues:105:5)","timestamp":"2026-02-19T05:09:42.659Z"}
{"level":"error","message":"Error: OTP expired or not found\n    at Object.verifyOtp (C:\\Abhishek\\Workspace\\Virtual Instructor\\AthenaVI_backend\\src\\modules\\auth\\otp.service.js:56:11)\n    at process.processTicksAndRejections (node:internal/process/task_queues:105:5)\n    at async C:\\Abhishek\\Workspace\\Virtual Instructor\\AthenaVI_backend\\src\\modules\\auth\\auth.controller.js:47:3","timestamp":"2026-02-19T05:10:35.913Z"}
{"level":"error","message":"Error: Email already registered\n    at C:\\Abhishek\\Workspace\\Virtual Instructor\\AthenaVI_backend\\src\\modules\\auth\\auth.controller.js:52:11\n    at process.processTicksAndRejections (node:internal/process/task_queues:105:5)","timestamp":"2026-02-19T05:10:42.179Z"}
{"level":"error","message":"Error: OTP expired or not found\n    at Object.verifyOtp (C:\\Abhishek\\Workspace\\Virtual Instructor\\AthenaVI_backend\\src\\modules\\auth\\otp.service.js:56:11)\n    at process.processTicksAndRejections (node:internal/process/task_queues:105:5)\n    at async C:\\Abhishek\\Workspace\\Virtual Instructor\\AthenaVI_backend\\src\\modules\\auth\\auth.controller.js:47:3","timestamp":"2026-02-19T05:10:53.645Z"}
{"level":"error","message":"Error: Token expired\n    at C:\\Abhishek\\Workspace\\Virtual Instructor\\AthenaVI_backend\\src\\middlewares\\auth.middlware.js:22:11\n    at C:\\Abhishek\\Workspace\\Virtual Instructor\\AthenaVI_backend\\src\\shared\\utils\\asyncHandler.js:2:19\n    at Layer.handleRequest (C:\\Abhishek\\Workspace\\Virtual Instructor\\AthenaVI_backend\\node_modules\\router\\lib\\layer.js:152:17)\n    at next (C:\\Abhishek\\Workspace\\Virtual Instructor\\AthenaVI_backend\\node_modules\\router\\lib\\route.js:157:13)\n    at Route.dispatch (C:\\Abhishek\\Workspace\\Virtual Instructor\\AthenaVI_backend\\node_modules\\router\\lib\\route.js:117:3)\n    at handle (C:\\Abhishek\\Workspace\\Virtual Instructor\\AthenaVI_backend\\node_modules\\router\\index.js:435:11)\n    at Layer.handleRequest (C:\\Abhishek\\Workspace\\Virtual Instructor\\AthenaVI_backend\\node_modules\\router\\lib\\layer.js:152:17)\n    at C:\\Abhishek\\Workspace\\Virtual Instructor\\AthenaVI_backend\\node_modules\\router\\index.js:295:15\n    at processParams (C:\\Abhishek\\Workspace\\Virtual Instructor\\AthenaVI_backend\\node_modules\\router\\index.js:582:12)\n    at next (C:\\Abhishek\\Workspace\\Virtual Instructor\\AthenaVI_backend\\node_modules\\router\\index.js:291:5)","timestamp":"2026-02-19T05:11:31.004Z"}
{"level":"error","message":"Error: Session expired\n    at C:\\Abhishek\\Workspace\\Virtual Instructor\\AthenaVI_backend\\src\\middlewares\\auth.middlware.js:40:11\n    at process.processTicksAndRejections (node:internal/process/task_queues:105:5)","timestamp":"2026-02-19T05:12:19.568Z"}
{"level":"error","message":"Error: Session expired\n    at C:\\Abhishek\\Workspace\\Virtual Instructor\\AthenaVI_backend\\src\\middlewares\\auth.middlware.js:40:11\n    at process.processTicksAndRejections (node:internal/process/task_queues:105:5)","timestamp":"2026-02-19T05:13:26.009Z"}
{"level":"error","message":"Error: Session expired\n    at C:\\Abhishek\\Workspace\\Virtual Instructor\\AthenaVI_backend\\src\\middlewares\\auth.middlware.js:40:11\n    at process.processTicksAndRejections (node:internal/process/task_queues:105:5)","timestamp":"2026-02-19T05:13:41.460Z"}
{"level":"error","message":"Error: Session expired\n    at C:\\Abhishek\\Workspace\\Virtual Instructor\\AthenaVI_backend\\src\\middlewares\\auth.middlware.js:40:11\n    at process.processTicksAndRejections (node:internal/process/task_queues:105:5)","timestamp":"2026-02-19T05:13:49.396Z"}
{"level":"error","message":"Error: Unauthorized\n    at C:\\Abhishek\\Workspace\\Virtual Instructor\\AthenaVI_backend\\src\\middlewares\\auth.middlware.js:11:11\n    at C:\\Abhishek\\Workspace\\Virtual Instructor\\AthenaVI_backend\\src\\shared\\utils\\asyncHandler.js:2:19\n    at Layer.handleRequest (C:\\Abhishek\\Workspace\\Virtual Instructor\\AthenaVI_backend\\node_modules\\router\\lib\\layer.js:152:17)\n    at next (C:\\Abhishek\\Workspace\\Virtual Instructor\\AthenaVI_backend\\node_modules\\router\\lib\\route.js:157:13)\n    at Route.dispatch (C:\\Abhishek\\Workspace\\Virtual Instructor\\AthenaVI_backend\\node_modules\\router\\lib\\route.js:117:3)\n    at handle (C:\\Abhishek\\Workspace\\Virtual Instructor\\AthenaVI_backend\\node_modules\\router\\index.js:435:11)\n    at Layer.handleRequest (C:\\Abhishek\\Workspace\\Virtual Instructor\\AthenaVI_backend\\node_modules\\router\\lib\\layer.js:152:17)\n    at C:\\Abhishek\\Workspace\\Virtual Instructor\\AthenaVI_backend\\node_modules\\router\\index.js:295:15\n    at processParams (C:\\Abhishek\\Workspace\\Virtual Instructor\\AthenaVI_backend\\node_modules\\router\\index.js:582:12)\n    at next (C:\\Abhishek\\Workspace\\Virtual Instructor\\AthenaVI_backend\\node_modules\\router\\index.js:291:5)","timestamp":"2026-02-19T05:14:19.720Z"}
{"level":"error","message":"Error: Session expired\n    at C:\\Abhishek\\Workspace\\Virtual Instructor\\AthenaVI_backend\\src\\middlewares\\auth.middlware.js:40:11\n    at process.processTicksAndRejections (node:internal/process/task_queues:105:5)","timestamp":"2026-02-19T05:14:22.408Z"}
{"level":"error","message":"Error: Session expired\n    at C:\\Abhishek\\Workspace\\Virtual Instructor\\AthenaVI_backend\\src\\middlewares\\auth.middlware.js:40:11\n    at process.processTicksAndRejections (node:internal/process/task_queues:105:5)","timestamp":"2026-02-19T05:14:32.186Z"}
{"level":"error","message":"Error: Session expired\n    at C:\\Abhishek\\Workspace\\Virtual Instructor\\AthenaVI_backend\\src\\middlewares\\auth.middlware.js:40:11\n    at process.processTicksAndRejections (node:internal/process/task_queues:105:5)","timestamp":"2026-02-19T05:14:36.760Z"}
{"level":"error","message":"Error: Unauthorized\n    at C:\\Abhishek\\Workspace\\Virtual Instructor\\AthenaVI_backend\\src\\middlewares\\auth.middlware.js:11:11\n    at C:\\Abhishek\\Workspace\\Virtual Instructor\\AthenaVI_backend\\src\\shared\\utils\\asyncHandler.js:2:19\n    at Layer.handleRequest (C:\\Abhishek\\Workspace\\Virtual Instructor\\AthenaVI_backend\\node_modules\\router\\lib\\layer.js:152:17)\n    at next (C:\\Abhishek\\Workspace\\Virtual Instructor\\AthenaVI_backend\\node_modules\\router\\lib\\route.js:157:13)\n    at Route.dispatch (C:\\Abhishek\\Workspace\\Virtual Instructor\\AthenaVI_backend\\node_modules\\router\\lib\\route.js:117:3)\n    at handle (C:\\Abhishek\\Workspace\\Virtual Instructor\\AthenaVI_backend\\node_modules\\router\\index.js:435:11)\n    at Layer.handleRequest (C:\\Abhishek\\Workspace\\Virtual Instructor\\AthenaVI_backend\\node_modules\\router\\lib\\layer.js:152:17)\n    at C:\\Abhishek\\Workspace\\Virtual Instructor\\AthenaVI_backend\\node_modules\\router\\index.js:295:15\n    at processParams (C:\\Abhishek\\Workspace\\Virtual Instructor\\AthenaVI_backend\\node_modules\\router\\index.js:582:12)\n    at next (C:\\Abhishek\\Workspace\\Virtual Instructor\\AthenaVI_backend\\node_modules\\router\\index.js:291:5)","timestamp":"2026-02-19T05:19:15.948Z"}
{"level":"error","message":"Error: Unauthorized\n    at C:\\Abhishek\\Workspace\\Virtual Instructor\\AthenaVI_backend\\src\\modules\\auth\\auth.controller.js:226:11\n    at C:\\Abhishek\\Workspace\\Virtual Instructor\\AthenaVI_backend\\src\\shared\\utils\\asyncHandler.js:2:19\n    at Layer.handleRequest (C:\\Abhishek\\Workspace\\Virtual Instructor\\AthenaVI_backend\\node_modules\\router\\lib\\layer.js:152:17)\n    at next (C:\\Abhishek\\Workspace\\Virtual Instructor\\AthenaVI_backend\\node_modules\\router\\lib\\route.js:157:13)\n    at Route.dispatch (C:\\Abhishek\\Workspace\\Virtual Instructor\\AthenaVI_backend\\node_modules\\router\\lib\\route.js:117:3)\n    at handle (C:\\Abhishek\\Workspace\\Virtual Instructor\\AthenaVI_backend\\node_modules\\router\\index.js:435:11)\n    at Layer.handleRequest (C:\\Abhishek\\Workspace\\Virtual Instructor\\AthenaVI_backend\\node_modules\\router\\lib\\layer.js:152:17)\n    at C:\\Abhishek\\Workspace\\Virtual Instructor\\AthenaVI_backend\\node_modules\\router\\index.js:295:15\n    at processParams (C:\\Abhishek\\Workspace\\Virtual Instructor\\AthenaVI_backend\\node_modules\\router\\index.js:582:12)\n    at next (C:\\Abhishek\\Workspace\\Virtual Instructor\\AthenaVI_backend\\node_modules\\router\\index.js:291:5)","timestamp":"2026-02-19T06:25:35.034Z"}
{"level":"error","message":"Error: read ECONNRESET\n    at TLSWrap.onStreamRead (node:internal/stream_base_commons:216:20)","timestamp":"2026-02-19T06:26:51.946Z"}
{"level":"info","message":"Server running bHYon port 9000","timestamp":"2026-02-19T06:27:56.844Z"}
{"level":"error","message":"Error: Token expired\n    at C:\\Abhishek\\Workspace\\Virtual Instructor\\AthenaVI_backend\\src\\middlewares\\auth.middlware.js:22:11\n    at C:\\Abhishek\\Workspace\\Virtual Instructor\\AthenaVI_backend\\src\\shared\\utils\\asyncHandler.js:2:19\n    at Layer.handleRequest (C:\\Abhishek\\Workspace\\Virtual Instructor\\AthenaVI_backend\\node_modules\\router\\lib\\layer.js:152:17)\n    at next (C:\\Abhishek\\Workspace\\Virtual Instructor\\AthenaVI_backend\\node_modules\\router\\lib\\route.js:157:13)\n    at Route.dispatch (C:\\Abhishek\\Workspace\\Virtual Instructor\\AthenaVI_backend\\node_modules\\router\\lib\\route.js:117:3)\n    at handle (C:\\Abhishek\\Workspace\\Virtual Instructor\\AthenaVI_backend\\node_modules\\router\\index.js:435:11)\n    at Layer.handleRequest (C:\\Abhishek\\Workspace\\Virtual Instructor\\AthenaVI_backend\\node_modules\\router\\lib\\layer.js:152:17)\n    at C:\\Abhishek\\Workspace\\Virtual Instructor\\AthenaVI_backend\\node_modules\\router\\index.js:295:15\n    at processParams (C:\\Abhishek\\Workspace\\Virtual Instructor\\AthenaVI_backend\\node_modules\\router\\index.js:582:12)\n    at next (C:\\Abhishek\\Workspace\\Virtual Instructor\\AthenaVI_backend\\node_modules\\router\\index.js:291:5)","timestamp":"2026-02-19T06:29:27.105Z"}
{"level":"info","message":"Server running bHYon port 9000","timestamp":"2026-02-19T06:32:28.774Z"}
{"level":"info","message":"Server running bHYon port 9000","timestamp":"2026-02-19T06:32:40.056Z"}
{"level":"info","message":"Server running bHYon port 9000","timestamp":"2026-02-19T06:32:42.924Z"}
{"level":"info","message":"Server running bHYon port 9000","timestamp":"2026-02-19T06:32:45.733Z"}
{"level":"info","message":"Server running bHYon port 9000","timestamp":"2026-02-20T07:19:37.530Z"}
{"level":"error","message":"ReferenceError: user is not defined\n    at C:\\Abhishek\\Workspace\\Virtual Instructor\\AthenaVI_backend\\src\\modules\\auth\\auth.controller.js:33:9\n    at process.processTicksAndRejections (node:internal/process/task_queues:105:5)","timestamp":"2026-02-20T07:20:16.943Z"}
{"level":"info","message":"Server running bHYon port 9000","timestamp":"2026-02-20T07:22:17.993Z"}
{"level":"error","message":"Error: Please wait before requesting OTP again\n    at Object.acquireOtpLock (C:\\Abhishek\\Workspace\\Virtual Instructor\\AthenaVI_backend\\src\\modules\\auth\\services\\otp.service.js:23:11)\n    at process.processTicksAndRejections (node:internal/process/task_queues:105:5)\n    at async C:\\Abhishek\\Workspace\\Virtual Instructor\\AthenaVI_backend\\src\\modules\\auth\\auth.controller.js:133:3","timestamp":"2026-02-20T07:23:11.626Z"}
{"level":"error","message":"PrismaClientKnownRequestError: \nInvalid `prisma.user.findUnique()` invocation in\nC:\\Abhishek\\Workspace\\Virtual Instructor\\AthenaVI_backend\\src\\modules\\auth\\auth.dao.js:47:28\n\n  44 \n  45 // Find user by email\n  46 const findUserByEmail = async (email) => {\n→ 47   return await prisma.user.findUnique(\nThe column `(not available)` does not exist in the current database.\n    at qr.handleRequestError (C:\\Abhishek\\Workspace\\Virtual Instructor\\AthenaVI_backend\\node_modules\\@prisma\\client\\runtime\\client.js:65:8172)\n    at qr.handleAndLogRequestError (C:\\Abhishek\\Workspace\\Virtual Instructor\\AthenaVI_backend\\node_modules\\@prisma\\client\\runtime\\client.js:65:7467)\n    at qr.request (C:\\Abhishek\\Workspace\\Virtual Instructor\\AthenaVI_backend\\node_modules\\@prisma\\client\\runtime\\client.js:65:7174)\n    at process.processTicksAndRejections (node:internal/process/task_queues:105:5)\n    at async a (C:\\Abhishek\\Workspace\\Virtual Instructor\\AthenaVI_backend\\node_modules\\@prisma\\client\\runtime\\client.js:75:5816)\n    at async Object.findUserByEmail (C:\\Abhishek\\Workspace\\Virtual Instructor\\AthenaVI_backend\\src\\modules\\auth\\auth.dao.js:47:10)\n    at async C:\\Abhishek\\Workspace\\Virtual Instructor\\AthenaVI_backend\\src\\modules\\auth\\auth.controller.js:52:24","timestamp":"2026-02-20T07:23:22.856Z"}
{"level":"info","message":"Server running bHYon port 9000","timestamp":"2026-02-20T07:24:14.005Z"}
{"level":"error","message":"ReferenceError: user is not defined\n    at C:\\Abhishek\\Workspace\\Virtual Instructor\\AthenaVI_backend\\src\\modules\\auth\\auth.controller.js:141:9\n    at process.processTicksAndRejections (node:internal/process/task_queues:105:5)","timestamp":"2026-02-20T07:24:18.601Z"}
{"level":"info","message":"Server running bHYon port 9000","timestamp":"2026-02-20T07:24:36.123Z"}
{"level":"error","message":"Error: Please wait before requesting OTP again\n    at Object.acquireOtpLock (C:\\Abhishek\\Workspace\\Virtual Instructor\\AthenaVI_backend\\src\\modules\\auth\\services\\otp.service.js:23:11)\n    at process.processTicksAndRejections (node:internal/process/task_queues:105:5)\n    at async C:\\Abhishek\\Workspace\\Virtual Instructor\\AthenaVI_backend\\src\\modules\\auth\\auth.controller.js:133:3","timestamp":"2026-02-20T07:24:37.666Z"}
{"level":"error","message":"Error: Session expired\n    at C:\\Abhishek\\Workspace\\Virtual Instructor\\AthenaVI_backend\\src\\middlewares\\auth.middlware.js:39:11\n    at process.processTicksAndRejections (node:internal/process/task_queues:105:5)","timestamp":"2026-02-20T07:26:05.687Z"}
{"level":"error","message":"Error: Unauthorized\n    at C:\\Abhishek\\Workspace\\Virtual Instructor\\AthenaVI_backend\\src\\modules\\auth\\auth.controller.js:232:11\n    at C:\\Abhishek\\Workspace\\Virtual Instructor\\AthenaVI_backend\\src\\shared\\utils\\asyncHandler.js:2:19\n    at Layer.handleRequest (C:\\Abhishek\\Workspace\\Virtual Instructor\\AthenaVI_backend\\node_modules\\router\\lib\\layer.js:152:17)\n    at next (C:\\Abhishek\\Workspace\\Virtual Instructor\\AthenaVI_backend\\node_modules\\router\\lib\\route.js:157:13)\n    at Route.dispatch (C:\\Abhishek\\Workspace\\Virtual Instructor\\AthenaVI_backend\\node_modules\\router\\lib\\route.js:117:3)\n    at handle (C:\\Abhishek\\Workspace\\Virtual Instructor\\AthenaVI_backend\\node_modules\\router\\index.js:435:11)\n    at Layer.handleRequest (C:\\Abhishek\\Workspace\\Virtual Instructor\\AthenaVI_backend\\node_modules\\router\\lib\\layer.js:152:17)\n    at C:\\Abhishek\\Workspace\\Virtual Instructor\\AthenaVI_backend\\node_modules\\router\\index.js:295:15\n    at processParams (C:\\Abhishek\\Workspace\\Virtual Instructor\\AthenaVI_backend\\node_modules\\router\\index.js:582:12)\n    at next (C:\\Abhishek\\Workspace\\Virtual Instructor\\AthenaVI_backend\\node_modules\\router\\index.js:291:5)","timestamp":"2026-02-20T07:26:11.461Z"}
{"level":"info","message":"Server running bHYon port 9000","timestamp":"2026-02-20T07:27:22.740Z"}
{"level":"info","message":"Server running bHYon port 9000","timestamp":"2026-02-20T07:27:24.356Z"}
{"level":"error","message":"TypeError: Cannot destructure property 'email' of 'req.body' as it is undefined.\n    at C:\\Abhishek\\Workspace\\Virtual Instructor\\AthenaVI_backend\\src\\modules\\auth\\auth.controller.js:377:11\n    at C:\\Abhishek\\Workspace\\Virtual Instructor\\AthenaVI_backend\\src\\shared\\utils\\asyncHandler.js:2:19\n    at Layer.handleRequest (C:\\Abhishek\\Workspace\\Virtual Instructor\\AthenaVI_backend\\node_modules\\router\\lib\\layer.js:152:17)\n    at next (C:\\Abhishek\\Workspace\\Virtual Instructor\\AthenaVI_backend\\node_modules\\router\\lib\\route.js:157:13)\n    at Route.dispatch (C:\\Abhishek\\Workspace\\Virtual Instructor\\AthenaVI_backend\\node_modules\\router\\lib\\route.js:117:3)\n    at handle (C:\\Abhishek\\Workspace\\Virtual Instructor\\AthenaVI_backend\\node_modules\\router\\index.js:435:11)\n    at Layer.handleRequest (C:\\Abhishek\\Workspace\\Virtual Instructor\\AthenaVI_backend\\node_modules\\router\\lib\\layer.js:152:17)\n    at C:\\Abhishek\\Workspace\\Virtual Instructor\\AthenaVI_backend\\node_modules\\router\\index.js:295:15\n    at processParams (C:\\Abhishek\\Workspace\\Virtual Instructor\\AthenaVI_backend\\node_modules\\router\\index.js:582:12)\n    at next (C:\\Abhishek\\Workspace\\Virtual Instructor\\AthenaVI_backend\\node_modules\\router\\index.js:291:5)","timestamp":"2026-02-20T07:27:27.167Z"}
{"level":"error","message":"TypeError: crypto.randomBytes is not a function\n    at Object.generateResetToken (C:\\Abhishek\\Workspace\\Virtual Instructor\\AthenaVI_backend\\src\\modules\\auth\\services\\passwordReset.service.js:7:27)\n    at C:\\Abhishek\\Workspace\\Virtual Instructor\\AthenaVI_backend\\src\\modules\\auth\\auth.controller.js:389:49\n    at process.processTicksAndRejections (node:internal/process/task_queues:105:5)","timestamp":"2026-02-20T07:28:21.974Z"}
{"level":"error","message":"TypeError: crypto.randomBytes is not a function\n    at Object.generateResetToken (C:\\Abhishek\\Workspace\\Virtual Instructor\\AthenaVI_backend\\src\\modules\\auth\\services\\passwordReset.service.js:7:27)\n    at C:\\Abhishek\\Workspace\\Virtual Instructor\\AthenaVI_backend\\src\\modules\\auth\\auth.controller.js:389:49\n    at process.processTicksAndRejections (node:internal/process/task_queues:105:5)","timestamp":"2026-02-20T07:28:30.339Z"}
{"level":"info","message":"Server running bHYon port 9000","timestamp":"2026-02-20T07:29:00.090Z"}
{"level":"info","message":"Server running bHYon port 9000","timestamp":"2026-02-20T07:29:01.142Z"}
{"level":"info","message":"Server running bHYon port 9000","timestamp":"2026-02-20T07:29:20.796Z"}
{"level":"info","message":"Server running bHYon port 9000","timestamp":"2026-02-20T07:29:23.703Z"}
{"level":"error","message":"ReferenceError: bcrypt is not defined\n    at Object.resetPassword (C:\\Abhishek\\Workspace\\Virtual Instructor\\AthenaVI_backend\\src\\modules\\auth\\services\\passwordReset.service.js:36:26)\n    at process.processTicksAndRejections (node:internal/process/task_queues:105:5)\n    at async C:\\Abhishek\\Workspace\\Virtual Instructor\\AthenaVI_backend\\src\\modules\\auth\\auth.controller.js:405:3","timestamp":"2026-02-20T07:32:36.839Z"}
{"level":"info","message":"Server running bHYon port 9000","timestamp":"2026-02-20T07:32:54.806Z"}
{"level":"info","message":"Server running bHYon port 9000","timestamp":"2026-02-20T07:32:58.374Z"}
{"level":"error","message":"Error: Invalid salt. Salt must be in the form of: $Vers$log2(NumRounds)$saltvalue","timestamp":"2026-02-20T07:33:01.765Z"}
{"level":"info","message":"Server running bHYon port 9000","timestamp":"2026-02-20T07:33:27.556Z"}
{"level":"error","message":"Error: Invalid email or password\n    at C:\\Abhishek\\Workspace\\Virtual Instructor\\AthenaVI_backend\\src\\modules\\auth\\auth.controller.js:167:11","timestamp":"2026-02-20T07:33:53.800Z"}
{"level":"info","message":"Server running bHYon port 9000","timestamp":"2026-02-18T04:28:41.216Z"}
{"level":"info","message":"Server running bHYon port 9000","timestamp":"2026-02-18T04:31:20.030Z"}
{"level":"info","message":"Server running bHYon port 9000","timestamp":"2026-02-18T04:33:48.253Z"}
{"level":"info","message":"Server running bHYon port 9000","timestamp":"2026-02-18T04:34:19.538Z"}
{"level":"info","message":"Server running bHYon port 9000","timestamp":"2026-02-18T05:35:34.299Z"}
{"level":"info","message":"Server running bHYon port 9000","timestamp":"2026-02-19T04:58:18.177Z"}
{"level":"info","message":"Server running bHYon port 9000","timestamp":"2026-02-19T05:01:50.871Z"}
{"level":"info","message":"Server running bHYon port 9000","timestamp":"2026-02-19T05:12:00.722Z"}
{"level":"info","message":"Server running bHYon port 9000","timestamp":"2026-02-19T05:23:45.462Z"}
{"level":"info","message":"Server running bHYon port 9000","timestamp":"2026-02-20T10:13:53.314Z"}
{"level":"info","message":"Server running bHYon port 9000","timestamp":"2026-02-20T10:14:15.957Z"}
{"level":"error","message":"Error: Please wait before requesting OTP again\n    at Object.acquireOtpLock (C:\\Abhishek\\Workspace\\Virtual Instructor\\AthenaVI_backend\\src\\modules\\auth\\services\\otp.service.js:23:11)\n    at process.processTicksAndRejections (node:internal/process/task_queues:105:5)\n    at async C:\\Abhishek\\Workspace\\Virtual Instructor\\AthenaVI_backend\\src\\modules\\auth\\auth.controller.js:179:3","timestamp":"2026-02-21T05:15:33.537Z"}
{"level":"error","message":"Error: Email already registered\n    at C:\\Abhishek\\Workspace\\Virtual Instructor\\AthenaVI_backend\\src\\modules\\auth\\auth.controller.js:100:11\n    at process.processTicksAndRejections (node:internal/process/task_queues:105:5)","timestamp":"2026-02-21T05:17:43.045Z"}
{"level":"error","message":"Error: OTP expired or not found\n    at Object.verifyOtp (C:\\Abhishek\\Workspace\\Virtual Instructor\\AthenaVI_backend\\src\\modules\\auth\\services\\otp.service.js:56:11)\n    at process.processTicksAndRejections (node:internal/process/task_queues:105:5)\n    at async C:\\Abhishek\\Workspace\\Virtual Instructor\\AthenaVI_backend\\src\\modules\\auth\\auth.controller.js:95:3","timestamp":"2026-02-21T05:20:22.478Z"}
{"level":"info","message":"Server running bHYon port 9000","timestamp":"2026-02-21T05:23:25.647Z"}
{"level":"error","message":"Error: read ECONNRESET\n    at TLSWrap.onStreamRead (node:internal/stream_base_commons:216:20)","timestamp":"2026-02-21T05:25:05.428Z"}
{"level":"info","message":"Server running bHYon port 9000","timestamp":"2026-02-21T05:46:01.231Z"}
{"level":"error","message":"Error: OTP expired or not found\n    at Object.verifyOtp (C:\\Abhishek\\Workspace\\Virtual Instructor\\AthenaVI_backend\\src\\modules\\auth\\services\\otp.service.js:56:11)\n    at process.processTicksAndRejections (node:internal/process/task_queues:105:5)\n    at async C:\\Abhishek\\Workspace\\Virtual Instructor\\AthenaVI_backend\\src\\modules\\auth\\auth.controller.js:95:3","timestamp":"2026-02-21T05:46:12.410Z"}
{"level":"error","message":"Error: Email already registered\n    at C:\\Abhishek\\Workspace\\Virtual Instructor\\AthenaVI_backend\\src\\modules\\auth\\auth.controller.js:100:11\n    at process.processTicksAndRejections (node:internal/process/task_queues:105:5)","timestamp":"2026-02-21T05:46:53.989Z"}
{"level":"info","message":"Server running bHYon port 9000","timestamp":"2026-02-21T05:51:01.778Z"}
{"level":"info","message":"Server running bHYon port 9000","timestamp":"2026-02-21T05:51:05.995Z"}
{"level":"info","message":"Server running bHYon port 9000","timestamp":"2026-02-21T05:51:19.529Z"}
{"level":"error","message":"Error: Token expired\n    at C:\\Abhishek\\Workspace\\Virtual Instructor\\AthenaVI_backend\\src\\middlewares\\auth.middlware.js:22:11\n    at C:\\Abhishek\\Workspace\\Virtual Instructor\\AthenaVI_backend\\src\\shared\\utils\\asyncHandler.js:2:19\n    at Layer.handleRequest (C:\\Abhishek\\Workspace\\Virtual Instructor\\AthenaVI_backend\\node_modules\\router\\lib\\layer.js:152:17)\n    at next (C:\\Abhishek\\Workspace\\Virtual Instructor\\AthenaVI_backend\\node_modules\\router\\lib\\route.js:157:13)\n    at Route.dispatch (C:\\Abhishek\\Workspace\\Virtual Instructor\\AthenaVI_backend\\node_modules\\router\\lib\\route.js:117:3)\n    at handle (C:\\Abhishek\\Workspace\\Virtual Instructor\\AthenaVI_backend\\node_modules\\router\\index.js:435:11)\n    at Layer.handleRequest (C:\\Abhishek\\Workspace\\Virtual Instructor\\AthenaVI_backend\\node_modules\\router\\lib\\layer.js:152:17)\n    at C:\\Abhishek\\Workspace\\Virtual Instructor\\AthenaVI_backend\\node_modules\\router\\index.js:295:15\n    at processParams (C:\\Abhishek\\Workspace\\Virtual Instructor\\AthenaVI_backend\\node_modules\\router\\index.js:582:12)\n    at next (C:\\Abhishek\\Workspace\\Virtual Instructor\\AthenaVI_backend\\node_modules\\router\\index.js:291:5)","timestamp":"2026-02-21T05:51:47.601Z"}
{"level":"error","message":"ReferenceError: createSession is not defined\n    at issueSessionAndTokens (C:\\Abhishek\\Workspace\\Virtual Instructor\\AthenaVI_backend\\src\\modules\\auth\\auth.controller.js:27:21)\n    at C:\\Abhishek\\Workspace\\Virtual Instructor\\AthenaVI_backend\\src\\modules\\auth\\auth.controller.js:434:49\n    at process.processTicksAndRejections (node:internal/process/task_queues:105:5)","timestamp":"2026-02-21T05:55:17.051Z"}
{"level":"info","message":"Server running bHYon port 9000","timestamp":"2026-02-21T05:56:40.961Z"}
{"level":"info","message":"Server running bHYon port 9000","timestamp":"2026-02-21T05:56:48.589Z"}
{"level":"info","message":"Server running bHYon port 9000","timestamp":"2026-02-21T06:00:20.019Z"}
{"level":"info","message":"Server running bHYon port 9000","timestamp":"2026-03-02T04:21:29.270Z"}
{"level":"info","message":"Server running bHYon port 9000","timestamp":"2026-03-02T04:54:47.011Z"}
{"level":"info","message":"Server running bHYon port 9000","timestamp":"2026-03-02T06:04:23.011Z"}
{"level":"error","message":"Error: Unauthorized\n    at C:\\Abhishek\\Workspace\\Virtual Instructor\\AthenaVI_backend\\src\\middlewares\\auth.middlware.js:11:11\n    at C:\\Abhishek\\Workspace\\Virtual Instructor\\AthenaVI_backend\\src\\shared\\utils\\asyncHandler.js:2:19\n    at Layer.handleRequest (C:\\Abhishek\\Workspace\\Virtual Instructor\\AthenaVI_backend\\node_modules\\router\\lib\\layer.js:152:17)\n    at next (C:\\Abhishek\\Workspace\\Virtual Instructor\\AthenaVI_backend\\node_modules\\router\\lib\\route.js:157:13)\n    at Route.dispatch (C:\\Abhishek\\Workspace\\Virtual Instructor\\AthenaVI_backend\\node_modules\\router\\lib\\route.js:117:3)\n    at handle (C:\\Abhishek\\Workspace\\Virtual Instructor\\AthenaVI_backend\\node_modules\\router\\index.js:435:11)\n    at Layer.handleRequest (C:\\Abhishek\\Workspace\\Virtual Instructor\\AthenaVI_backend\\node_modules\\router\\lib\\layer.js:152:17)\n    at C:\\Abhishek\\Workspace\\Virtual Instructor\\AthenaVI_backend\\node_modules\\router\\index.js:295:15\n    at processParams (C:\\Abhishek\\Workspace\\Virtual Instructor\\AthenaVI_backend\\node_modules\\router\\index.js:582:12)\n    at next (C:\\Abhishek\\Workspace\\Virtual Instructor\\AthenaVI_backend\\node_modules\\router\\index.js:291:5)","timestamp":"2026-03-02T06:06:05.698Z"}
{"level":"info","message":"Server running bHYon port 9000","timestamp":"2026-03-02T09:18:46.553Z"}
{"level":"info","message":"Server running bHYon port 9000","timestamp":"2026-03-02T11:16:09.997Z"}
{"level":"info","message":"Server running bHYon port 9000","timestamp":"2026-02-27T05:23:21.064Z"}
{"level":"info","message":"Server running bHYon port 9000","timestamp":"2026-02-27T10:20:34.864Z"}
{"level":"info","message":"Server running bHYon port 9000","timestamp":"2026-02-27T10:21:54.456Z"}
{"level":"info","message":"Server running bHYon port 9000","timestamp":"2026-02-27T10:24:02.895Z"}
{"level":"info","message":"Server running bHYon port 9000","timestamp":"2026-03-02T04:22:14.367Z"}
{"level":"info","message":"Server running bHYon port 9000","timestamp":"2026-03-05T08:20:54.914Z"}
{"level":"info","message":"Server running bHYon port 9000","timestamp":"2026-03-05T09:30:30.716Z"}
{"level":"info","message":"Server running bHYon port 9000","timestamp":"2026-03-05T09:30:42.766Z"}
{"level":"info","message":"Server running bHYon port 9000","timestamp":"2026-03-05T09:30:50.704Z"}
{"level":"info","message":"Server running bHYon port 9000","timestamp":"2026-03-05T09:30:52.053Z"}
{"level":"info","message":"Server running bHYon port 9000","timestamp":"2026-03-05T09:31:13.027Z"}
{"level":"info","message":"Server running bHYon port 9000","timestamp":"2026-03-05T09:31:18.772Z"}
{"level":"info","message":"Server running bHYon port 9000","timestamp":"2026-03-05T09:31:20.162Z"}
{"level":"info","message":"Server running bHYon port 9000","timestamp":"2026-03-05T09:31:27.162Z"}
{"level":"info","message":"Server running bHYon port 9000","timestamp":"2026-03-05T09:32:12.516Z"}
{"level":"info","message":"Server running bHYon port 9000","timestamp":"2026-03-05T09:32:22.100Z"}
{"level":"info","message":"Server running bHYon port 9000","timestamp":"2026-03-05T09:32:26.553Z"}
{"level":"info","message":"Server running bHYon port 9000","timestamp":"2026-03-05T09:32:29.367Z"}
{"level":"info","message":"Server running bHYon port 9000","timestamp":"2026-03-05T09:34:39.332Z"}
{"level":"info","message":"Server running bHYon port 9000","timestamp":"2026-03-05T09:45:55.317Z"}
{"level":"info","message":"Server running bHYon port 9000","timestamp":"2026-03-05T09:49:26.618Z"}
{"level":"info","message":"Server running bHYon port 9000","timestamp":"2026-03-05T09:49:33.355Z"}
{"level":"info","message":"Server running bHYon port 9000","timestamp":"2026-03-05T09:50:07.815Z"}
{"level":"info","message":"Server running bHYon port 9000","timestamp":"2026-03-05T09:51:58.151Z"}
{"level":"info","message":"Server running bHYon port 9000","timestamp":"2026-03-05T09:52:04.188Z"}
{"level":"info","message":"Server running bHYon port 9000","timestamp":"2026-03-05T09:52:12.786Z"}
{"level":"info","message":"Server running bHYon port 9000","timestamp":"2026-03-05T09:55:28.497Z"}
{"level":"info","message":"Server running bHYon port 9000","timestamp":"2026-03-05T09:55:32.386Z"}
{"level":"info","message":"Server running bHYon port 9000","timestamp":"2026-03-05T09:55:38.445Z"}
{"level":"info","message":"Server running bHYon port 9000","timestamp":"2026-03-05T09:55:41.600Z"}
{"level":"info","message":"Server running bHYon port 9000","timestamp":"2026-03-05T09:55:48.329Z"}
{"level":"info","message":"Server running bHYon port 9000","timestamp":"2026-03-05T09:56:34.784Z"}
{"level":"info","message":"Server running bHYon port 9000","timestamp":"2026-03-05T09:56:39.106Z"}
{"level":"info","message":"Server running bHYon port 9000","timestamp":"2026-03-05T09:56:40.380Z"}
{"level":"info","message":"Server running bHYon port 9000","timestamp":"2026-03-05T09:56:43.929Z"}
{"level":"info","message":"Server running bHYon port 9000","timestamp":"2026-03-05T09:56:53.160Z"}
{"level":"info","message":"Server running bHYon port 9000","timestamp":"2026-03-05T09:56:56.629Z"}
{"level":"info","message":"Server running bHYon port 9000","timestamp":"2026-03-05T09:56:57.997Z"}
{"level":"info","message":"Server running bHYon port 9000","timestamp":"2026-03-05T09:57:12.134Z"}
{"level":"info","message":"Server running bHYon port 9000","timestamp":"2026-03-05T09:57:15.808Z"}
{"level":"info","message":"Server running bHYon port 9000","timestamp":"2026-03-05T09:57:19.078Z"}
{"level":"info","message":"Server running bHYon port 9000","timestamp":"2026-03-05T09:57:22.722Z"}
{"level":"info","message":"Server running bHYon port 9000","timestamp":"2026-03-05T10:48:46.165Z"}
{"level":"info","message":"Server running bHYon port 9000","timestamp":"2026-03-09T05:16:09.905Z"}
{"level":"info","message":"Server running bHYon port 9000","timestamp":"2026-03-09T05:17:34.236Z"}
{"level":"info","message":"Server running bHYon port 9000","timestamp":"2026-03-09T05:22:24.784Z"}
{"level":"info","message":"Server running bHYon port 9000","timestamp":"2026-03-09T05:27:32.721Z"}
{"level":"error","message":"Error: Unauthorized\n    at C:\\Abhishek\\Workspace\\Virtual Instructor\\AthenaVI_backend\\src\\middlewares\\auth.middlware.js:11:11\n    at C:\\Abhishek\\Workspace\\Virtual Instructor\\AthenaVI_backend\\src\\shared\\utils\\asyncHandler.js:2:19\n    at Layer.handleRequest (C:\\Abhishek\\Workspace\\Virtual Instructor\\AthenaVI_backend\\node_modules\\router\\lib\\layer.js:152:17)\n    at next (C:\\Abhishek\\Workspace\\Virtual Instructor\\AthenaVI_backend\\node_modules\\router\\lib\\route.js:157:13)\n    at Route.dispatch (C:\\Abhishek\\Workspace\\Virtual Instructor\\AthenaVI_backend\\node_modules\\router\\lib\\route.js:117:3)\n    at handle (C:\\Abhishek\\Workspace\\Virtual Instructor\\AthenaVI_backend\\node_modules\\router\\index.js:435:11)\n    at Layer.handleRequest (C:\\Abhishek\\Workspace\\Virtual Instructor\\AthenaVI_backend\\node_modules\\router\\lib\\layer.js:152:17)\n    at C:\\Abhishek\\Workspace\\Virtual Instructor\\AthenaVI_backend\\node_modules\\router\\index.js:295:15\n    at processParams (C:\\Abhishek\\Workspace\\Virtual Instructor\\AthenaVI_backend\\node_modules\\router\\index.js:582:12)\n    at next (C:\\Abhishek\\Workspace\\Virtual Instructor\\AthenaVI_backend\\node_modules\\router\\index.js:291:5)","timestamp":"2026-03-09T05:27:49.036Z"}
{"level":"error","message":"Error: Socket closed unexpectedly\n    at TLSSocket.<anonymous> (C:\\Abhishek\\Workspace\\Virtual Instructor\\AthenaVI_backend\\node_modules\\@redis\\client\\dist\\lib\\client\\socket.js:232:33)\n    at Object.onceWrapper (node:events:633:26)\n    at TLSSocket.emit (node:events:530:35)\n    at node:net:351:12\n    at TCP.done (node:_tls_wrap:650:7)","timestamp":"2026-03-09T05:29:07.235Z"}
{"level":"info","message":"Server running bHYon port 9000","timestamp":"2026-03-09T05:32:11.262Z"}
{"level":"info","message":"Server running bHYon port 9000","timestamp":"2026-03-09T05:32:35.098Z"}
{"level":"error","message":"Error: Token expired\n    at C:\\Abhishek\\Workspace\\Virtual Instructor\\AthenaVI_backend\\src\\middlewares\\auth.middlware.js:22:11\n    at C:\\Abhishek\\Workspace\\Virtual Instructor\\AthenaVI_backend\\src\\shared\\utils\\asyncHandler.js:2:19\n    at Layer.handleRequest (C:\\Abhishek\\Workspace\\Virtual Instructor\\AthenaVI_backend\\node_modules\\router\\lib\\layer.js:152:17)\n    at next (C:\\Abhishek\\Workspace\\Virtual Instructor\\AthenaVI_backend\\node_modules\\router\\lib\\route.js:157:13)\n    at Route.dispatch (C:\\Abhishek\\Workspace\\Virtual Instructor\\AthenaVI_backend\\node_modules\\router\\lib\\route.js:117:3)\n    at handle (C:\\Abhishek\\Workspace\\Virtual Instructor\\AthenaVI_backend\\node_modules\\router\\index.js:435:11)\n    at Layer.handleRequest (C:\\Abhishek\\Workspace\\Virtual Instructor\\AthenaVI_backend\\node_modules\\router\\lib\\layer.js:152:17)\n    at C:\\Abhishek\\Workspace\\Virtual Instructor\\AthenaVI_backend\\node_modules\\router\\index.js:295:15\n    at processParams (C:\\Abhishek\\Workspace\\Virtual Instructor\\AthenaVI_backend\\node_modules\\router\\index.js:582:12)\n    at next (C:\\Abhishek\\Workspace\\Virtual Instructor\\AthenaVI_backend\\node_modules\\router\\index.js:291:5)","timestamp":"2026-03-09T05:32:43.209Z"}
{"level":"error","message":"TypeError: Cannot read properties of undefined (reading 'findFirst')\n    at Object.findWorkspaceMember (C:\\Abhishek\\Workspace\\Virtual Instructor\\AthenaVI_backend\\src\\modules\\credit\\credit.dao.js:5:27)\n    at Object.getAvailableCredits (C:\\Abhishek\\Workspace\\Virtual Instructor\\AthenaVI_backend\\src\\modules\\credit\\credit.service.js:6:34)\n    at C:\\Abhishek\\Workspace\\Virtual Instructor\\AthenaVI_backend\\src\\modules\\credit\\credit.controller.js:8:48\n    at C:\\Abhishek\\Workspace\\Virtual Instructor\\AthenaVI_backend\\src\\shared\\utils\\asyncHandler.js:2:19\n    at Layer.handleRequest (C:\\Abhishek\\Workspace\\Virtual Instructor\\AthenaVI_backend\\node_modules\\router\\lib\\layer.js:152:17)\n    at next (C:\\Abhishek\\Workspace\\Virtual Instructor\\AthenaVI_backend\\node_modules\\router\\lib\\route.js:157:13)\n    at C:\\Abhishek\\Workspace\\Virtual Instructor\\AthenaVI_backend\\src\\middlewares\\auth.middlware.js:46:3\n    at process.processTicksAndRejections (node:internal/process/task_queues:105:5)","timestamp":"2026-03-09T05:33:03.479Z"}
{"level":"info","message":"Server running bHYon port 9000","timestamp":"2026-03-09T05:36:09.738Z"}
{"level":"info","message":"Server running bHYon port 9000","timestamp":"2026-03-09T05:38:55.765Z"}
{"level":"error","message":"Error: Token expired\n    at C:\\Abhishek\\Workspace\\Virtual Instructor\\AthenaVI_backend\\src\\middlewares\\auth.middlware.js:22:11\n    at C:\\Abhishek\\Workspace\\Virtual Instructor\\AthenaVI_backend\\src\\shared\\utils\\asyncHandler.js:2:19\n    at Layer.handleRequest (C:\\Abhishek\\Workspace\\Virtual Instructor\\AthenaVI_backend\\node_modules\\router\\lib\\layer.js:152:17)\n    at next (C:\\Abhishek\\Workspace\\Virtual Instructor\\AthenaVI_backend\\node_modules\\router\\lib\\route.js:157:13)\n    at Route.dispatch (C:\\Abhishek\\Workspace\\Virtual Instructor\\AthenaVI_backend\\node_modules\\router\\lib\\route.js:117:3)\n    at handle (C:\\Abhishek\\Workspace\\Virtual Instructor\\AthenaVI_backend\\node_modules\\router\\index.js:435:11)\n    at Layer.handleRequest (C:\\Abhishek\\Workspace\\Virtual Instructor\\AthenaVI_backend\\node_modules\\router\\lib\\layer.js:152:17)\n    at C:\\Abhishek\\Workspace\\Virtual Instructor\\AthenaVI_backend\\node_modules\\router\\index.js:295:15\n    at processParams (C:\\Abhishek\\Workspace\\Virtual Instructor\\AthenaVI_backend\\node_modules\\router\\index.js:582:12)\n    at next (C:\\Abhishek\\Workspace\\Virtual Instructor\\AthenaVI_backend\\node_modules\\router\\index.js:291:5)","timestamp":"2026-03-09T05:38:59.767Z"}
{"level":"error","message":"Error: Token expired\n    at C:\\Abhishek\\Workspace\\Virtual Instructor\\AthenaVI_backend\\src\\middlewares\\auth.middlware.js:22:11\n    at C:\\Abhishek\\Workspace\\Virtual Instructor\\AthenaVI_backend\\src\\shared\\utils\\asyncHandler.js:2:19\n    at Layer.handleRequest (C:\\Abhishek\\Workspace\\Virtual Instructor\\AthenaVI_backend\\node_modules\\router\\lib\\layer.js:152:17)\n    at next (C:\\Abhishek\\Workspace\\Virtual Instructor\\AthenaVI_backend\\node_modules\\router\\lib\\route.js:157:13)\n    at Route.dispatch (C:\\Abhishek\\Workspace\\Virtual Instructor\\AthenaVI_backend\\node_modules\\router\\lib\\route.js:117:3)\n    at handle (C:\\Abhishek\\Workspace\\Virtual Instructor\\AthenaVI_backend\\node_modules\\router\\index.js:435:11)\n    at Layer.handleRequest (C:\\Abhishek\\Workspace\\Virtual Instructor\\AthenaVI_backend\\node_modules\\router\\lib\\layer.js:152:17)\n    at C:\\Abhishek\\Workspace\\Virtual Instructor\\AthenaVI_backend\\node_modules\\router\\index.js:295:15\n    at processParams (C:\\Abhishek\\Workspace\\Virtual Instructor\\AthenaVI_backend\\node_modules\\router\\index.js:582:12)\n    at next (C:\\Abhishek\\Workspace\\Virtual Instructor\\AthenaVI_backend\\node_modules\\router\\index.js:291:5)","timestamp":"2026-03-09T05:39:19.138Z"}
{"level":"info","message":"Server running bHYon port 9000","timestamp":"2026-03-09T05:39:40.075Z"}
{"level":"error","message":"TypeError: Cannot read properties of undefined (reading 'findFirst')\n    at Object.findWorkspaceMember (C:\\Abhishek\\Workspace\\Virtual Instructor\\AthenaVI_backend\\src\\modules\\credit\\credit.dao.js:5:47)\n    at Object.getAvailableCredits (C:\\Abhishek\\Workspace\\Virtual Instructor\\AthenaVI_backend\\src\\modules\\credit\\credit.service.js:6:34)\n    at C:\\Abhishek\\Workspace\\Virtual Instructor\\AthenaVI_backend\\src\\modules\\credit\\credit.controller.js:8:48\n    at C:\\Abhishek\\Workspace\\Virtual Instructor\\AthenaVI_backend\\src\\shared\\utils\\asyncHandler.js:2:19\n    at Layer.handleRequest (C:\\Abhishek\\Workspace\\Virtual Instructor\\AthenaVI_backend\\node_modules\\router\\lib\\layer.js:152:17)\n    at next (C:\\Abhishek\\Workspace\\Virtual Instructor\\AthenaVI_backend\\node_modules\\router\\lib\\route.js:157:13)\n    at C:\\Abhishek\\Workspace\\Virtual Instructor\\AthenaVI_backend\\src\\middlewares\\auth.middlware.js:46:3\n    at process.processTicksAndRejections (node:internal/process/task_queues:105:5)","timestamp":"2026-03-09T05:39:59.693Z"}
{"level":"info","message":"Server running bHYon port 9000","timestamp":"2026-03-09T05:41:06.932Z"}
{"level":"info","message":"Server running bHYon port 9000","timestamp":"2026-03-09T05:42:18.593Z"}
{"level":"error","message":"Error: Token expired\n    at C:\\Abhishek\\Workspace\\Virtual Instructor\\AthenaVI_backend\\src\\middlewares\\auth.middlware.js:22:11\n    at C:\\Abhishek\\Workspace\\Virtual Instructor\\AthenaVI_backend\\src\\shared\\utils\\asyncHandler.js:2:19\n    at Layer.handleRequest (C:\\Abhishek\\Workspace\\Virtual Instructor\\AthenaVI_backend\\node_modules\\router\\lib\\layer.js:152:17)\n    at next (C:\\Abhishek\\Workspace\\Virtual Instructor\\AthenaVI_backend\\node_modules\\router\\lib\\route.js:157:13)\n    at Route.dispatch (C:\\Abhishek\\Workspace\\Virtual Instructor\\AthenaVI_backend\\node_modules\\router\\lib\\route.js:117:3)\n    at handle (C:\\Abhishek\\Workspace\\Virtual Instructor\\AthenaVI_backend\\node_modules\\router\\index.js:435:11)\n    at Layer.handleRequest (C:\\Abhishek\\Workspace\\Virtual Instructor\\AthenaVI_backend\\node_modules\\router\\lib\\layer.js:152:17)\n    at C:\\Abhishek\\Workspace\\Virtual Instructor\\AthenaVI_backend\\node_modules\\router\\index.js:295:15\n    at processParams (C:\\Abhishek\\Workspace\\Virtual Instructor\\AthenaVI_backend\\node_modules\\router\\index.js:582:12)\n    at next (C:\\Abhishek\\Workspace\\Virtual Instructor\\AthenaVI_backend\\node_modules\\router\\index.js:291:5)","timestamp":"2026-03-09T05:42:24.049Z"}
{"level":"error","message":"TypeError: Cannot read properties of undefined (reading 'findUnique')\n    at Object.findWorkspaceMember (C:\\Abhishek\\Workspace\\Virtual Instructor\\AthenaVI_backend\\src\\modules\\credit\\credit.dao.js:5:47)\n    at Object.getAvailableCredits (C:\\Abhishek\\Workspace\\Virtual Instructor\\AthenaVI_backend\\src\\modules\\credit\\credit.service.js:6:34)\n    at C:\\Abhishek\\Workspace\\Virtual Instructor\\AthenaVI_backend\\src\\modules\\credit\\credit.controller.js:8:48\n    at C:\\Abhishek\\Workspace\\Virtual Instructor\\AthenaVI_backend\\src\\shared\\utils\\asyncHandler.js:2:19\n    at Layer.handleRequest (C:\\Abhishek\\Workspace\\Virtual Instructor\\AthenaVI_backend\\node_modules\\router\\lib\\layer.js:152:17)\n    at next (C:\\Abhishek\\Workspace\\Virtual Instructor\\AthenaVI_backend\\node_modules\\router\\lib\\route.js:157:13)\n    at C:\\Abhishek\\Workspace\\Virtual Instructor\\AthenaVI_backend\\src\\middlewares\\auth.middlware.js:46:3\n    at process.processTicksAndRejections (node:internal/process/task_queues:105:5)","timestamp":"2026-03-09T05:42:43.446Z"}
{"level":"error","message":"Error: Unauthorized\n    at C:\\Abhishek\\Workspace\\Virtual Instructor\\AthenaVI_backend\\src\\middlewares\\auth.middlware.js:11:11\n    at C:\\Abhishek\\Workspace\\Virtual Instructor\\AthenaVI_backend\\src\\shared\\utils\\asyncHandler.js:2:19\n    at Layer.handleRequest (C:\\Abhishek\\Workspace\\Virtual Instructor\\AthenaVI_backend\\node_modules\\router\\lib\\layer.js:152:17)\n    at next (C:\\Abhishek\\Workspace\\Virtual Instructor\\AthenaVI_backend\\node_modules\\router\\lib\\route.js:157:13)\n    at Route.dispatch (C:\\Abhishek\\Workspace\\Virtual Instructor\\AthenaVI_backend\\node_modules\\router\\lib\\route.js:117:3)\n    at handle (C:\\Abhishek\\Workspace\\Virtual Instructor\\AthenaVI_backend\\node_modules\\router\\index.js:435:11)\n    at Layer.handleRequest (C:\\Abhishek\\Workspace\\Virtual Instructor\\AthenaVI_backend\\node_modules\\router\\lib\\layer.js:152:17)\n    at C:\\Abhishek\\Workspace\\Virtual Instructor\\AthenaVI_backend\\node_modules\\router\\index.js:295:15\n    at processParams (C:\\Abhishek\\Workspace\\Virtual Instructor\\AthenaVI_backend\\node_modules\\router\\index.js:582:12)\n    at next (C:\\Abhishek\\Workspace\\Virtual Instructor\\AthenaVI_backend\\node_modules\\router\\index.js:291:5)","timestamp":"2026-03-09T05:52:00.864Z"}
{"level":"error","message":"TypeError: Cannot read properties of undefined (reading 'findMany')\n    at Object.findWorkspacesByUserId (C:\\Abhishek\\Workspace\\Virtual Instructor\\AthenaVI_backend\\src\\modules\\workspace\\workspace.dao.js:49:33)\n    at Object.getUserWorkspaces (C:\\Abhishek\\Workspace\\Virtual Instructor\\AthenaVI_backend\\src\\modules\\workspace\\workspace.service.js:41:29)\n    at C:\\Abhishek\\Workspace\\Virtual Instructor\\AthenaVI_backend\\src\\modules\\workspace\\workspace.controller.js:22:45\n    at C:\\Abhishek\\Workspace\\Virtual Instructor\\AthenaVI_backend\\src\\shared\\utils\\asyncHandler.js:2:19\n    at Layer.handleRequest (C:\\Abhishek\\Workspace\\Virtual Instructor\\AthenaVI_backend\\node_modules\\router\\lib\\layer.js:152:17)\n    at next (C:\\Abhishek\\Workspace\\Virtual Instructor\\AthenaVI_backend\\node_modules\\router\\lib\\route.js:157:13)\n    at C:\\Abhishek\\Workspace\\Virtual Instructor\\AthenaVI_backend\\src\\middlewares\\auth.middlware.js:46:3\n    at process.processTicksAndRejections (node:internal/process/task_queues:105:5)","timestamp":"2026-03-09T05:52:25.542Z"}
{"level":"error","message":"Error: Unauthorized\n    at C:\\Abhishek\\Workspace\\Virtual Instructor\\AthenaVI_backend\\src\\middlewares\\auth.middlware.js:11:11\n    at C:\\Abhishek\\Workspace\\Virtual Instructor\\AthenaVI_backend\\src\\shared\\utils\\asyncHandler.js:2:19\n    at Layer.handleRequest (C:\\Abhishek\\Workspace\\Virtual Instructor\\AthenaVI_backend\\node_modules\\router\\lib\\layer.js:152:17)\n    at next (C:\\Abhishek\\Workspace\\Virtual Instructor\\AthenaVI_backend\\node_modules\\router\\lib\\route.js:157:13)\n    at Route.dispatch (C:\\Abhishek\\Workspace\\Virtual Instructor\\AthenaVI_backend\\node_modules\\router\\lib\\route.js:117:3)\n    at handle (C:\\Abhishek\\Workspace\\Virtual Instructor\\AthenaVI_backend\\node_modules\\router\\index.js:435:11)\n    at Layer.handleRequest (C:\\Abhishek\\Workspace\\Virtual Instructor\\AthenaVI_backend\\node_modules\\router\\lib\\layer.js:152:17)\n    at C:\\Abhishek\\Workspace\\Virtual Instructor\\AthenaVI_backend\\node_modules\\router\\index.js:295:15\n    at processParams (C:\\Abhishek\\Workspace\\Virtual Instructor\\AthenaVI_backend\\node_modules\\router\\index.js:582:12)\n    at next (C:\\Abhishek\\Workspace\\Virtual Instructor\\AthenaVI_backend\\node_modules\\router\\index.js:291:5)","timestamp":"2026-03-09T06:05:17.897Z"}
{"level":"error","message":"TypeError: Cannot read properties of undefined (reading 'create')\n    at Object.createWorkspaceWithMember (C:\\Abhishek\\Workspace\\Virtual Instructor\\AthenaVI_backend\\src\\modules\\workspace\\workspace.dao.js:24:40)\n    at C:\\Abhishek\\Workspace\\Virtual Instructor\\AthenaVI_backend\\src\\modules\\workspace\\workspace.service.js:32:31\n    at Proxy._transactionWithCallback (C:\\Abhishek\\Workspace\\Virtual Instructor\\AthenaVI_backend\\node_modules\\@prisma\\client\\runtime\\client.js:75:4396)\n    at process.processTicksAndRejections (node:internal/process/task_queues:105:5)\n    at async Object.createTeamWorkspace (C:\\Abhishek\\Workspace\\Virtual Instructor\\AthenaVI_backend\\src\\modules\\workspace\\workspace.service.js:31:10)\n    at async C:\\Abhishek\\Workspace\\Virtual Instructor\\AthenaVI_backend\\src\\modules\\workspace\\workspace.controller.js:10:21","timestamp":"2026-03-09T06:05:34.952Z"}
{"level":"info","message":"Server running bHYon port 9000","timestamp":"2026-03-09T06:06:43.188Z"}
{"level":"info","message":"Server running bHYon port 9000","timestamp":"2026-03-09T06:06:46.546Z"}
{"level":"info","message":"Server running bHYon port 9000","timestamp":"2026-03-09T06:06:47.901Z"}
{"level":"info","message":"Server running bHYon port 9000","timestamp":"2026-03-09T06:07:28.825Z"}
{"level":"info","message":"Server running bHYon port 9000","timestamp":"2026-03-09T06:07:30.162Z"}
{"level":"info","message":"Server running bHYon port 9000","timestamp":"2026-03-09T06:07:53.457Z"}
{"level":"info","message":"Server running bHYon port 9000","timestamp":"2026-03-09T06:07:54.869Z"}
{"level":"info","message":"Server running bHYon port 9000","timestamp":"2026-03-09T06:08:00.865Z"}
{"level":"info","message":"Server running bHYon port 9000","timestamp":"2026-03-09T06:08:02.272Z"}
{"level":"info","message":"Server running bHYon port 9000","timestamp":"2026-03-09T06:08:08.495Z"}
{"level":"info","message":"Server running bHYon port 9000","timestamp":"2026-03-09T06:08:11.567Z"}
{"level":"info","message":"Server running bHYon port 9000","timestamp":"2026-03-09T06:08:15.190Z"}
{"level":"info","message":"Server running bHYon port 9000","timestamp":"2026-03-09T06:08:18.089Z"}
{"level":"info","message":"Server running bHYon port 9000","timestamp":"2026-03-09T06:08:19.238Z"}
{"level":"info","message":"Server running bHYon port 9000","timestamp":"2026-03-09T06:08:21.141Z"}
{"level":"info","message":"Server running bHYon port 9000","timestamp":"2026-03-09T06:08:23.291Z"}
{"level":"info","message":"Server running bHYon port 9000","timestamp":"2026-03-09T06:08:26.570Z"}
{"level":"info","message":"Server running bHYon port 9000","timestamp":"2026-03-09T06:08:31.858Z"}
{"level":"info","message":"Server running bHYon port 9000","timestamp":"2026-03-09T06:08:36.775Z"}
{"level":"info","message":"Server running bHYon port 9000","timestamp":"2026-03-09T06:09:04.653Z"}
{"level":"info","message":"Server running bHYon port 9000","timestamp":"2026-03-09T06:09:45.827Z"}
{"level":"info","message":"Server running bHYon port 9000","timestamp":"2026-03-09T06:10:49.199Z"}
{"level":"info","message":"Server running bHYon port 9000","timestamp":"2026-03-09T06:11:06.887Z"}
{"level":"info","message":"Server running bHYon port 9000","timestamp":"2026-03-09T06:11:21.031Z"}
{"level":"error","message":"TypeError: Cannot read properties of undefined (reading 'create')\n    at Object.createWorkspaceWithMember (C:\\Abhishek\\Workspace\\Virtual Instructor\\AthenaVI_backend\\src\\modules\\workspace\\workspace.dao.js:24:40)\n    at C:\\Abhishek\\Workspace\\Virtual Instructor\\AthenaVI_backend\\src\\modules\\workspace\\workspace.service.js:32:31\n    at Proxy._transactionWithCallback (C:\\Abhishek\\Workspace\\Virtual Instructor\\AthenaVI_backend\\node_modules\\@prisma\\client\\runtime\\client.js:75:4396)\n    at process.processTicksAndRejections (node:internal/process/task_queues:105:5)\n    at async Object.createTeamWorkspace (C:\\Abhishek\\Workspace\\Virtual Instructor\\AthenaVI_backend\\src\\modules\\workspace\\workspace.service.js:31:10)\n    at async C:\\Abhishek\\Workspace\\Virtual Instructor\\AthenaVI_backend\\src\\modules\\workspace\\workspace.controller.js:10:21","timestamp":"2026-03-09T06:11:39.760Z"}
{"level":"error","message":"Error: Token expired\n    at C:\\Abhishek\\Workspace\\Virtual Instructor\\AthenaVI_backend\\src\\middlewares\\auth.middlware.js:22:11\n    at C:\\Abhishek\\Workspace\\Virtual Instructor\\AthenaVI_backend\\src\\shared\\utils\\asyncHandler.js:2:19\n    at Layer.handleRequest (C:\\Abhishek\\Workspace\\Virtual Instructor\\AthenaVI_backend\\node_modules\\router\\lib\\layer.js:152:17)\n    at next (C:\\Abhishek\\Workspace\\Virtual Instructor\\AthenaVI_backend\\node_modules\\router\\lib\\route.js:157:13)\n    at Route.dispatch (C:\\Abhishek\\Workspace\\Virtual Instructor\\AthenaVI_backend\\node_modules\\router\\lib\\route.js:117:3)\n    at handle (C:\\Abhishek\\Workspace\\Virtual Instructor\\AthenaVI_backend\\node_modules\\router\\index.js:435:11)\n    at Layer.handleRequest (C:\\Abhishek\\Workspace\\Virtual Instructor\\AthenaVI_backend\\node_modules\\router\\lib\\layer.js:152:17)\n    at C:\\Abhishek\\Workspace\\Virtual Instructor\\AthenaVI_backend\\node_modules\\router\\index.js:295:15\n    at processParams (C:\\Abhishek\\Workspace\\Virtual Instructor\\AthenaVI_backend\\node_modules\\router\\index.js:582:12)\n    at next (C:\\Abhishek\\Workspace\\Virtual Instructor\\AthenaVI_backend\\node_modules\\router\\index.js:291:5)","timestamp":"2026-03-09T06:12:29.844Z"}
{"level":"info","message":"Server running bHYon port 9000","timestamp":"2026-03-09T06:13:34.157Z"}
{"level":"info","message":"Server running bHYon port 9000","timestamp":"2026-03-09T06:19:08.674Z"}
{"level":"info","message":"Server running bHYon port 9000","timestamp":"2026-03-09T06:19:41.263Z"}
{"level":"info","message":"Server running bHYon port 9000","timestamp":"2026-03-09T06:20:09.484Z"}
{"level":"info","message":"Server running bHYon port 9000","timestamp":"2026-03-09T06:20:20.377Z"}
{"level":"info","message":"Server running bHYon port 9000","timestamp":"2026-03-09T06:21:05.748Z"}
{"level":"error","message":"TypeError: Cannot read properties of undefined (reading 'create')\n    at Object.createWorkspaceWithMember (C:\\Abhishek\\Workspace\\Virtual Instructor\\AthenaVI_backend\\src\\modules\\workspace\\workspace.dao.js:24:40)\n    at C:\\Abhishek\\Workspace\\Virtual Instructor\\AthenaVI_backend\\src\\modules\\workspace\\workspace.service.js:32:31\n    at Proxy._transactionWithCallback (C:\\Abhishek\\Workspace\\Virtual Instructor\\AthenaVI_backend\\node_modules\\@prisma\\client\\runtime\\client.js:75:4396)\n    at process.processTicksAndRejections (node:internal/process/task_queues:105:5)\n    at async Object.createTeamWorkspace (C:\\Abhishek\\Workspace\\Virtual Instructor\\AthenaVI_backend\\src\\modules\\workspace\\workspace.service.js:31:10)\n    at async C:\\Abhishek\\Workspace\\Virtual Instructor\\AthenaVI_backend\\src\\modules\\workspace\\workspace.controller.js:10:21","timestamp":"2026-03-09T06:21:27.944Z"}
{"level":"info","message":"Server running bHYon port 9000","timestamp":"2026-03-09T06:22:32.433Z"}
{"level":"info","message":"Server running bHYon port 9000","timestamp":"2026-03-09T06:22:35.519Z"}
{"level":"error","message":"TypeError: Cannot read properties of undefined (reading 'create')\n    at Object.createWorkspaceWithMember (C:\\Abhishek\\Workspace\\Virtual Instructor\\AthenaVI_backend\\src\\modules\\workspace\\workspace.dao.js:24:40)\n    at C:\\Abhishek\\Workspace\\Virtual Instructor\\AthenaVI_backend\\src\\modules\\workspace\\workspace.service.js:32:31\n    at Proxy._transactionWithCallback (C:\\Abhishek\\Workspace\\Virtual Instructor\\AthenaVI_backend\\node_modules\\@prisma\\client\\runtime\\client.js:75:4396)\n    at process.processTicksAndRejections (node:internal/process/task_queues:105:5)\n    at async Object.createTeamWorkspace (C:\\Abhishek\\Workspace\\Virtual Instructor\\AthenaVI_backend\\src\\modules\\workspace\\workspace.service.js:31:10)\n    at async C:\\Abhishek\\Workspace\\Virtual Instructor\\AthenaVI_backend\\src\\modules\\workspace\\workspace.controller.js:12:21","timestamp":"2026-03-09T06:22:36.958Z"}
{"level":"error","message":"TypeError: Cannot read properties of undefined (reading 'create')\n    at Object.createWorkspaceWithMember (C:\\Abhishek\\Workspace\\Virtual Instructor\\AthenaVI_backend\\src\\modules\\workspace\\workspace.dao.js:24:40)\n    at C:\\Abhishek\\Workspace\\Virtual Instructor\\AthenaVI_backend\\src\\modules\\workspace\\workspace.service.js:32:31\n    at Proxy._transactionWithCallback (C:\\Abhishek\\Workspace\\Virtual Instructor\\AthenaVI_backend\\node_modules\\@prisma\\client\\runtime\\client.js:75:4396)\n    at process.processTicksAndRejections (node:internal/process/task_queues:105:5)\n    at async Object.createTeamWorkspace (C:\\Abhishek\\Workspace\\Virtual Instructor\\AthenaVI_backend\\src\\modules\\workspace\\workspace.service.js:31:10)\n    at async C:\\Abhishek\\Workspace\\Virtual Instructor\\AthenaVI_backend\\src\\modules\\workspace\\workspace.controller.js:12:21","timestamp":"2026-03-09T06:27:24.446Z"}
{"level":"info","message":"Server running bHYon port 9000","timestamp":"2026-03-09T06:28:13.780Z"}
{"level":"info","message":"Server running bHYon port 9000","timestamp":"2026-03-09T06:28:14.902Z"}
{"level":"info","message":"Server running bHYon port 9000","timestamp":"2026-03-09T06:28:16.841Z"}
{"level":"info","message":"Server running bHYon port 9000","timestamp":"2026-03-09T06:28:18.025Z"}
{"level":"info","message":"Server running bHYon port 9000","timestamp":"2026-03-09T06:28:21.672Z"}
{"level":"info","message":"Server running bHYon port 9000","timestamp":"2026-03-09T06:28:24.327Z"}
{"level":"error","message":"TypeError: Cannot read properties of undefined (reading 'create')\n    at Object.createWorkspaceWithMember (C:\\Abhishek\\Workspace\\Virtual Instructor\\AthenaVI_backend\\src\\modules\\workspace\\workspace.dao.js:24:40)\n    at C:\\Abhishek\\Workspace\\Virtual Instructor\\AthenaVI_backend\\src\\modules\\workspace\\workspace.service.js:32:31\n    at Proxy._transactionWithCallback (C:\\Abhishek\\Workspace\\Virtual Instructor\\AthenaVI_backend\\node_modules\\@prisma\\client\\runtime\\client.js:75:4396)\n    at process.processTicksAndRejections (node:internal/process/task_queues:105:5)\n    at async Object.createTeamWorkspace (C:\\Abhishek\\Workspace\\Virtual Instructor\\AthenaVI_backend\\src\\modules\\workspace\\workspace.service.js:31:10)\n    at async C:\\Abhishek\\Workspace\\Virtual Instructor\\AthenaVI_backend\\src\\modules\\workspace\\workspace.controller.js:13:21","timestamp":"2026-03-09T06:28:28.370Z"}
{"level":"error","message":"TypeError: Cannot read properties of undefined (reading 'create')\n    at Object.createWorkspaceWithMember (C:\\Abhishek\\Workspace\\Virtual Instructor\\AthenaVI_backend\\src\\modules\\workspace\\workspace.dao.js:24:40)\n    at C:\\Abhishek\\Workspace\\Virtual Instructor\\AthenaVI_backend\\src\\modules\\workspace\\workspace.service.js:32:31\n    at Proxy._transactionWithCallback (C:\\Abhishek\\Workspace\\Virtual Instructor\\AthenaVI_backend\\node_modules\\@prisma\\client\\runtime\\client.js:75:4396)\n    at process.processTicksAndRejections (node:internal/process/task_queues:105:5)\n    at async Object.createTeamWorkspace (C:\\Abhishek\\Workspace\\Virtual Instructor\\AthenaVI_backend\\src\\modules\\workspace\\workspace.service.js:31:10)\n    at async C:\\Abhishek\\Workspace\\Virtual Instructor\\AthenaVI_backend\\src\\modules\\workspace\\workspace.controller.js:13:21","timestamp":"2026-03-09T06:31:17.046Z"}
{"level":"info","message":"Server running bHYon port 9000","timestamp":"2026-03-09T06:46:02.958Z"}
{"level":"error","message":"Error: Token expired\n    at C:\\Abhishek\\Workspace\\Virtual Instructor\\AthenaVI_backend\\src\\middlewares\\auth.middlware.js:22:11\n    at C:\\Abhishek\\Workspace\\Virtual Instructor\\AthenaVI_backend\\src\\shared\\utils\\asyncHandler.js:2:19\n    at Layer.handleRequest (C:\\Abhishek\\Workspace\\Virtual Instructor\\AthenaVI_backend\\node_modules\\router\\lib\\layer.js:152:17)\n    at next (C:\\Abhishek\\Workspace\\Virtual Instructor\\AthenaVI_backend\\node_modules\\router\\lib\\route.js:157:13)\n    at Route.dispatch (C:\\Abhishek\\Workspace\\Virtual Instructor\\AthenaVI_backend\\node_modules\\router\\lib\\route.js:117:3)\n    at handle (C:\\Abhishek\\Workspace\\Virtual Instructor\\AthenaVI_backend\\node_modules\\router\\index.js:435:11)\n    at Layer.handleRequest (C:\\Abhishek\\Workspace\\Virtual Instructor\\AthenaVI_backend\\node_modules\\router\\lib\\layer.js:152:17)\n    at C:\\Abhishek\\Workspace\\Virtual Instructor\\AthenaVI_backend\\node_modules\\router\\index.js:295:15\n    at processParams (C:\\Abhishek\\Workspace\\Virtual Instructor\\AthenaVI_backend\\node_modules\\router\\index.js:582:12)\n    at next (C:\\Abhishek\\Workspace\\Virtual Instructor\\AthenaVI_backend\\node_modules\\router\\index.js:291:5)","timestamp":"2026-03-09T06:46:05.114Z"}
{"level":"error","message":"TypeError: Cannot read properties of undefined (reading 'create')\n    at Object.createWorkspaceWithMember (C:\\Abhishek\\Workspace\\Virtual Instructor\\AthenaVI_backend\\src\\modules\\workspace\\workspace.dao.js:25:40)\n    at C:\\Abhishek\\Workspace\\Virtual Instructor\\AthenaVI_backend\\src\\modules\\workspace\\workspace.service.js:32:31\n    at Proxy._transactionWithCallback (C:\\Abhishek\\Workspace\\Virtual Instructor\\AthenaVI_backend\\node_modules\\@prisma\\client\\runtime\\client.js:75:4396)\n    at process.processTicksAndRejections (node:internal/process/task_queues:105:5)\n    at async Object.createTeamWorkspace (C:\\Abhishek\\Workspace\\Virtual Instructor\\AthenaVI_backend\\src\\modules\\workspace\\workspace.service.js:31:10)\n    at async C:\\Abhishek\\Workspace\\Virtual Instructor\\AthenaVI_backend\\src\\modules\\workspace\\workspace.controller.js:13:21","timestamp":"2026-03-09T06:46:17.752Z"}
{"level":"info","message":"Server running bHYon port 9000","timestamp":"2026-03-09T06:46:52.920Z"}
{"level":"info","message":"Server running bHYon port 9000","timestamp":"2026-03-09T06:46:53.837Z"}
{"level":"info","message":"Server running bHYon port 9000","timestamp":"2026-03-09T06:51:55.390Z"}
{"level":"error","message":"ReferenceError: workspaceId is not defined\n    at Object.findWorkspaceMember (C:\\Abhishek\\Workspace\\Virtual Instructor\\AthenaVI_backend\\src\\modules\\credit\\credit.dao.js:8:7)\n    at Object.getAvailableCredits (C:\\Abhishek\\Workspace\\Virtual Instructor\\AthenaVI_backend\\src\\modules\\credit\\credit.service.js:6:34)\n    at C:\\Abhishek\\Workspace\\Virtual Instructor\\AthenaVI_backend\\src\\modules\\credit\\credit.controller.js:8:48\n    at C:\\Abhishek\\Workspace\\Virtual Instructor\\AthenaVI_backend\\src\\shared\\utils\\asyncHandler.js:2:19\n    at Layer.handleRequest (C:\\Abhishek\\Workspace\\Virtual Instructor\\AthenaVI_backend\\node_modules\\router\\lib\\layer.js:152:17)\n    at next (C:\\Abhishek\\Workspace\\Virtual Instructor\\AthenaVI_backend\\node_modules\\router\\lib\\route.js:157:13)\n    at C:\\Abhishek\\Workspace\\Virtual Instructor\\AthenaVI_backend\\src\\middlewares\\auth.middlware.js:41:3\n    at process.processTicksAndRejections (node:internal/process/task_queues:105:5)","timestamp":"2026-03-09T07:01:02.978Z"}
{"level":"info","message":"Server running bHYon port 9000","timestamp":"2026-03-09T07:15:26.219Z"}
{"level":"info","message":"Server running bHYon port 9000","timestamp":"2026-03-09T08:27:01.577Z"}
{"level":"info","message":"Server running bHYon port 9000","timestamp":"2026-03-09T08:27:03.761Z"}
{"level":"info","message":"Server running bHYon port 9000","timestamp":"2026-03-09T08:28:19.120Z"}
{"level":"info","message":"Server running bHYon port 9000","timestamp":"2026-03-09T08:28:21.801Z"}
{"level":"info","message":"Server running bHYon port 9000","timestamp":"2026-03-09T08:35:47.504Z"}
{"level":"info","message":"Server running bHYon port 9000","timestamp":"2026-03-09T08:35:48.969Z"}
{"level":"info","message":"Server running bHYon port 9000","timestamp":"2026-03-09T08:35:50.670Z"}
{"level":"info","message":"Server running bHYon port 9000","timestamp":"2026-03-09T08:38:32.336Z"}
{"level":"info","message":"Server running bHYon port 9000","timestamp":"2026-03-09T08:38:41.310Z"}
{"level":"info","message":"Server running bHYon port 9000","timestamp":"2026-03-09T08:40:25.454Z"}
{"level":"info","message":"Server running bHYon port 9000","timestamp":"2026-03-09T08:40:30.304Z"}
{"level":"info","message":"Server running bHYon port 9000","timestamp":"2026-03-09T08:40:45.699Z"}
{"level":"info","message":"Server running bHYon port 9000","timestamp":"2026-03-09T08:40:49.341Z"}
{"level":"info","message":"Server running bHYon port 9000","timestamp":"2026-03-09T08:40:53.329Z"}
{"level":"info","message":"Server running bHYon port 9000","timestamp":"2026-03-09T08:41:22.104Z"}
{"level":"info","message":"Server running bHYon port 9000","timestamp":"2026-03-09T08:41:24.201Z"}
{"level":"info","message":"Server running bHYon port 9000","timestamp":"2026-03-09T08:42:13.795Z"}
{"level":"info","message":"Server running bHYon port 9000","timestamp":"2026-03-09T08:43:25.462Z"}
{"level":"info","message":"Server running bHYon port 9000","timestamp":"2026-03-09T08:43:39.503Z"}
{"level":"info","message":"Server running bHYon port 9000","timestamp":"2026-03-09T08:43:58.040Z"}
{"level":"info","message":"Server running bHYon port 9000","timestamp":"2026-03-09T08:44:01.655Z"}
{"level":"info","message":"Server running bHYon port 9000","timestamp":"2026-03-09T08:44:09.822Z"}
{"level":"info","message":"Server running bHYon port 9000","timestamp":"2026-03-09T08:44:13.527Z"}
{"level":"info","message":"Server running bHYon port 9000","timestamp":"2026-03-09T08:50:43.100Z"}
{"level":"info","message":"Server running bHYon port 9000","timestamp":"2026-03-09T08:56:56.172Z"}
{"level":"error","message":"Error: Token expired\n    at C:\\Abhishek\\Workspace\\Virtual Instructor\\AthenaVI_backend\\src\\middlewares\\auth.middlware.js:22:11\n    at C:\\Abhishek\\Workspace\\Virtual Instructor\\AthenaVI_backend\\src\\shared\\utils\\asyncHandler.js:2:19\n    at Layer.handleRequest (C:\\Abhishek\\Workspace\\Virtual Instructor\\AthenaVI_backend\\node_modules\\router\\lib\\layer.js:152:17)\n    at next (C:\\Abhishek\\Workspace\\Virtual Instructor\\AthenaVI_backend\\node_modules\\router\\lib\\route.js:157:13)\n    at Route.dispatch (C:\\Abhishek\\Workspace\\Virtual Instructor\\AthenaVI_backend\\node_modules\\router\\lib\\route.js:117:3)\n    at handle (C:\\Abhishek\\Workspace\\Virtual Instructor\\AthenaVI_backend\\node_modules\\router\\index.js:435:11)\n    at Layer.handleRequest (C:\\Abhishek\\Workspace\\Virtual Instructor\\AthenaVI_backend\\node_modules\\router\\lib\\layer.js:152:17)\n    at C:\\Abhishek\\Workspace\\Virtual Instructor\\AthenaVI_backend\\node_modules\\router\\index.js:295:15\n    at param (C:\\Abhishek\\Workspace\\Virtual Instructor\\AthenaVI_backend\\node_modules\\router\\index.js:600:14)\n    at param (C:\\Abhishek\\Workspace\\Virtual Instructor\\AthenaVI_backend\\node_modules\\router\\index.js:610:14)","timestamp":"2026-03-09T08:56:59.827Z"}
{"level":"info","message":"Server running bHYon port 9000","timestamp":"2026-03-09T09:03:10.168Z"}
{"level":"info","message":"Server running bHYon port 9000","timestamp":"2026-03-09T09:03:11.880Z"}
{"level":"info","message":"Server running bHYon port 9000","timestamp":"2026-03-09T09:03:33.280Z"}
{"level":"info","message":"Server running bHYon port 9000","timestamp":"2026-03-09T09:04:23.546Z"}
{"level":"error","message":"TypeError: Cannot destructure property 'token' of 'req.body' as it is undefined.\n    at C:\\Abhishek\\Workspace\\Virtual Instructor\\AthenaVI_backend\\src\\modules\\workspace\\workspace.controller.js:83:11\n    at C:\\Abhishek\\Workspace\\Virtual Instructor\\AthenaVI_backend\\src\\shared\\utils\\asyncHandler.js:2:19\n    at Layer.handleRequest (C:\\Abhishek\\Workspace\\Virtual Instructor\\AthenaVI_backend\\node_modules\\router\\lib\\layer.js:152:17)\n    at next (C:\\Abhishek\\Workspace\\Virtual Instructor\\AthenaVI_backend\\node_modules\\router\\lib\\route.js:157:13)\n    at C:\\Abhishek\\Workspace\\Virtual Instructor\\AthenaVI_backend\\src\\middlewares\\auth.middlware.js:41:3\n    at process.processTicksAndRejections (node:internal/process/task_queues:105:5)","timestamp":"2026-03-09T09:06:47.445Z"}
{"level":"error","message":"TypeError: Cannot destructure property 'token' of 'req.body' as it is undefined.\n    at C:\\Abhishek\\Workspace\\Virtual Instructor\\AthenaVI_backend\\src\\modules\\workspace\\workspace.controller.js:83:11\n    at C:\\Abhishek\\Workspace\\Virtual Instructor\\AthenaVI_backend\\src\\shared\\utils\\asyncHandler.js:2:19\n    at Layer.handleRequest (C:\\Abhishek\\Workspace\\Virtual Instructor\\AthenaVI_backend\\node_modules\\router\\lib\\layer.js:152:17)\n    at next (C:\\Abhishek\\Workspace\\Virtual Instructor\\AthenaVI_backend\\node_modules\\router\\lib\\route.js:157:13)\n    at C:\\Abhishek\\Workspace\\Virtual Instructor\\AthenaVI_backend\\src\\middlewares\\auth.middlware.js:41:3\n    at process.processTicksAndRejections (node:internal/process/task_queues:105:5)","timestamp":"2026-03-09T09:07:05.296Z"}
{"level":"info","message":"Server running bHYon port 9000","timestamp":"2026-03-09T09:10:37.099Z"}
{"level":"info","message":"Server running bHYon port 9000","timestamp":"2026-03-09T09:10:39.428Z"}
{"level":"error","message":"Error: Unauthorized\n    at C:\\Abhishek\\Workspace\\Virtual Instructor\\AthenaVI_backend\\src\\middlewares\\auth.middlware.js:11:11\n    at C:\\Abhishek\\Workspace\\Virtual Instructor\\AthenaVI_backend\\src\\shared\\utils\\asyncHandler.js:2:19\n    at Layer.handleRequest (C:\\Abhishek\\Workspace\\Virtual Instructor\\AthenaVI_backend\\node_modules\\router\\lib\\layer.js:152:17)\n    at next (C:\\Abhishek\\Workspace\\Virtual Instructor\\AthenaVI_backend\\node_modules\\router\\lib\\route.js:157:13)\n    at Route.dispatch (C:\\Abhishek\\Workspace\\Virtual Instructor\\AthenaVI_backend\\node_modules\\router\\lib\\route.js:117:3)\n    at handle (C:\\Abhishek\\Workspace\\Virtual Instructor\\AthenaVI_backend\\node_modules\\router\\index.js:435:11)\n    at Layer.handleRequest (C:\\Abhishek\\Workspace\\Virtual Instructor\\AthenaVI_backend\\node_modules\\router\\lib\\layer.js:152:17)\n    at C:\\Abhishek\\Workspace\\Virtual Instructor\\AthenaVI_backend\\node_modules\\router\\index.js:295:15\n    at param (C:\\Abhishek\\Workspace\\Virtual Instructor\\AthenaVI_backend\\node_modules\\router\\index.js:600:14)\n    at param (C:\\Abhishek\\Workspace\\Virtual Instructor\\AthenaVI_backend\\node_modules\\router\\index.js:610:14)","timestamp":"2026-03-09T09:34:43.182Z"}
{"level":"error","message":"TypeError: Cannot destructure property 'email' of 'req.body' as it is undefined.\n    at C:\\Abhishek\\Workspace\\Virtual Instructor\\AthenaVI_backend\\src\\modules\\workspace\\workspace.controller.js:63:11\n    at C:\\Abhishek\\Workspace\\Virtual Instructor\\AthenaVI_backend\\src\\shared\\utils\\asyncHandler.js:2:19\n    at Layer.handleRequest (C:\\Abhishek\\Workspace\\Virtual Instructor\\AthenaVI_backend\\node_modules\\router\\lib\\layer.js:152:17)\n    at next (C:\\Abhishek\\Workspace\\Virtual Instructor\\AthenaVI_backend\\node_modules\\router\\lib\\route.js:157:13)\n    at C:\\Abhishek\\Workspace\\Virtual Instructor\\AthenaVI_backend\\src\\middlewares\\requireWorkspaceRole.js:35:5\n    at process.processTicksAndRejections (node:internal/process/task_queues:105:5)","timestamp":"2026-03-09T09:36:15.801Z"}
{"level":"error","message":"Error: User is already a member of this workspace\n    at Object.inviteMember (C:\\Abhishek\\Workspace\\Virtual Instructor\\AthenaVI_backend\\src\\modules\\workspace\\workspace.service.js:89:13)\n    at process.processTicksAndRejections (node:internal/process/task_queues:105:5)\n    at async C:\\Abhishek\\Workspace\\Virtual Instructor\\AthenaVI_backend\\src\\modules\\workspace\\workspace.controller.js:67:18","timestamp":"2026-03-09T09:47:00.463Z"}
{"level":"error","message":"Error: Token expired\n    at C:\\Abhishek\\Workspace\\Virtual Instructor\\AthenaVI_backend\\src\\middlewares\\auth.middlware.js:22:11\n    at C:\\Abhishek\\Workspace\\Virtual Instructor\\AthenaVI_backend\\src\\shared\\utils\\asyncHandler.js:2:19\n    at Layer.handleRequest (C:\\Abhishek\\Workspace\\Virtual Instructor\\AthenaVI_backend\\node_modules\\router\\lib\\layer.js:152:17)\n    at next (C:\\Abhishek\\Workspace\\Virtual Instructor\\AthenaVI_backend\\node_modules\\router\\lib\\route.js:157:13)\n    at Route.dispatch (C:\\Abhishek\\Workspace\\Virtual Instructor\\AthenaVI_backend\\node_modules\\router\\lib\\route.js:117:3)\n    at handle (C:\\Abhishek\\Workspace\\Virtual Instructor\\AthenaVI_backend\\node_modules\\router\\index.js:435:11)\n    at Layer.handleRequest (C:\\Abhishek\\Workspace\\Virtual Instructor\\AthenaVI_backend\\node_modules\\router\\lib\\layer.js:152:17)\n    at C:\\Abhishek\\Workspace\\Virtual Instructor\\AthenaVI_backend\\node_modules\\router\\index.js:295:15\n    at processParams (C:\\Abhishek\\Workspace\\Virtual Instructor\\AthenaVI_backend\\node_modules\\router\\index.js:582:12)\n    at next (C:\\Abhishek\\Workspace\\Virtual Instructor\\AthenaVI_backend\\node_modules\\router\\index.js:291:5)","timestamp":"2026-03-09T09:47:45.410Z"}
{"level":"error","message":"Error: Invitation was sent to a different email address\n    at Object.acceptInvitation (C:\\Abhishek\\Workspace\\Virtual Instructor\\AthenaVI_backend\\src\\modules\\workspace\\workspace.service.js:121:11)\n    at process.processTicksAndRejections (node:internal/process/task_queues:105:5)\n    at async C:\\Abhishek\\Workspace\\Virtual Instructor\\AthenaVI_backend\\src\\modules\\workspace\\workspace.controller.js:88:21","timestamp":"2026-03-09T09:48:24.065Z"}
{"level":"error","message":"Error: Token expired\n    at C:\\Abhishek\\Workspace\\Virtual Instructor\\AthenaVI_backend\\src\\middlewares\\auth.middlware.js:22:11\n    at C:\\Abhishek\\Workspace\\Virtual Instructor\\AthenaVI_backend\\src\\shared\\utils\\asyncHandler.js:2:19\n    at Layer.handleRequest (C:\\Abhishek\\Workspace\\Virtual Instructor\\AthenaVI_backend\\node_modules\\router\\lib\\layer.js:152:17)\n    at next (C:\\Abhishek\\Workspace\\Virtual Instructor\\AthenaVI_backend\\node_modules\\router\\lib\\route.js:157:13)\n    at Route.dispatch (C:\\Abhishek\\Workspace\\Virtual Instructor\\AthenaVI_backend\\node_modules\\router\\lib\\route.js:117:3)\n    at handle (C:\\Abhishek\\Workspace\\Virtual Instructor\\AthenaVI_backend\\node_modules\\router\\index.js:435:11)\n    at Layer.handleRequest (C:\\Abhishek\\Workspace\\Virtual Instructor\\AthenaVI_backend\\node_modules\\router\\lib\\layer.js:152:17)\n    at C:\\Abhishek\\Workspace\\Virtual Instructor\\AthenaVI_backend\\node_modules\\router\\index.js:295:15\n    at param (C:\\Abhishek\\Workspace\\Virtual Instructor\\AthenaVI_backend\\node_modules\\router\\index.js:600:14)\n    at param (C:\\Abhishek\\Workspace\\Virtual Instructor\\AthenaVI_backend\\node_modules\\router\\index.js:610:14)","timestamp":"2026-03-09T10:13:47.523Z"}
{"level":"error","message":"Error: read ECONNRESET\n    at TLSWrap.onStreamRead (node:internal/stream_base_commons:216:20)","timestamp":"2026-03-09T10:14:18.407Z"}
{"level":"error","message":"Error: Token expired\n    at C:\\Abhishek\\Workspace\\Virtual Instructor\\AthenaVI_backend\\src\\middlewares\\auth.middlware.js:22:11\n    at C:\\Abhishek\\Workspace\\Virtual Instructor\\AthenaVI_backend\\src\\shared\\utils\\asyncHandler.js:2:19\n    at Layer.handleRequest (C:\\Abhishek\\Workspace\\Virtual Instructor\\AthenaVI_backend\\node_modules\\router\\lib\\layer.js:152:17)\n    at next (C:\\Abhishek\\Workspace\\Virtual Instructor\\AthenaVI_backend\\node_modules\\router\\lib\\route.js:157:13)\n    at Route.dispatch (C:\\Abhishek\\Workspace\\Virtual Instructor\\AthenaVI_backend\\node_modules\\router\\lib\\route.js:117:3)\n    at handle (C:\\Abhishek\\Workspace\\Virtual Instructor\\AthenaVI_backend\\node_modules\\router\\index.js:435:11)\n    at Layer.handleRequest (C:\\Abhishek\\Workspace\\Virtual Instructor\\AthenaVI_backend\\node_modules\\router\\lib\\layer.js:152:17)\n    at C:\\Abhishek\\Workspace\\Virtual Instructor\\AthenaVI_backend\\node_modules\\router\\index.js:295:15\n    at processParams (C:\\Abhishek\\Workspace\\Virtual Instructor\\AthenaVI_backend\\node_modules\\router\\index.js:582:12)\n    at next (C:\\Abhishek\\Workspace\\Virtual Instructor\\AthenaVI_backend\\node_modules\\router\\index.js:291:5)","timestamp":"2026-03-09T10:18:13.851Z"}
{"level":"error","message":"Error: Invitation was sent to a different email address\n    at Object.acceptInvitation (C:\\Abhishek\\Workspace\\Virtual Instructor\\AthenaVI_backend\\src\\modules\\workspace\\workspace.service.js:121:11)\n    at process.processTicksAndRejections (node:internal/process/task_queues:105:5)\n    at async C:\\Abhishek\\Workspace\\Virtual Instructor\\AthenaVI_backend\\src\\modules\\workspace\\workspace.controller.js:88:21","timestamp":"2026-03-09T10:18:26.544Z"}
{"level":"error","message":"Error: Invitation was sent to a different email address\n    at Object.acceptInvitation (C:\\Abhishek\\Workspace\\Virtual Instructor\\AthenaVI_backend\\src\\modules\\workspace\\workspace.service.js:121:11)\n    at process.processTicksAndRejections (node:internal/process/task_queues:105:5)\n    at async C:\\Abhishek\\Workspace\\Virtual Instructor\\AthenaVI_backend\\src\\modules\\workspace\\workspace.controller.js:88:21","timestamp":"2026-03-09T10:20:06.622Z"}
{"level":"error","message":"Error: Invitation was sent to a different email address\n    at Object.acceptInvitation (C:\\Abhishek\\Workspace\\Virtual Instructor\\AthenaVI_backend\\src\\modules\\workspace\\workspace.service.js:121:11)\n    at process.processTicksAndRejections (node:internal/process/task_queues:105:5)\n    at async C:\\Abhishek\\Workspace\\Virtual Instructor\\AthenaVI_backend\\src\\modules\\workspace\\workspace.controller.js:88:21","timestamp":"2026-03-09T10:20:59.959Z"}
{"level":"info","message":"Server running bHYon port 9000","timestamp":"2026-03-09T10:25:17.217Z"}
{"level":"error","message":"Error: Invitation was sent to a different email address\n    at Object.acceptInvitation (C:\\Abhishek\\Workspace\\Virtual Instructor\\AthenaVI_backend\\src\\modules\\workspace\\workspace.service.js:136:11)\n    at process.processTicksAndRejections (node:internal/process/task_queues:105:5)\n    at async C:\\Abhishek\\Workspace\\Virtual Instructor\\AthenaVI_backend\\src\\modules\\workspace\\workspace.controller.js:88:21","timestamp":"2026-03-09T10:30:44.444Z"}
{"level":"error","message":"Error: Token expired\n    at C:\\Abhishek\\Workspace\\Virtual Instructor\\AthenaVI_backend\\src\\middlewares\\auth.middlware.js:22:11\n    at C:\\Abhishek\\Workspace\\Virtual Instructor\\AthenaVI_backend\\src\\shared\\utils\\asyncHandler.js:2:19\n    at Layer.handleRequest (C:\\Abhishek\\Workspace\\Virtual Instructor\\AthenaVI_backend\\node_modules\\router\\lib\\layer.js:152:17)\n    at next (C:\\Abhishek\\Workspace\\Virtual Instructor\\AthenaVI_backend\\node_modules\\router\\lib\\route.js:157:13)\n    at Route.dispatch (C:\\Abhishek\\Workspace\\Virtual Instructor\\AthenaVI_backend\\node_modules\\router\\lib\\route.js:117:3)\n    at handle (C:\\Abhishek\\Workspace\\Virtual Instructor\\AthenaVI_backend\\node_modules\\router\\index.js:435:11)\n    at Layer.handleRequest (C:\\Abhishek\\Workspace\\Virtual Instructor\\AthenaVI_backend\\node_modules\\router\\lib\\layer.js:152:17)\n    at C:\\Abhishek\\Workspace\\Virtual Instructor\\AthenaVI_backend\\node_modules\\router\\index.js:295:15\n    at param (C:\\Abhishek\\Workspace\\Virtual Instructor\\AthenaVI_backend\\node_modules\\router\\index.js:600:14)\n    at param (C:\\Abhishek\\Workspace\\Virtual Instructor\\AthenaVI_backend\\node_modules\\router\\index.js:610:14)","timestamp":"2026-03-09T10:31:29.678Z"}
{"level":"error","message":"Error: Invalid email or password\n    at C:\\Abhishek\\Workspace\\Virtual Instructor\\AthenaVI_backend\\src\\modules\\auth\\auth.controller.js:205:11","timestamp":"2026-03-09T10:32:33.459Z"}
{"level":"error","message":"Error: Invalid email or password\n    at C:\\Abhishek\\Workspace\\Virtual Instructor\\AthenaVI_backend\\src\\modules\\auth\\auth.controller.js:205:11","timestamp":"2026-03-09T10:32:52.865Z"}
{"level":"info","message":"Server running bHYon port 9000","timestamp":"2026-03-09T10:34:45.123Z"}
{"level":"info","message":"Server running bHYon port 9000","timestamp":"2026-03-09T10:38:22.094Z"}
{"level":"info","message":"Server running bHYon port 9000","timestamp":"2026-03-09T10:38:27.958Z"}
{"level":"info","message":"Server running bHYon port 9000","timestamp":"2026-03-09T10:38:29.713Z"}
{"level":"info","message":"Server running bHYon port 9000","timestamp":"2026-03-09T10:38:48.320Z"}
{"level":"info","message":"Server running bHYon port 9000","timestamp":"2026-03-09T10:38:54.545Z"}
{"level":"info","message":"Server running bHYon port 9000","timestamp":"2026-03-09T10:38:58.089Z"}
{"level":"info","message":"Server running bHYon port 9000","timestamp":"2026-03-09T10:38:59.167Z"}
{"level":"info","message":"Server running bHYon port 9000","timestamp":"2026-03-09T10:39:20.041Z"}
{"level":"info","message":"Server running bHYon port 9000","timestamp":"2026-03-09T10:40:07.254Z"}
{"level":"info","message":"Server running bHYon port 9000","timestamp":"2026-03-09T10:40:08.664Z"}
{"level":"info","message":"Server running bHYon port 9000","timestamp":"2026-03-09T10:40:12.159Z"}
{"level":"info","message":"Server running bHYon port 9000","timestamp":"2026-03-09T10:40:13.554Z"}
{"level":"info","message":"Server running bHYon port 9000","timestamp":"2026-03-09T10:40:27.795Z"}
{"level":"info","message":"Server running bHYon port 9000","timestamp":"2026-03-09T10:40:31.890Z"}
{"level":"info","message":"Server running bHYon port 9000","timestamp":"2026-03-09T10:40:34.513Z"}
{"level":"info","message":"Server running bHYon port 9000","timestamp":"2026-03-09T10:40:39.943Z"}
{"level":"info","message":"Server running bHYon port 9000","timestamp":"2026-03-09T10:40:41.460Z"}
{"level":"info","message":"Server running bHYon port 9000","timestamp":"2026-03-09T10:40:46.321Z"}
{"level":"error","message":"Error: Unauthorized\n    at C:\\Abhishek\\Workspace\\Virtual Instructor\\AthenaVI_backend\\src\\middlewares\\auth.middlware.js:11:11\n    at C:\\Abhishek\\Workspace\\Virtual Instructor\\AthenaVI_backend\\src\\shared\\utils\\asyncHandler.js:2:19\n    at Layer.handleRequest (C:\\Abhishek\\Workspace\\Virtual Instructor\\AthenaVI_backend\\node_modules\\router\\lib\\layer.js:152:17)\n    at next (C:\\Abhishek\\Workspace\\Virtual Instructor\\AthenaVI_backend\\node_modules\\router\\lib\\route.js:157:13)\n    at Route.dispatch (C:\\Abhishek\\Workspace\\Virtual Instructor\\AthenaVI_backend\\node_modules\\router\\lib\\route.js:117:3)\n    at handle (C:\\Abhishek\\Workspace\\Virtual Instructor\\AthenaVI_backend\\node_modules\\router\\index.js:435:11)\n    at Layer.handleRequest (C:\\Abhishek\\Workspace\\Virtual Instructor\\AthenaVI_backend\\node_modules\\router\\lib\\layer.js:152:17)\n    at C:\\Abhishek\\Workspace\\Virtual Instructor\\AthenaVI_backend\\node_modules\\router\\index.js:295:15\n    at param (C:\\Abhishek\\Workspace\\Virtual Instructor\\AthenaVI_backend\\node_modules\\router\\index.js:600:14)\n    at param (C:\\Abhishek\\Workspace\\Virtual Instructor\\AthenaVI_backend\\node_modules\\router\\index.js:610:14)","timestamp":"2026-03-09T10:42:37.185Z"}
{"level":"error","message":"Error: You do not have access to this workspace\n    at C:\\Abhishek\\Workspace\\Virtual Instructor\\AthenaVI_backend\\src\\middlewares\\requireWorkspaceRole.js:30:13\n    at process.processTicksAndRejections (node:internal/process/task_queues:105:5)","timestamp":"2026-03-09T10:47:37.620Z"}
{"level":"error","message":"Error: You do not have access to this workspace\n    at C:\\Abhishek\\Workspace\\Virtual Instructor\\AthenaVI_backend\\src\\middlewares\\requireWorkspaceRole.js:30:13\n    at process.processTicksAndRejections (node:internal/process/task_queues:105:5)","timestamp":"2026-03-09T10:47:46.850Z"}
{"level":"error","message":"Error: Invalid email or password\n    at C:\\Abhishek\\Workspace\\Virtual Instructor\\AthenaVI_backend\\src\\modules\\auth\\auth.controller.js:205:11","timestamp":"2026-03-09T10:47:58.153Z"}
{"level":"error","message":"Error: You do not have access to this workspace\n    at C:\\Abhishek\\Workspace\\Virtual Instructor\\AthenaVI_backend\\src\\middlewares\\requireWorkspaceRole.js:30:13\n    at process.processTicksAndRejections (node:internal/process/task_queues:105:5)","timestamp":"2026-03-09T10:48:21.371Z"}
{"level":"info","message":"Server running bHYon port 9000","timestamp":"2026-03-09T10:50:55.927Z"}
{"level":"info","message":"Server running bHYon port 9000","timestamp":"2026-03-09T11:29:32.467Z"}
{"level":"info","message":"Server running bHYon port 9000","timestamp":"2026-03-09T11:29:50.710Z"}
{"level":"info","message":"Server running bHYon port 9000","timestamp":"2026-03-09T11:30:01.372Z"}
{"level":"info","message":"Server running bHYon port 9000","timestamp":"2026-03-09T11:30:12.554Z"}
{"level":"info","message":"Server running bHYon port 9000","timestamp":"2026-03-09T11:30:21.280Z"}
{"level":"info","message":"Server running bHYon port 9000","timestamp":"2026-03-09T11:30:38.184Z"}
{"level":"info","message":"Server running bHYon port 9000","timestamp":"2026-03-09T11:30:43.547Z"}
{"level":"info","message":"Server running bHYon port 9000","timestamp":"2026-03-09T11:31:00.900Z"}
{"level":"info","message":"Server running bHYon port 9000","timestamp":"2026-03-09T11:31:02.491Z"}
{"level":"info","message":"Server running bHYon port 9000","timestamp":"2026-03-09T11:31:03.469Z"}
{"level":"info","message":"Server running bHYon port 9000","timestamp":"2026-03-09T11:31:05.740Z"}
{"level":"info","message":"Server running bHYon port 9000","timestamp":"2026-03-09T11:31:07.381Z"}
{"level":"info","message":"Server running bHYon port 9000","timestamp":"2026-03-09T11:31:10.202Z"}
{"level":"info","message":"Server running bHYon port 9000","timestamp":"2026-03-09T11:31:31.853Z"}
{"level":"info","message":"Server running bHYon port 9000","timestamp":"2026-03-09T11:31:33.796Z"}
{"level":"info","message":"Server running bHYon port 9000","timestamp":"2026-03-09T11:42:54.602Z"}
{"level":"info","message":"Server running bHYon port 9000","timestamp":"2026-03-09T11:43:20.595Z"}
{"level":"info","message":"Server running bHYon port 9000","timestamp":"2026-03-09T11:43:31.485Z"}
{"level":"info","message":"Server running bHYon port 9000","timestamp":"2026-03-09T11:44:11.099Z"}
{"level":"error","message":"PrismaClientValidationError: \nInvalid `prisma.creditTransaction.findMany()` invocation in\nC:\\Abhishek\\Workspace\\Virtual Instructor\\AthenaVI_backend\\src\\modules\\credit\\credit.dao.js:18:30\n\n  15 const skip = (page - 1) * limit;\n  16 \n  17 const [transactions, total] = await Promise.all([\n→ 18   prisma.creditTransaction.findMany({\n         where: {\n           workspaceId: undefined\n         },\n         orderBy: {\n           createdAt: \"desc\"\n         },\n         take: undefined,\n       + skip: Int\n       })\n\nArgument `skip` is missing.\n    at tr (C:\\Abhishek\\Workspace\\Virtual Instructor\\AthenaVI_backend\\node_modules\\@prisma\\client\\runtime\\client.js:10:1379)\n    at qr.handleRequestError (C:\\Abhishek\\Workspace\\Virtual Instructor\\AthenaVI_backend\\node_modules\\@prisma\\client\\runtime\\client.js:65:7815)\n    at qr.handleAndLogRequestError (C:\\Abhishek\\Workspace\\Virtual Instructor\\AthenaVI_backend\\node_modules\\@prisma\\client\\runtime\\client.js:65:7467)\n    at qr.request (C:\\Abhishek\\Workspace\\Virtual Instructor\\AthenaVI_backend\\node_modules\\@prisma\\client\\runtime\\client.js:65:7174)\n    at process.processTicksAndRejections (node:internal/process/task_queues:105:5)\n    at async a (C:\\Abhishek\\Workspace\\Virtual Instructor\\AthenaVI_backend\\node_modules\\@prisma\\client\\runtime\\client.js:75:5816)\n    at async Promise.all (index 0)\n    at async Object.getWorkspaceCreditHistory (C:\\Abhishek\\Workspace\\Virtual Instructor\\AthenaVI_backend\\src\\modules\\credit\\credit.dao.js:17:33)\n    at async C:\\Abhishek\\Workspace\\Virtual Instructor\\AthenaVI_backend\\src\\modules\\credit\\credit.controller.js:30:19","timestamp":"2026-03-09T11:44:48.553Z"}
{"level":"error","message":"PrismaClientValidationError: \nInvalid `prisma.creditTransaction.findMany()` invocation in\nC:\\Abhishek\\Workspace\\Virtual Instructor\\AthenaVI_backend\\src\\modules\\credit\\credit.dao.js:18:30\n\n  15 const skip = (page - 1) * limit;\n  16 \n  17 const [transactions, total] = await Promise.all([\n→ 18   prisma.creditTransaction.findMany({\n         where: {\n           workspaceId: undefined\n         },\n         orderBy: {\n           createdAt: \"desc\"\n         },\n         take: undefined,\n       + skip: Int\n       })\n\nArgument `skip` is missing.\n    at tr (C:\\Abhishek\\Workspace\\Virtual Instructor\\AthenaVI_backend\\node_modules\\@prisma\\client\\runtime\\client.js:10:1379)\n    at qr.handleRequestError (C:\\Abhishek\\Workspace\\Virtual Instructor\\AthenaVI_backend\\node_modules\\@prisma\\client\\runtime\\client.js:65:7815)\n    at qr.handleAndLogRequestError (C:\\Abhishek\\Workspace\\Virtual Instructor\\AthenaVI_backend\\node_modules\\@prisma\\client\\runtime\\client.js:65:7467)\n    at qr.request (C:\\Abhishek\\Workspace\\Virtual Instructor\\AthenaVI_backend\\node_modules\\@prisma\\client\\runtime\\client.js:65:7174)\n    at process.processTicksAndRejections (node:internal/process/task_queues:105:5)\n    at async a (C:\\Abhishek\\Workspace\\Virtual Instructor\\AthenaVI_backend\\node_modules\\@prisma\\client\\runtime\\client.js:75:5816)\n    at async Promise.all (index 0)\n    at async Object.getWorkspaceCreditHistory (C:\\Abhishek\\Workspace\\Virtual Instructor\\AthenaVI_backend\\src\\modules\\credit\\credit.dao.js:17:33)\n    at async C:\\Abhishek\\Workspace\\Virtual Instructor\\AthenaVI_backend\\src\\modules\\credit\\credit.controller.js:30:19","timestamp":"2026-03-09T11:45:43.546Z"}
{"level":"info","message":"Server running bHYon port 9000","timestamp":"2026-03-09T11:46:13.003Z"}
{"level":"info","message":"Server running bHYon port 9000","timestamp":"2026-03-09T11:46:18.468Z"}
{"level":"info","message":"Server running bHYon port 9000","timestamp":"2026-03-09T11:46:20.663Z"}
{"level":"error","message":"PrismaClientValidationError: \nInvalid `prisma.creditTransaction.findMany()` invocation in\nC:\\Abhishek\\Workspace\\Virtual Instructor\\AthenaVI_backend\\src\\modules\\credit\\credit.dao.js:20:30\n\n  17 \n  18 \n  19 const [transactions, total] = await Promise.all([\n→ 20   prisma.creditTransaction.findMany({\n         where: {\n           workspaceId: undefined\n         },\n         orderBy: {\n           createdAt: \"desc\"\n         },\n         take: undefined,\n       + skip: Int\n       })\n\nArgument `skip` is missing.\n    at tr (C:\\Abhishek\\Workspace\\Virtual Instructor\\AthenaVI_backend\\node_modules\\@prisma\\client\\runtime\\client.js:10:1379)\n    at qr.handleRequestError (C:\\Abhishek\\Workspace\\Virtual Instructor\\AthenaVI_backend\\node_modules\\@prisma\\client\\runtime\\client.js:65:7815)\n    at qr.handleAndLogRequestError (C:\\Abhishek\\Workspace\\Virtual Instructor\\AthenaVI_backend\\node_modules\\@prisma\\client\\runtime\\client.js:65:7467)\n    at qr.request (C:\\Abhishek\\Workspace\\Virtual Instructor\\AthenaVI_backend\\node_modules\\@prisma\\client\\runtime\\client.js:65:7174)\n    at process.processTicksAndRejections (node:internal/process/task_queues:105:5)\n    at async a (C:\\Abhishek\\Workspace\\Virtual Instructor\\AthenaVI_backend\\node_modules\\@prisma\\client\\runtime\\client.js:75:5816)\n    at async Promise.all (index 0)\n    at async Object.getWorkspaceCreditHistory (C:\\Abhishek\\Workspace\\Virtual Instructor\\AthenaVI_backend\\src\\modules\\credit\\credit.dao.js:19:33)\n    at async C:\\Abhishek\\Workspace\\Virtual Instructor\\AthenaVI_backend\\src\\modules\\credit\\credit.controller.js:30:19","timestamp":"2026-03-09T11:46:24.208Z"}
{"level":"info","message":"Server running bHYon port 9000","timestamp":"2026-03-09T11:48:50.223Z"}
{"level":"error","message":"PrismaClientValidationError: \nInvalid `prisma.creditTransaction.findMany()` invocation in\nC:\\Abhishek\\Workspace\\Virtual Instructor\\AthenaVI_backend\\src\\modules\\credit\\credit.dao.js:20:30\n\n  17 \n  18 \n  19 const [transactions, total] = await Promise.all([\n→ 20   prisma.creditTransaction.findMany({\n         where: {\n           workspaceId: undefined\n         },\n         orderBy: {\n           createdAt: \"desc\"\n         },\n         take: undefined,\n       + skip: Int\n       })\n\nArgument `skip` is missing.\n    at tr (C:\\Abhishek\\Workspace\\Virtual Instructor\\AthenaVI_backend\\node_modules\\@prisma\\client\\runtime\\client.js:10:1379)\n    at qr.handleRequestError (C:\\Abhishek\\Workspace\\Virtual Instructor\\AthenaVI_backend\\node_modules\\@prisma\\client\\runtime\\client.js:65:7815)\n    at qr.handleAndLogRequestError (C:\\Abhishek\\Workspace\\Virtual Instructor\\AthenaVI_backend\\node_modules\\@prisma\\client\\runtime\\client.js:65:7467)\n    at qr.request (C:\\Abhishek\\Workspace\\Virtual Instructor\\AthenaVI_backend\\node_modules\\@prisma\\client\\runtime\\client.js:65:7174)\n    at process.processTicksAndRejections (node:internal/process/task_queues:105:5)\n    at async a (C:\\Abhishek\\Workspace\\Virtual Instructor\\AthenaVI_backend\\node_modules\\@prisma\\client\\runtime\\client.js:75:5816)\n    at async Promise.all (index 0)\n    at async Object.getWorkspaceCreditHistory (C:\\Abhishek\\Workspace\\Virtual Instructor\\AthenaVI_backend\\src\\modules\\credit\\credit.dao.js:19:33)\n    at async C:\\Abhishek\\Workspace\\Virtual Instructor\\AthenaVI_backend\\src\\modules\\credit\\credit.controller.js:30:19","timestamp":"2026-03-09T11:48:52.800Z"}
{"level":"info","message":"Server running bHYon port 9000","timestamp":"2026-03-09T11:49:13.457Z"}
{"level":"error","message":"Error: Token expired\n    at C:\\Abhishek\\Workspace\\Virtual Instructor\\AthenaVI_backend\\src\\middlewares\\auth.middlware.js:22:11\n    at C:\\Abhishek\\Workspace\\Virtual Instructor\\AthenaVI_backend\\src\\shared\\utils\\asyncHandler.js:2:19\n    at Layer.handleRequest (C:\\Abhishek\\Workspace\\Virtual Instructor\\AthenaVI_backend\\node_modules\\router\\lib\\layer.js:152:17)\n    at next (C:\\Abhishek\\Workspace\\Virtual Instructor\\AthenaVI_backend\\node_modules\\router\\lib\\route.js:157:13)\n    at Route.dispatch (C:\\Abhishek\\Workspace\\Virtual Instructor\\AthenaVI_backend\\node_modules\\router\\lib\\route.js:117:3)\n    at handle (C:\\Abhishek\\Workspace\\Virtual Instructor\\AthenaVI_backend\\node_modules\\router\\index.js:435:11)\n    at Layer.handleRequest (C:\\Abhishek\\Workspace\\Virtual Instructor\\AthenaVI_backend\\node_modules\\router\\lib\\layer.js:152:17)\n    at C:\\Abhishek\\Workspace\\Virtual Instructor\\AthenaVI_backend\\node_modules\\router\\index.js:295:15\n    at param (C:\\Abhishek\\Workspace\\Virtual Instructor\\AthenaVI_backend\\node_modules\\router\\index.js:600:14)\n    at param (C:\\Abhishek\\Workspace\\Virtual Instructor\\AthenaVI_backend\\node_modules\\router\\index.js:610:14)","timestamp":"2026-03-09T11:50:45.712Z"}
{"level":"info","message":"Server running bHYon port 9000","timestamp":"2026-03-09T11:52:00.638Z"}
{"level":"info","message":"Server running bHYon port 9000","timestamp":"2026-03-09T11:54:02.609Z"}
{"level":"info","message":"Server running bHYon port 9000","timestamp":"2026-03-09T11:56:54.597Z"}
{"level":"info","message":"Server running bHYon port 9000","timestamp":"2026-03-09T11:56:56.832Z"}
{"level":"info","message":"Server running bHYon port 9000","timestamp":"2026-03-09T11:56:58.199Z"}
{"level":"info","message":"Server running bHYon port 9000","timestamp":"2026-03-10T05:50:49.731Z"}
{"level":"info","message":"Server running bHYon port 9000","timestamp":"2026-03-10T09:06:50.623Z"}
{"level":"error","message":"ReferenceError: AppError is not defined\n    at C:\\Abhishek\\Workspace\\Virtual Instructor\\AthenaVI_backend\\src\\middlewares\\validate.js:5:5\n    at Layer.handleRequest (C:\\Abhishek\\Workspace\\Virtual Instructor\\AthenaVI_backend\\node_modules\\router\\lib\\layer.js:152:17)\n    at next (C:\\Abhishek\\Workspace\\Virtual Instructor\\AthenaVI_backend\\node_modules\\router\\lib\\route.js:157:13)\n    at Route.dispatch (C:\\Abhishek\\Workspace\\Virtual Instructor\\AthenaVI_backend\\node_modules\\router\\lib\\route.js:117:3)\n    at handle (C:\\Abhishek\\Workspace\\Virtual Instructor\\AthenaVI_backend\\node_modules\\router\\index.js:435:11)\n    at Layer.handleRequest (C:\\Abhishek\\Workspace\\Virtual Instructor\\AthenaVI_backend\\node_modules\\router\\lib\\layer.js:152:17)\n    at C:\\Abhishek\\Workspace\\Virtual Instructor\\AthenaVI_backend\\node_modules\\router\\index.js:295:15\n    at processParams (C:\\Abhishek\\Workspace\\Virtual Instructor\\AthenaVI_backend\\node_modules\\router\\index.js:582:12)\n    at next (C:\\Abhishek\\Workspace\\Virtual Instructor\\AthenaVI_backend\\node_modules\\router\\index.js:291:5)\n    at Function.handle (C:\\Abhishek\\Workspace\\Virtual Instructor\\AthenaVI_backend\\node_modules\\router\\index.js:186:3)","timestamp":"2026-03-10T09:10:29.927Z"}
{"level":"info","message":"Server running bHYon port 9000","timestamp":"2026-03-10T09:10:53.236Z"}
{"level":"error","message":"Error: \"otp\" must be a string\n    at C:\\Abhishek\\Workspace\\Virtual Instructor\\AthenaVI_backend\\src\\middlewares\\validate.js:7:11\n    at Layer.handleRequest (C:\\Abhishek\\Workspace\\Virtual Instructor\\AthenaVI_backend\\node_modules\\router\\lib\\layer.js:152:17)\n    at next (C:\\Abhishek\\Workspace\\Virtual Instructor\\AthenaVI_backend\\node_modules\\router\\lib\\route.js:157:13)\n    at Route.dispatch (C:\\Abhishek\\Workspace\\Virtual Instructor\\AthenaVI_backend\\node_modules\\router\\lib\\route.js:117:3)\n    at handle (C:\\Abhishek\\Workspace\\Virtual Instructor\\AthenaVI_backend\\node_modules\\router\\index.js:435:11)\n    at Layer.handleRequest (C:\\Abhishek\\Workspace\\Virtual Instructor\\AthenaVI_backend\\node_modules\\router\\lib\\layer.js:152:17)\n    at C:\\Abhishek\\Workspace\\Virtual Instructor\\AthenaVI_backend\\node_modules\\router\\index.js:295:15\n    at processParams (C:\\Abhishek\\Workspace\\Virtual Instructor\\AthenaVI_backend\\node_modules\\router\\index.js:582:12)\n    at next (C:\\Abhishek\\Workspace\\Virtual Instructor\\AthenaVI_backend\\node_modules\\router\\index.js:291:5)\n    at Function.handle (C:\\Abhishek\\Workspace\\Virtual Instructor\\AthenaVI_backend\\node_modules\\router\\index.js:186:3)","timestamp":"2026-03-10T09:10:53.655Z"}
{"level":"info","message":"Server running bHYon port 9000","timestamp":"2026-03-10T09:13:48.489Z"}
{"level":"info","message":"Server running bHYon port 9000","timestamp":"2026-03-10T09:14:05.660Z"}
{"level":"info","message":"Server running bHYon port 9000","timestamp":"2026-03-10T09:48:41.028Z"}
{"level":"info","message":"Server running bHYon port 9000","timestamp":"2026-03-10T09:49:51.782Z"}
{"level":"error","message":"ReferenceError: AppError is not defined\n    at C:\\Abhishek\\Workspace\\Virtual Instructor\\AthenaVI_backend\\src\\middlewares\\validate.js:12:5\n    at Layer.handleRequest (C:\\Abhishek\\Workspace\\Virtual Instructor\\AthenaVI_backend\\node_modules\\router\\lib\\layer.js:152:17)\n    at next (C:\\Abhishek\\Workspace\\Virtual Instructor\\AthenaVI_backend\\node_modules\\router\\lib\\route.js:157:13)\n    at Route.dispatch (C:\\Abhishek\\Workspace\\Virtual Instructor\\AthenaVI_backend\\node_modules\\router\\lib\\route.js:117:3)\n    at handle (C:\\Abhishek\\Workspace\\Virtual Instructor\\AthenaVI_backend\\node_modules\\router\\index.js:435:11)\n    at Layer.handleRequest (C:\\Abhishek\\Workspace\\Virtual Instructor\\AthenaVI_backend\\node_modules\\router\\lib\\layer.js:152:17)\n    at C:\\Abhishek\\Workspace\\Virtual Instructor\\AthenaVI_backend\\node_modules\\router\\index.js:295:15\n    at processParams (C:\\Abhishek\\Workspace\\Virtual Instructor\\AthenaVI_backend\\node_modules\\router\\index.js:582:12)\n    at next (C:\\Abhishek\\Workspace\\Virtual Instructor\\AthenaVI_backend\\node_modules\\router\\index.js:291:5)\n    at Function.handle (C:\\Abhishek\\Workspace\\Virtual Instructor\\AthenaVI_backend\\node_modules\\router\\index.js:186:3)","timestamp":"2026-03-10T09:52:25.785Z"}
{"level":"info","message":"Server running bHYon port 9000","timestamp":"2026-03-10T09:52:50.347Z"}
{"level":"error","message":"Error: \"body.otp\" must be a string\n    at C:\\Abhishek\\Workspace\\Virtual Instructor\\AthenaVI_backend\\src\\middlewares\\validate.js:14:11\n    at Layer.handleRequest (C:\\Abhishek\\Workspace\\Virtual Instructor\\AthenaVI_backend\\node_modules\\router\\lib\\layer.js:152:17)\n    at next (C:\\Abhishek\\Workspace\\Virtual Instructor\\AthenaVI_backend\\node_modules\\router\\lib\\route.js:157:13)\n    at Route.dispatch (C:\\Abhishek\\Workspace\\Virtual Instructor\\AthenaVI_backend\\node_modules\\router\\lib\\route.js:117:3)\n    at handle (C:\\Abhishek\\Workspace\\Virtual Instructor\\AthenaVI_backend\\node_modules\\router\\index.js:435:11)\n    at Layer.handleRequest (C:\\Abhishek\\Workspace\\Virtual Instructor\\AthenaVI_backend\\node_modules\\router\\lib\\layer.js:152:17)\n    at C:\\Abhishek\\Workspace\\Virtual Instructor\\AthenaVI_backend\\node_modules\\router\\index.js:295:15\n    at processParams (C:\\Abhishek\\Workspace\\Virtual Instructor\\AthenaVI_backend\\node_modules\\router\\index.js:582:12)\n    at next (C:\\Abhishek\\Workspace\\Virtual Instructor\\AthenaVI_backend\\node_modules\\router\\index.js:291:5)\n    at Function.handle (C:\\Abhishek\\Workspace\\Virtual Instructor\\AthenaVI_backend\\node_modules\\router\\index.js:186:3)","timestamp":"2026-03-10T09:52:53.109Z"}
{"level":"info","message":"Server running bHYon port 9000","timestamp":"2026-03-10T10:03:23.144Z"}
{"level":"info","message":"Server running bHYon port 9000","timestamp":"2026-03-10T10:03:40.298Z"}
{"level":"info","message":"Server running bHYon port 9000","timestamp":"2026-03-10T10:05:11.352Z"}
{"level":"error","message":"Error: \"body.otp\" must be a string\n    at C:\\Abhishek\\Workspace\\Virtual Instructor\\AthenaVI_backend\\src\\middlewares\\validate.js:14:11\n    at Layer.handleRequest (C:\\Abhishek\\Workspace\\Virtual Instructor\\AthenaVI_backend\\node_modules\\router\\lib\\layer.js:152:17)\n    at next (C:\\Abhishek\\Workspace\\Virtual Instructor\\AthenaVI_backend\\node_modules\\router\\lib\\route.js:157:13)\n    at Route.dispatch (C:\\Abhishek\\Workspace\\Virtual Instructor\\AthenaVI_backend\\node_modules\\router\\lib\\route.js:117:3)\n    at handle (C:\\Abhishek\\Workspace\\Virtual Instructor\\AthenaVI_backend\\node_modules\\router\\index.js:435:11)\n    at Layer.handleRequest (C:\\Abhishek\\Workspace\\Virtual Instructor\\AthenaVI_backend\\node_modules\\router\\lib\\layer.js:152:17)\n    at C:\\Abhishek\\Workspace\\Virtual Instructor\\AthenaVI_backend\\node_modules\\router\\index.js:295:15\n    at processParams (C:\\Abhishek\\Workspace\\Virtual Instructor\\AthenaVI_backend\\node_modules\\router\\index.js:582:12)\n    at next (C:\\Abhishek\\Workspace\\Virtual Instructor\\AthenaVI_backend\\node_modules\\router\\index.js:291:5)\n    at Function.handle (C:\\Abhishek\\Workspace\\Virtual Instructor\\AthenaVI_backend\\node_modules\\router\\index.js:186:3)","timestamp":"2026-03-10T10:05:36.930Z"}
{"level":"info","message":"Server running bHYon port 9000","timestamp":"2026-03-10T10:05:49.783Z"}
{"level":"error","message":"Error: \"body.otp\" must be a string\n    at C:\\Abhishek\\Workspace\\Virtual Instructor\\AthenaVI_backend\\src\\middlewares\\validate.js:14:11\n    at Layer.handleRequest (C:\\Abhishek\\Workspace\\Virtual Instructor\\AthenaVI_backend\\node_modules\\router\\lib\\layer.js:152:17)\n    at next (C:\\Abhishek\\Workspace\\Virtual Instructor\\AthenaVI_backend\\node_modules\\router\\lib\\route.js:157:13)\n    at Route.dispatch (C:\\Abhishek\\Workspace\\Virtual Instructor\\AthenaVI_backend\\node_modules\\router\\lib\\route.js:117:3)\n    at handle (C:\\Abhishek\\Workspace\\Virtual Instructor\\AthenaVI_backend\\node_modules\\router\\index.js:435:11)\n    at Layer.handleRequest (C:\\Abhishek\\Workspace\\Virtual Instructor\\AthenaVI_backend\\node_modules\\router\\lib\\layer.js:152:17)\n    at C:\\Abhishek\\Workspace\\Virtual Instructor\\AthenaVI_backend\\node_modules\\router\\index.js:295:15\n    at param (C:\\Abhishek\\Workspace\\Virtual Instructor\\AthenaVI_backend\\node_modules\\router\\index.js:600:14)\n    at param (C:\\Abhishek\\Workspace\\Virtual Instructor\\AthenaVI_backend\\node_modules\\router\\index.js:610:14)\n    at processParams (C:\\Abhishek\\Workspace\\Virtual Instructor\\AthenaVI_backend\\node_modules\\router\\index.js:664:3)","timestamp":"2026-03-10T10:05:53.931Z"}
{"level":"error","message":"Error: \"body.otp\" must be a string\n    at C:\\Abhishek\\Workspace\\Virtual Instructor\\AthenaVI_backend\\src\\middlewares\\validate.js:14:11\n    at Layer.handleRequest (C:\\Abhishek\\Workspace\\Virtual Instructor\\AthenaVI_backend\\node_modules\\router\\lib\\layer.js:152:17)\n    at next (C:\\Abhishek\\Workspace\\Virtual Instructor\\AthenaVI_backend\\node_modules\\router\\lib\\route.js:157:13)\n    at Route.dispatch (C:\\Abhishek\\Workspace\\Virtual Instructor\\AthenaVI_backend\\node_modules\\router\\lib\\route.js:117:3)\n    at handle (C:\\Abhishek\\Workspace\\Virtual Instructor\\AthenaVI_backend\\node_modules\\router\\index.js:435:11)\n    at Layer.handleRequest (C:\\Abhishek\\Workspace\\Virtual Instructor\\AthenaVI_backend\\node_modules\\router\\lib\\layer.js:152:17)\n    at C:\\Abhishek\\Workspace\\Virtual Instructor\\AthenaVI_backend\\node_modules\\router\\index.js:295:15\n    at param (C:\\Abhishek\\Workspace\\Virtual Instructor\\AthenaVI_backend\\node_modules\\router\\index.js:600:14)\n    at param (C:\\Abhishek\\Workspace\\Virtual Instructor\\AthenaVI_backend\\node_modules\\router\\index.js:610:14)\n    at processParams (C:\\Abhishek\\Workspace\\Virtual Instructor\\AthenaVI_backend\\node_modules\\router\\index.js:664:3)","timestamp":"2026-03-10T10:05:59.733Z"}
{"level":"error","message":"Error: \"body.email\" is not allowed to be empty\n    at C:\\Abhishek\\Workspace\\Virtual Instructor\\AthenaVI_backend\\src\\middlewares\\validate.js:14:11\n    at Layer.handleRequest (C:\\Abhishek\\Workspace\\Virtual Instructor\\AthenaVI_backend\\node_modules\\router\\lib\\layer.js:152:17)\n    at next (C:\\Abhishek\\Workspace\\Virtual Instructor\\AthenaVI_backend\\node_modules\\router\\lib\\route.js:157:13)\n    at Route.dispatch (C:\\Abhishek\\Workspace\\Virtual Instructor\\AthenaVI_backend\\node_modules\\router\\lib\\route.js:117:3)\n    at handle (C:\\Abhishek\\Workspace\\Virtual Instructor\\AthenaVI_backend\\node_modules\\router\\index.js:435:11)\n    at Layer.handleRequest (C:\\Abhishek\\Workspace\\Virtual Instructor\\AthenaVI_backend\\node_modules\\router\\lib\\layer.js:152:17)\n    at C:\\Abhishek\\Workspace\\Virtual Instructor\\AthenaVI_backend\\node_modules\\router\\index.js:295:15\n    at param (C:\\Abhishek\\Workspace\\Virtual Instructor\\AthenaVI_backend\\node_modules\\router\\index.js:600:14)\n    at param (C:\\Abhishek\\Workspace\\Virtual Instructor\\AthenaVI_backend\\node_modules\\router\\index.js:610:14)\n    at processParams (C:\\Abhishek\\Workspace\\Virtual Instructor\\AthenaVI_backend\\node_modules\\router\\index.js:664:3)","timestamp":"2026-03-10T10:08:54.662Z"}
{"level":"info","message":"Server running bHYon port 9000","timestamp":"2026-03-10T10:09:54.839Z"}
{"level":"error","message":"Error: \"body.email\" is not allowed to be empty\n    at C:\\Abhishek\\Workspace\\Virtual Instructor\\AthenaVI_backend\\src\\middlewares\\validate.js:17:11\n    at Layer.handleRequest (C:\\Abhishek\\Workspace\\Virtual Instructor\\AthenaVI_backend\\node_modules\\router\\lib\\layer.js:152:17)\n    at next (C:\\Abhishek\\Workspace\\Virtual Instructor\\AthenaVI_backend\\node_modules\\router\\lib\\route.js:157:13)\n    at Route.dispatch (C:\\Abhishek\\Workspace\\Virtual Instructor\\AthenaVI_backend\\node_modules\\router\\lib\\route.js:117:3)\n    at handle (C:\\Abhishek\\Workspace\\Virtual Instructor\\AthenaVI_backend\\node_modules\\router\\index.js:435:11)\n    at Layer.handleRequest (C:\\Abhishek\\Workspace\\Virtual Instructor\\AthenaVI_backend\\node_modules\\router\\lib\\layer.js:152:17)\n    at C:\\Abhishek\\Workspace\\Virtual Instructor\\AthenaVI_backend\\node_modules\\router\\index.js:295:15\n    at param (C:\\Abhishek\\Workspace\\Virtual Instructor\\AthenaVI_backend\\node_modules\\router\\index.js:600:14)\n    at param (C:\\Abhishek\\Workspace\\Virtual Instructor\\AthenaVI_backend\\node_modules\\router\\index.js:610:14)\n    at processParams (C:\\Abhishek\\Workspace\\Virtual Instructor\\AthenaVI_backend\\node_modules\\router\\index.js:664:3)","timestamp":"2026-03-10T10:09:57.782Z"}
{"level":"error","message":"Error: \"body.email\" must be a valid email\n    at C:\\Abhishek\\Workspace\\Virtual Instructor\\AthenaVI_backend\\src\\middlewares\\validate.js:17:11\n    at Layer.handleRequest (C:\\Abhishek\\Workspace\\Virtual Instructor\\AthenaVI_backend\\node_modules\\router\\lib\\layer.js:152:17)\n    at next (C:\\Abhishek\\Workspace\\Virtual Instructor\\AthenaVI_backend\\node_modules\\router\\lib\\route.js:157:13)\n    at Route.dispatch (C:\\Abhishek\\Workspace\\Virtual Instructor\\AthenaVI_backend\\node_modules\\router\\lib\\route.js:117:3)\n    at handle (C:\\Abhishek\\Workspace\\Virtual Instructor\\AthenaVI_backend\\node_modules\\router\\index.js:435:11)\n    at Layer.handleRequest (C:\\Abhishek\\Workspace\\Virtual Instructor\\AthenaVI_backend\\node_modules\\router\\lib\\layer.js:152:17)\n    at C:\\Abhishek\\Workspace\\Virtual Instructor\\AthenaVI_backend\\node_modules\\router\\index.js:295:15\n    at param (C:\\Abhishek\\Workspace\\Virtual Instructor\\AthenaVI_backend\\node_modules\\router\\index.js:600:14)\n    at param (C:\\Abhishek\\Workspace\\Virtual Instructor\\AthenaVI_backend\\node_modules\\router\\index.js:610:14)\n    at processParams (C:\\Abhishek\\Workspace\\Virtual Instructor\\AthenaVI_backend\\node_modules\\router\\index.js:664:3)","timestamp":"2026-03-10T10:10:10.178Z"}
{"level":"error","message":"Error: \"body.otp\" must be a string\n    at C:\\Abhishek\\Workspace\\Virtual Instructor\\AthenaVI_backend\\src\\middlewares\\validate.js:17:11\n    at Layer.handleRequest (C:\\Abhishek\\Workspace\\Virtual Instructor\\AthenaVI_backend\\node_modules\\router\\lib\\layer.js:152:17)\n    at next (C:\\Abhishek\\Workspace\\Virtual Instructor\\AthenaVI_backend\\node_modules\\router\\lib\\route.js:157:13)\n    at Route.dispatch (C:\\Abhishek\\Workspace\\Virtual Instructor\\AthenaVI_backend\\node_modules\\router\\lib\\route.js:117:3)\n    at handle (C:\\Abhishek\\Workspace\\Virtual Instructor\\AthenaVI_backend\\node_modules\\router\\index.js:435:11)\n    at Layer.handleRequest (C:\\Abhishek\\Workspace\\Virtual Instructor\\AthenaVI_backend\\node_modules\\router\\lib\\layer.js:152:17)\n    at C:\\Abhishek\\Workspace\\Virtual Instructor\\AthenaVI_backend\\node_modules\\router\\index.js:295:15\n    at param (C:\\Abhishek\\Workspace\\Virtual Instructor\\AthenaVI_backend\\node_modules\\router\\index.js:600:14)\n    at param (C:\\Abhishek\\Workspace\\Virtual Instructor\\AthenaVI_backend\\node_modules\\router\\index.js:610:14)\n    at processParams (C:\\Abhishek\\Workspace\\Virtual Instructor\\AthenaVI_backend\\node_modules\\router\\index.js:664:3)","timestamp":"2026-03-10T10:10:18.857Z"}
{"level":"error","message":"Error: \"body.email\" must be a valid email\n    at C:\\Abhishek\\Workspace\\Virtual Instructor\\AthenaVI_backend\\src\\middlewares\\validate.js:17:11\n    at Layer.handleRequest (C:\\Abhishek\\Workspace\\Virtual Instructor\\AthenaVI_backend\\node_modules\\router\\lib\\layer.js:152:17)\n    at next (C:\\Abhishek\\Workspace\\Virtual Instructor\\AthenaVI_backend\\node_modules\\router\\lib\\route.js:157:13)\n    at Route.dispatch (C:\\Abhishek\\Workspace\\Virtual Instructor\\AthenaVI_backend\\node_modules\\router\\lib\\route.js:117:3)\n    at handle (C:\\Abhishek\\Workspace\\Virtual Instructor\\AthenaVI_backend\\node_modules\\router\\index.js:435:11)\n    at Layer.handleRequest (C:\\Abhishek\\Workspace\\Virtual Instructor\\AthenaVI_backend\\node_modules\\router\\lib\\layer.js:152:17)\n    at C:\\Abhishek\\Workspace\\Virtual Instructor\\AthenaVI_backend\\node_modules\\router\\index.js:295:15\n    at param (C:\\Abhishek\\Workspace\\Virtual Instructor\\AthenaVI_backend\\node_modules\\router\\index.js:600:14)\n    at param (C:\\Abhishek\\Workspace\\Virtual Instructor\\AthenaVI_backend\\node_modules\\router\\index.js:610:14)\n    at processParams (C:\\Abhishek\\Workspace\\Virtual Instructor\\AthenaVI_backend\\node_modules\\router\\index.js:664:3)","timestamp":"2026-03-10T10:10:54.585Z"}
{"level":"info","message":"Server running bHYon port 9000","timestamp":"2026-03-10T10:11:39.110Z"}
{"level":"error","message":"Error: \"body.email\" must be a valid email\n    at C:\\Abhishek\\Workspace\\Virtual Instructor\\AthenaVI_backend\\src\\middlewares\\validate.js:17:11\n    at Layer.handleRequest (C:\\Abhishek\\Workspace\\Virtual Instructor\\AthenaVI_backend\\node_modules\\router\\lib\\layer.js:152:17)\n    at next (C:\\Abhishek\\Workspace\\Virtual Instructor\\AthenaVI_backend\\node_modules\\router\\lib\\route.js:157:13)\n    at Route.dispatch (C:\\Abhishek\\Workspace\\Virtual Instructor\\AthenaVI_backend\\node_modules\\router\\lib\\route.js:117:3)\n    at handle (C:\\Abhishek\\Workspace\\Virtual Instructor\\AthenaVI_backend\\node_modules\\router\\index.js:435:11)\n    at Layer.handleRequest (C:\\Abhishek\\Workspace\\Virtual Instructor\\AthenaVI_backend\\node_modules\\router\\lib\\layer.js:152:17)\n    at C:\\Abhishek\\Workspace\\Virtual Instructor\\AthenaVI_backend\\node_modules\\router\\index.js:295:15\n    at param (C:\\Abhishek\\Workspace\\Virtual Instructor\\AthenaVI_backend\\node_modules\\router\\index.js:600:14)\n    at param (C:\\Abhishek\\Workspace\\Virtual Instructor\\AthenaVI_backend\\node_modules\\router\\index.js:610:14)\n    at processParams (C:\\Abhishek\\Workspace\\Virtual Instructor\\AthenaVI_backend\\node_modules\\router\\index.js:664:3)","timestamp":"2026-03-10T10:11:39.929Z"}
{"level":"info","message":"Server running bHYon port 9000","timestamp":"2026-03-10T10:11:48.877Z"}
{"level":"info","message":"Server running bHYon port 9000","timestamp":"2026-03-10T10:12:59.416Z"}
{"level":"error","message":"Error: \"body.email\" must be a valid email\n    at C:\\Abhishek\\Workspace\\Virtual Instructor\\AthenaVI_backend\\src\\middlewares\\validate.js:17:11\n    at Layer.handleRequest (C:\\Abhishek\\Workspace\\Virtual Instructor\\AthenaVI_backend\\node_modules\\router\\lib\\layer.js:152:17)\n    at next (C:\\Abhishek\\Workspace\\Virtual Instructor\\AthenaVI_backend\\node_modules\\router\\lib\\route.js:157:13)\n    at Route.dispatch (C:\\Abhishek\\Workspace\\Virtual Instructor\\AthenaVI_backend\\node_modules\\router\\lib\\route.js:117:3)\n    at handle (C:\\Abhishek\\Workspace\\Virtual Instructor\\AthenaVI_backend\\node_modules\\router\\index.js:435:11)\n    at Layer.handleRequest (C:\\Abhishek\\Workspace\\Virtual Instructor\\AthenaVI_backend\\node_modules\\router\\lib\\layer.js:152:17)\n    at C:\\Abhishek\\Workspace\\Virtual Instructor\\AthenaVI_backend\\node_modules\\router\\index.js:295:15\n    at param (C:\\Abhishek\\Workspace\\Virtual Instructor\\AthenaVI_backend\\node_modules\\router\\index.js:600:14)\n    at param (C:\\Abhishek\\Workspace\\Virtual Instructor\\AthenaVI_backend\\node_modules\\router\\index.js:610:14)\n    at processParams (C:\\Abhishek\\Workspace\\Virtual Instructor\\AthenaVI_backend\\node_modules\\router\\index.js:664:3)","timestamp":"2026-03-10T10:13:03.136Z"}
{"level":"info","message":"Server running bHYon port 9000","timestamp":"2026-03-10T10:13:30.769Z"}
{"level":"error","message":"Error: \"body.email\" must be a valid email\n    at C:\\Abhishek\\Workspace\\Virtual Instructor\\AthenaVI_backend\\src\\middlewares\\validate.js:17:11\n    at Layer.handleRequest (C:\\Abhishek\\Workspace\\Virtual Instructor\\AthenaVI_backend\\node_modules\\router\\lib\\layer.js:152:17)\n    at next (C:\\Abhishek\\Workspace\\Virtual Instructor\\AthenaVI_backend\\node_modules\\router\\lib\\route.js:157:13)\n    at Route.dispatch (C:\\Abhishek\\Workspace\\Virtual Instructor\\AthenaVI_backend\\node_modules\\router\\lib\\route.js:117:3)\n    at handle (C:\\Abhishek\\Workspace\\Virtual Instructor\\AthenaVI_backend\\node_modules\\router\\index.js:435:11)\n    at Layer.handleRequest (C:\\Abhishek\\Workspace\\Virtual Instructor\\AthenaVI_backend\\node_modules\\router\\lib\\layer.js:152:17)\n    at C:\\Abhishek\\Workspace\\Virtual Instructor\\AthenaVI_backend\\node_modules\\router\\index.js:295:15\n    at processParams (C:\\Abhishek\\Workspace\\Virtual Instructor\\AthenaVI_backend\\node_modules\\router\\index.js:582:12)\n    at next (C:\\Abhishek\\Workspace\\Virtual Instructor\\AthenaVI_backend\\node_modules\\router\\index.js:291:5)\n    at Function.handle (C:\\Abhishek\\Workspace\\Virtual Instructor\\AthenaVI_backend\\node_modules\\router\\index.js:186:3)","timestamp":"2026-03-10T10:13:31.247Z"}
{"level":"info","message":"Server running bHYon port 9000","timestamp":"2026-03-10T10:15:37.014Z"}
{"level":"error","message":"Error: \"body.email\" must be a valid email\n    at C:\\Abhishek\\Workspace\\Virtual Instructor\\AthenaVI_backend\\src\\middlewares\\validate.js:18:11\n    at Layer.handleRequest (C:\\Abhishek\\Workspace\\Virtual Instructor\\AthenaVI_backend\\node_modules\\router\\lib\\layer.js:152:17)\n    at next (C:\\Abhishek\\Workspace\\Virtual Instructor\\AthenaVI_backend\\node_modules\\router\\lib\\route.js:157:13)\n    at Route.dispatch (C:\\Abhishek\\Workspace\\Virtual Instructor\\AthenaVI_backend\\node_modules\\router\\lib\\route.js:117:3)\n    at handle (C:\\Abhishek\\Workspace\\Virtual Instructor\\AthenaVI_backend\\node_modules\\router\\index.js:435:11)\n    at Layer.handleRequest (C:\\Abhishek\\Workspace\\Virtual Instructor\\AthenaVI_backend\\node_modules\\router\\lib\\layer.js:152:17)\n    at C:\\Abhishek\\Workspace\\Virtual Instructor\\AthenaVI_backend\\node_modules\\router\\index.js:295:15\n    at processParams (C:\\Abhishek\\Workspace\\Virtual Instructor\\AthenaVI_backend\\node_modules\\router\\index.js:582:12)\n    at next (C:\\Abhishek\\Workspace\\Virtual Instructor\\AthenaVI_backend\\node_modules\\router\\index.js:291:5)\n    at Function.handle (C:\\Abhishek\\Workspace\\Virtual Instructor\\AthenaVI_backend\\node_modules\\router\\index.js:186:3)","timestamp":"2026-03-10T10:15:42.704Z"}
{"level":"error","message":"Error: \"body.otp\" must be a string\n    at C:\\Abhishek\\Workspace\\Virtual Instructor\\AthenaVI_backend\\src\\middlewares\\validate.js:18:11\n    at Layer.handleRequest (C:\\Abhishek\\Workspace\\Virtual Instructor\\AthenaVI_backend\\node_modules\\router\\lib\\layer.js:152:17)\n    at next (C:\\Abhishek\\Workspace\\Virtual Instructor\\AthenaVI_backend\\node_modules\\router\\lib\\route.js:157:13)\n    at Route.dispatch (C:\\Abhishek\\Workspace\\Virtual Instructor\\AthenaVI_backend\\node_modules\\router\\lib\\route.js:117:3)\n    at handle (C:\\Abhishek\\Workspace\\Virtual Instructor\\AthenaVI_backend\\node_modules\\router\\index.js:435:11)\n    at Layer.handleRequest (C:\\Abhishek\\Workspace\\Virtual Instructor\\AthenaVI_backend\\node_modules\\router\\lib\\layer.js:152:17)\n    at C:\\Abhishek\\Workspace\\Virtual Instructor\\AthenaVI_backend\\node_modules\\router\\index.js:295:15\n    at processParams (C:\\Abhishek\\Workspace\\Virtual Instructor\\AthenaVI_backend\\node_modules\\router\\index.js:582:12)\n    at next (C:\\Abhishek\\Workspace\\Virtual Instructor\\AthenaVI_backend\\node_modules\\router\\index.js:291:5)\n    at Function.handle (C:\\Abhishek\\Workspace\\Virtual Instructor\\AthenaVI_backend\\node_modules\\router\\index.js:186:3)","timestamp":"2026-03-10T10:15:51.114Z"}
{"level":"error","message":"Error: \"body.otp\" must be a string\n    at C:\\Abhishek\\Workspace\\Virtual Instructor\\AthenaVI_backend\\src\\middlewares\\validate.js:18:11\n    at Layer.handleRequest (C:\\Abhishek\\Workspace\\Virtual Instructor\\AthenaVI_backend\\node_modules\\router\\lib\\layer.js:152:17)\n    at next (C:\\Abhishek\\Workspace\\Virtual Instructor\\AthenaVI_backend\\node_modules\\router\\lib\\route.js:157:13)\n    at Route.dispatch (C:\\Abhishek\\Workspace\\Virtual Instructor\\AthenaVI_backend\\node_modules\\router\\lib\\route.js:117:3)\n    at handle (C:\\Abhishek\\Workspace\\Virtual Instructor\\AthenaVI_backend\\node_modules\\router\\index.js:435:11)\n    at Layer.handleRequest (C:\\Abhishek\\Workspace\\Virtual Instructor\\AthenaVI_backend\\node_modules\\router\\lib\\layer.js:152:17)\n    at C:\\Abhishek\\Workspace\\Virtual Instructor\\AthenaVI_backend\\node_modules\\router\\index.js:295:15\n    at processParams (C:\\Abhishek\\Workspace\\Virtual Instructor\\AthenaVI_backend\\node_modules\\router\\index.js:582:12)\n    at next (C:\\Abhishek\\Workspace\\Virtual Instructor\\AthenaVI_backend\\node_modules\\router\\index.js:291:5)\n    at Function.handle (C:\\Abhishek\\Workspace\\Virtual Instructor\\AthenaVI_backend\\node_modules\\router\\index.js:186:3)","timestamp":"2026-03-10T10:15:58.710Z"}
{"level":"info","message":"Server running bHYon port 9000","timestamp":"2026-03-10T10:16:26.146Z"}
{"level":"error","message":"Error: \"body.name\" length must be at least 2 characters long\n    at C:\\Abhishek\\Workspace\\Virtual Instructor\\AthenaVI_backend\\src\\middlewares\\validate.js:18:11\n    at Layer.handleRequest (C:\\Abhishek\\Workspace\\Virtual Instructor\\AthenaVI_backend\\node_modules\\router\\lib\\layer.js:152:17)\n    at next (C:\\Abhishek\\Workspace\\Virtual Instructor\\AthenaVI_backend\\node_modules\\router\\lib\\route.js:157:13)\n    at Route.dispatch (C:\\Abhishek\\Workspace\\Virtual Instructor\\AthenaVI_backend\\node_modules\\router\\lib\\route.js:117:3)\n    at handle (C:\\Abhishek\\Workspace\\Virtual Instructor\\AthenaVI_backend\\node_modules\\router\\index.js:435:11)\n    at Layer.handleRequest (C:\\Abhishek\\Workspace\\Virtual Instructor\\AthenaVI_backend\\node_modules\\router\\lib\\layer.js:152:17)\n    at C:\\Abhishek\\Workspace\\Virtual Instructor\\AthenaVI_backend\\node_modules\\router\\index.js:295:15\n    at processParams (C:\\Abhishek\\Workspace\\Virtual Instructor\\AthenaVI_backend\\node_modules\\router\\index.js:582:12)\n    at next (C:\\Abhishek\\Workspace\\Virtual Instructor\\AthenaVI_backend\\node_modules\\router\\index.js:291:5)\n    at Function.handle (C:\\Abhishek\\Workspace\\Virtual Instructor\\AthenaVI_backend\\node_modules\\router\\index.js:186:3)","timestamp":"2026-03-10T10:16:29.042Z"}
{"level":"info","message":"Server running bHYon port 9000","timestamp":"2026-03-10T10:19:27.501Z"}
{"level":"error","message":"Error: \"body.name\" length must be at least 2 characters long, \"body.otp\" must be a string\n    at C:\\Abhishek\\Workspace\\Virtual Instructor\\AthenaVI_backend\\src\\middlewares\\validate.js:19:11\n    at Layer.handleRequest (C:\\Abhishek\\Workspace\\Virtual Instructor\\AthenaVI_backend\\node_modules\\router\\lib\\layer.js:152:17)\n    at next (C:\\Abhishek\\Workspace\\Virtual Instructor\\AthenaVI_backend\\node_modules\\router\\lib\\route.js:157:13)\n    at Route.dispatch (C:\\Abhishek\\Workspace\\Virtual Instructor\\AthenaVI_backend\\node_modules\\router\\lib\\route.js:117:3)\n    at handle (C:\\Abhishek\\Workspace\\Virtual Instructor\\AthenaVI_backend\\node_modules\\router\\index.js:435:11)\n    at Layer.handleRequest (C:\\Abhishek\\Workspace\\Virtual Instructor\\AthenaVI_backend\\node_modules\\router\\lib\\layer.js:152:17)\n    at C:\\Abhishek\\Workspace\\Virtual Instructor\\AthenaVI_backend\\node_modules\\router\\index.js:295:15\n    at processParams (C:\\Abhishek\\Workspace\\Virtual Instructor\\AthenaVI_backend\\node_modules\\router\\index.js:582:12)\n    at next (C:\\Abhishek\\Workspace\\Virtual Instructor\\AthenaVI_backend\\node_modules\\router\\index.js:291:5)\n    at Function.handle (C:\\Abhishek\\Workspace\\Virtual Instructor\\AthenaVI_backend\\node_modules\\router\\index.js:186:3)","timestamp":"2026-03-10T10:19:29.126Z"}
{"level":"info","message":"Server running bHYon port 9000","timestamp":"2026-03-10T10:20:35.781Z"}
{"level":"info","message":"Server running bHYon port 9000","timestamp":"2026-03-10T10:22:23.713Z"}
{"level":"error","message":"Error: \"name\" length must be at least 2 characters long,\"otp\" must be a string\n    at C:\\Abhishek\\Workspace\\Virtual Instructor\\AthenaVI_backend\\src\\middlewares\\validate.js:22:11\n    at Layer.handleRequest (C:\\Abhishek\\Workspace\\Virtual Instructor\\AthenaVI_backend\\node_modules\\router\\lib\\layer.js:152:17)\n    at next (C:\\Abhishek\\Workspace\\Virtual Instructor\\AthenaVI_backend\\node_modules\\router\\lib\\route.js:157:13)\n    at Route.dispatch (C:\\Abhishek\\Workspace\\Virtual Instructor\\AthenaVI_backend\\node_modules\\router\\lib\\route.js:117:3)\n    at handle (C:\\Abhishek\\Workspace\\Virtual Instructor\\AthenaVI_backend\\node_modules\\router\\index.js:435:11)\n    at Layer.handleRequest (C:\\Abhishek\\Workspace\\Virtual Instructor\\AthenaVI_backend\\node_modules\\router\\lib\\layer.js:152:17)\n    at C:\\Abhishek\\Workspace\\Virtual Instructor\\AthenaVI_backend\\node_modules\\router\\index.js:295:15\n    at processParams (C:\\Abhishek\\Workspace\\Virtual Instructor\\AthenaVI_backend\\node_modules\\router\\index.js:582:12)\n    at next (C:\\Abhishek\\Workspace\\Virtual Instructor\\AthenaVI_backend\\node_modules\\router\\index.js:291:5)\n    at Function.handle (C:\\Abhishek\\Workspace\\Virtual Instructor\\AthenaVI_backend\\node_modules\\router\\index.js:186:3)","timestamp":"2026-03-10T10:22:26.142Z"}
{"level":"info","message":"Server running bHYon port 9000","timestamp":"2026-03-10T10:26:47.070Z"}
{"level":"info","message":"Server running bHYon port 9000","timestamp":"2026-03-10T10:27:34.552Z"}
{"level":"info","message":"Server running bHYon port 9000","timestamp":"2026-03-10T10:27:44.755Z"}
{"level":"info","message":"Server running bHYon port 9000","timestamp":"2026-03-10T10:27:49.547Z"}
{"level":"info","message":"Server running bHYon port 9000","timestamp":"2026-03-10T10:27:53.391Z"}
{"level":"info","message":"Server running bHYon port 9000","timestamp":"2026-03-10T10:27:57.736Z"}
{"level":"info","message":"Server running bHYon port 9000","timestamp":"2026-03-10T10:30:01.226Z"}
{"level":"info","message":"Server running bHYon port 9000","timestamp":"2026-03-10T10:30:18.383Z"}
{"level":"error","message":"Error: Validation error\n    at C:\\Abhishek\\Workspace\\Virtual Instructor\\AthenaVI_backend\\src\\middlewares\\validate.js:22:11\n    at Layer.handleRequest (C:\\Abhishek\\Workspace\\Virtual Instructor\\AthenaVI_backend\\node_modules\\router\\lib\\layer.js:152:17)\n    at next (C:\\Abhishek\\Workspace\\Virtual Instructor\\AthenaVI_backend\\node_modules\\router\\lib\\route.js:157:13)\n    at Route.dispatch (C:\\Abhishek\\Workspace\\Virtual Instructor\\AthenaVI_backend\\node_modules\\router\\lib\\route.js:117:3)\n    at handle (C:\\Abhishek\\Workspace\\Virtual Instructor\\AthenaVI_backend\\node_modules\\router\\index.js:435:11)\n    at Layer.handleRequest (C:\\Abhishek\\Workspace\\Virtual Instructor\\AthenaVI_backend\\node_modules\\router\\lib\\layer.js:152:17)\n    at C:\\Abhishek\\Workspace\\Virtual Instructor\\AthenaVI_backend\\node_modules\\router\\index.js:295:15\n    at processParams (C:\\Abhishek\\Workspace\\Virtual Instructor\\AthenaVI_backend\\node_modules\\router\\index.js:582:12)\n    at next (C:\\Abhishek\\Workspace\\Virtual Instructor\\AthenaVI_backend\\node_modules\\router\\index.js:291:5)\n    at Function.handle (C:\\Abhishek\\Workspace\\Virtual Instructor\\AthenaVI_backend\\node_modules\\router\\index.js:186:3)","timestamp":"2026-03-10T10:30:23.967Z"}
{"level":"info","message":"Server running bHYon port 9000","timestamp":"2026-03-10T10:31:41.182Z"}
{"level":"error","message":"Error: Validation error\n    at C:\\Abhishek\\Workspace\\Virtual Instructor\\AthenaVI_backend\\src\\middlewares\\validate.js:22:11\n    at Layer.handleRequest (C:\\Abhishek\\Workspace\\Virtual Instructor\\AthenaVI_backend\\node_modules\\router\\lib\\layer.js:152:17)\n    at next (C:\\Abhishek\\Workspace\\Virtual Instructor\\AthenaVI_backend\\node_modules\\router\\lib\\route.js:157:13)\n    at Route.dispatch (C:\\Abhishek\\Workspace\\Virtual Instructor\\AthenaVI_backend\\node_modules\\router\\lib\\route.js:117:3)\n    at handle (C:\\Abhishek\\Workspace\\Virtual Instructor\\AthenaVI_backend\\node_modules\\router\\index.js:435:11)\n    at Layer.handleRequest (C:\\Abhishek\\Workspace\\Virtual Instructor\\AthenaVI_backend\\node_modules\\router\\lib\\layer.js:152:17)\n    at C:\\Abhishek\\Workspace\\Virtual Instructor\\AthenaVI_backend\\node_modules\\router\\index.js:295:15\n    at processParams (C:\\Abhishek\\Workspace\\Virtual Instructor\\AthenaVI_backend\\node_modules\\router\\index.js:582:12)\n    at next (C:\\Abhishek\\Workspace\\Virtual Instructor\\AthenaVI_backend\\node_modules\\router\\index.js:291:5)\n    at Function.handle (C:\\Abhishek\\Workspace\\Virtual Instructor\\AthenaVI_backend\\node_modules\\router\\index.js:186:3)","timestamp":"2026-03-10T10:31:42.071Z"}
{"level":"info","message":"Server running bHYon port 9000","timestamp":"2026-03-10T10:31:56.927Z"}
{"level":"info","message":"Server running bHYon port 9000","timestamp":"2026-03-10T10:32:03.683Z"}
{"level":"error","message":"Error: Validation error\n    at C:\\Abhishek\\Workspace\\Virtual Instructor\\AthenaVI_backend\\src\\middlewares\\validate.js:22:11\n    at Layer.handleRequest (C:\\Abhishek\\Workspace\\Virtual Instructor\\AthenaVI_backend\\node_modules\\router\\lib\\layer.js:152:17)\n    at next (C:\\Abhishek\\Workspace\\Virtual Instructor\\AthenaVI_backend\\node_modules\\router\\lib\\route.js:157:13)\n    at Route.dispatch (C:\\Abhishek\\Workspace\\Virtual Instructor\\AthenaVI_backend\\node_modules\\router\\lib\\route.js:117:3)\n    at handle (C:\\Abhishek\\Workspace\\Virtual Instructor\\AthenaVI_backend\\node_modules\\router\\index.js:435:11)\n    at Layer.handleRequest (C:\\Abhishek\\Workspace\\Virtual Instructor\\AthenaVI_backend\\node_modules\\router\\lib\\layer.js:152:17)\n    at C:\\Abhishek\\Workspace\\Virtual Instructor\\AthenaVI_backend\\node_modules\\router\\index.js:295:15\n    at processParams (C:\\Abhishek\\Workspace\\Virtual Instructor\\AthenaVI_backend\\node_modules\\router\\index.js:582:12)\n    at next (C:\\Abhishek\\Workspace\\Virtual Instructor\\AthenaVI_backend\\node_modules\\router\\index.js:291:5)\n    at Function.handle (C:\\Abhishek\\Workspace\\Virtual Instructor\\AthenaVI_backend\\node_modules\\router\\index.js:186:3)","timestamp":"2026-03-10T10:32:08.698Z"}
{"level":"error","message":"Error: Validation error\n    at C:\\Abhishek\\Workspace\\Virtual Instructor\\AthenaVI_backend\\src\\middlewares\\validate.js:22:11\n    at Layer.handleRequest (C:\\Abhishek\\Workspace\\Virtual Instructor\\AthenaVI_backend\\node_modules\\router\\lib\\layer.js:152:17)\n    at next (C:\\Abhishek\\Workspace\\Virtual Instructor\\AthenaVI_backend\\node_modules\\router\\lib\\route.js:157:13)\n    at Route.dispatch (C:\\Abhishek\\Workspace\\Virtual Instructor\\AthenaVI_backend\\node_modules\\router\\lib\\route.js:117:3)\n    at handle (C:\\Abhishek\\Workspace\\Virtual Instructor\\AthenaVI_backend\\node_modules\\router\\index.js:435:11)\n    at Layer.handleRequest (C:\\Abhishek\\Workspace\\Virtual Instructor\\AthenaVI_backend\\node_modules\\router\\lib\\layer.js:152:17)\n    at C:\\Abhishek\\Workspace\\Virtual Instructor\\AthenaVI_backend\\node_modules\\router\\index.js:295:15\n    at processParams (C:\\Abhishek\\Workspace\\Virtual Instructor\\AthenaVI_backend\\node_modules\\router\\index.js:582:12)\n    at next (C:\\Abhishek\\Workspace\\Virtual Instructor\\AthenaVI_backend\\node_modules\\router\\index.js:291:5)\n    at Function.handle (C:\\Abhishek\\Workspace\\Virtual Instructor\\AthenaVI_backend\\node_modules\\router\\index.js:186:3)","timestamp":"2026-03-10T10:32:49.751Z"}
{"level":"error","message":"Error: Validation error\n    at C:\\Abhishek\\Workspace\\Virtual Instructor\\AthenaVI_backend\\src\\middlewares\\validate.js:22:11\n    at Layer.handleRequest (C:\\Abhishek\\Workspace\\Virtual Instructor\\AthenaVI_backend\\node_modules\\router\\lib\\layer.js:152:17)\n    at next (C:\\Abhishek\\Workspace\\Virtual Instructor\\AthenaVI_backend\\node_modules\\router\\lib\\route.js:157:13)\n    at Route.dispatch (C:\\Abhishek\\Workspace\\Virtual Instructor\\AthenaVI_backend\\node_modules\\router\\lib\\route.js:117:3)\n    at handle (C:\\Abhishek\\Workspace\\Virtual Instructor\\AthenaVI_backend\\node_modules\\router\\index.js:435:11)\n    at Layer.handleRequest (C:\\Abhishek\\Workspace\\Virtual Instructor\\AthenaVI_backend\\node_modules\\router\\lib\\layer.js:152:17)\n    at C:\\Abhishek\\Workspace\\Virtual Instructor\\AthenaVI_backend\\node_modules\\router\\index.js:295:15\n    at processParams (C:\\Abhishek\\Workspace\\Virtual Instructor\\AthenaVI_backend\\node_modules\\router\\index.js:582:12)\n    at next (C:\\Abhishek\\Workspace\\Virtual Instructor\\AthenaVI_backend\\node_modules\\router\\index.js:291:5)\n    at Function.handle (C:\\Abhishek\\Workspace\\Virtual Instructor\\AthenaVI_backend\\node_modules\\router\\index.js:186:3)","timestamp":"2026-03-10T10:32:57.110Z"}
{"level":"error","message":"Error: Validation error\n    at C:\\Abhishek\\Workspace\\Virtual Instructor\\AthenaVI_backend\\src\\middlewares\\validate.js:22:11\n    at Layer.handleRequest (C:\\Abhishek\\Workspace\\Virtual Instructor\\AthenaVI_backend\\node_modules\\router\\lib\\layer.js:152:17)\n    at next (C:\\Abhishek\\Workspace\\Virtual Instructor\\AthenaVI_backend\\node_modules\\router\\lib\\route.js:157:13)\n    at Route.dispatch (C:\\Abhishek\\Workspace\\Virtual Instructor\\AthenaVI_backend\\node_modules\\router\\lib\\route.js:117:3)\n    at handle (C:\\Abhishek\\Workspace\\Virtual Instructor\\AthenaVI_backend\\node_modules\\router\\index.js:435:11)\n    at Layer.handleRequest (C:\\Abhishek\\Workspace\\Virtual Instructor\\AthenaVI_backend\\node_modules\\router\\lib\\layer.js:152:17)\n    at C:\\Abhishek\\Workspace\\Virtual Instructor\\AthenaVI_backend\\node_modules\\router\\index.js:295:15\n    at processParams (C:\\Abhishek\\Workspace\\Virtual Instructor\\AthenaVI_backend\\node_modules\\router\\index.js:582:12)\n    at next (C:\\Abhishek\\Workspace\\Virtual Instructor\\AthenaVI_backend\\node_modules\\router\\index.js:291:5)\n    at Function.handle (C:\\Abhishek\\Workspace\\Virtual Instructor\\AthenaVI_backend\\node_modules\\router\\index.js:186:3)","timestamp":"2026-03-10T10:33:01.833Z"}
{"level":"error","message":"Error: Validation error\n    at C:\\Abhishek\\Workspace\\Virtual Instructor\\AthenaVI_backend\\src\\middlewares\\validate.js:22:11\n    at Layer.handleRequest (C:\\Abhishek\\Workspace\\Virtual Instructor\\AthenaVI_backend\\node_modules\\router\\lib\\layer.js:152:17)\n    at next (C:\\Abhishek\\Workspace\\Virtual Instructor\\AthenaVI_backend\\node_modules\\router\\lib\\route.js:157:13)\n    at Route.dispatch (C:\\Abhishek\\Workspace\\Virtual Instructor\\AthenaVI_backend\\node_modules\\router\\lib\\route.js:117:3)\n    at handle (C:\\Abhishek\\Workspace\\Virtual Instructor\\AthenaVI_backend\\node_modules\\router\\index.js:435:11)\n    at Layer.handleRequest (C:\\Abhishek\\Workspace\\Virtual Instructor\\AthenaVI_backend\\node_modules\\router\\lib\\layer.js:152:17)\n    at C:\\Abhishek\\Workspace\\Virtual Instructor\\AthenaVI_backend\\node_modules\\router\\index.js:295:15\n    at processParams (C:\\Abhishek\\Workspace\\Virtual Instructor\\AthenaVI_backend\\node_modules\\router\\index.js:582:12)\n    at next (C:\\Abhishek\\Workspace\\Virtual Instructor\\AthenaVI_backend\\node_modules\\router\\index.js:291:5)\n    at Function.handle (C:\\Abhishek\\Workspace\\Virtual Instructor\\AthenaVI_backend\\node_modules\\router\\index.js:186:3)","timestamp":"2026-03-10T10:33:09.051Z"}
{"level":"error","message":"Error: Validation error\n    at C:\\Abhishek\\Workspace\\Virtual Instructor\\AthenaVI_backend\\src\\middlewares\\validate.js:22:11\n    at Layer.handleRequest (C:\\Abhishek\\Workspace\\Virtual Instructor\\AthenaVI_backend\\node_modules\\router\\lib\\layer.js:152:17)\n    at next (C:\\Abhishek\\Workspace\\Virtual Instructor\\AthenaVI_backend\\node_modules\\router\\lib\\route.js:157:13)\n    at Route.dispatch (C:\\Abhishek\\Workspace\\Virtual Instructor\\AthenaVI_backend\\node_modules\\router\\lib\\route.js:117:3)\n    at handle (C:\\Abhishek\\Workspace\\Virtual Instructor\\AthenaVI_backend\\node_modules\\router\\index.js:435:11)\n    at Layer.handleRequest (C:\\Abhishek\\Workspace\\Virtual Instructor\\AthenaVI_backend\\node_modules\\router\\lib\\layer.js:152:17)\n    at C:\\Abhishek\\Workspace\\Virtual Instructor\\AthenaVI_backend\\node_modules\\router\\index.js:295:15\n    at processParams (C:\\Abhishek\\Workspace\\Virtual Instructor\\AthenaVI_backend\\node_modules\\router\\index.js:582:12)\n    at next (C:\\Abhishek\\Workspace\\Virtual Instructor\\AthenaVI_backend\\node_modules\\router\\index.js:291:5)\n    at Function.handle (C:\\Abhishek\\Workspace\\Virtual Instructor\\AthenaVI_backend\\node_modules\\router\\index.js:186:3)","timestamp":"2026-03-10T10:33:16.614Z"}
{"level":"info","message":"Server running bHYon port 9000","timestamp":"2026-03-10T10:35:04.283Z"}
{"level":"error","message":"Error: [object Object]\n    at C:\\Abhishek\\Workspace\\Virtual Instructor\\AthenaVI_backend\\src\\middlewares\\validate.js:33:11\n    at Layer.handleRequest (C:\\Abhishek\\Workspace\\Virtual Instructor\\AthenaVI_backend\\node_modules\\router\\lib\\layer.js:152:17)\n    at next (C:\\Abhishek\\Workspace\\Virtual Instructor\\AthenaVI_backend\\node_modules\\router\\lib\\route.js:157:13)\n    at Route.dispatch (C:\\Abhishek\\Workspace\\Virtual Instructor\\AthenaVI_backend\\node_modules\\router\\lib\\route.js:117:3)\n    at handle (C:\\Abhishek\\Workspace\\Virtual Instructor\\AthenaVI_backend\\node_modules\\router\\index.js:435:11)\n    at Layer.handleRequest (C:\\Abhishek\\Workspace\\Virtual Instructor\\AthenaVI_backend\\node_modules\\router\\lib\\layer.js:152:17)\n    at C:\\Abhishek\\Workspace\\Virtual Instructor\\AthenaVI_backend\\node_modules\\router\\index.js:295:15\n    at processParams (C:\\Abhishek\\Workspace\\Virtual Instructor\\AthenaVI_backend\\node_modules\\router\\index.js:582:12)\n    at next (C:\\Abhishek\\Workspace\\Virtual Instructor\\AthenaVI_backend\\node_modules\\router\\index.js:291:5)\n    at Function.handle (C:\\Abhishek\\Workspace\\Virtual Instructor\\AthenaVI_backend\\node_modules\\router\\index.js:186:3)","timestamp":"2026-03-10T10:35:05.962Z"}
{"level":"error","message":"Error: [object Object]\n    at C:\\Abhishek\\Workspace\\Virtual Instructor\\AthenaVI_backend\\src\\middlewares\\validate.js:33:11\n    at Layer.handleRequest (C:\\Abhishek\\Workspace\\Virtual Instructor\\AthenaVI_backend\\node_modules\\router\\lib\\layer.js:152:17)\n    at next (C:\\Abhishek\\Workspace\\Virtual Instructor\\AthenaVI_backend\\node_modules\\router\\lib\\route.js:157:13)\n    at Route.dispatch (C:\\Abhishek\\Workspace\\Virtual Instructor\\AthenaVI_backend\\node_modules\\router\\lib\\route.js:117:3)\n    at handle (C:\\Abhishek\\Workspace\\Virtual Instructor\\AthenaVI_backend\\node_modules\\router\\index.js:435:11)\n    at Layer.handleRequest (C:\\Abhishek\\Workspace\\Virtual Instructor\\AthenaVI_backend\\node_modules\\router\\lib\\layer.js:152:17)\n    at C:\\Abhishek\\Workspace\\Virtual Instructor\\AthenaVI_backend\\node_modules\\router\\index.js:295:15\n    at processParams (C:\\Abhishek\\Workspace\\Virtual Instructor\\AthenaVI_backend\\node_modules\\router\\index.js:582:12)\n    at next (C:\\Abhishek\\Workspace\\Virtual Instructor\\AthenaVI_backend\\node_modules\\router\\index.js:291:5)\n    at Function.handle (C:\\Abhishek\\Workspace\\Virtual Instructor\\AthenaVI_backend\\node_modules\\router\\index.js:186:3)","timestamp":"2026-03-10T10:35:23.161Z"}
{"level":"error","message":"Error: [object Object]\n    at C:\\Abhishek\\Workspace\\Virtual Instructor\\AthenaVI_backend\\src\\middlewares\\validate.js:33:11\n    at Layer.handleRequest (C:\\Abhishek\\Workspace\\Virtual Instructor\\AthenaVI_backend\\node_modules\\router\\lib\\layer.js:152:17)\n    at next (C:\\Abhishek\\Workspace\\Virtual Instructor\\AthenaVI_backend\\node_modules\\router\\lib\\route.js:157:13)\n    at Route.dispatch (C:\\Abhishek\\Workspace\\Virtual Instructor\\AthenaVI_backend\\node_modules\\router\\lib\\route.js:117:3)\n    at handle (C:\\Abhishek\\Workspace\\Virtual Instructor\\AthenaVI_backend\\node_modules\\router\\index.js:435:11)\n    at Layer.handleRequest (C:\\Abhishek\\Workspace\\Virtual Instructor\\AthenaVI_backend\\node_modules\\router\\lib\\layer.js:152:17)\n    at C:\\Abhishek\\Workspace\\Virtual Instructor\\AthenaVI_backend\\node_modules\\router\\index.js:295:15\n    at processParams (C:\\Abhishek\\Workspace\\Virtual Instructor\\AthenaVI_backend\\node_modules\\router\\index.js:582:12)\n    at next (C:\\Abhishek\\Workspace\\Virtual Instructor\\AthenaVI_backend\\node_modules\\router\\index.js:291:5)\n    at Function.handle (C:\\Abhishek\\Workspace\\Virtual Instructor\\AthenaVI_backend\\node_modules\\router\\index.js:186:3)","timestamp":"2026-03-10T10:35:26.030Z"}
{"level":"info","message":"Server running bHYon port 9000","timestamp":"2026-03-10T10:35:36.548Z"}
{"level":"error","message":"Error: Validation error\n    at C:\\Abhishek\\Workspace\\Virtual Instructor\\AthenaVI_backend\\src\\middlewares\\validate.js:22:11\n    at Layer.handleRequest (C:\\Abhishek\\Workspace\\Virtual Instructor\\AthenaVI_backend\\node_modules\\router\\lib\\layer.js:152:17)\n    at next (C:\\Abhishek\\Workspace\\Virtual Instructor\\AthenaVI_backend\\node_modules\\router\\lib\\route.js:157:13)\n    at Route.dispatch (C:\\Abhishek\\Workspace\\Virtual Instructor\\AthenaVI_backend\\node_modules\\router\\lib\\route.js:117:3)\n    at handle (C:\\Abhishek\\Workspace\\Virtual Instructor\\AthenaVI_backend\\node_modules\\router\\index.js:435:11)\n    at Layer.handleRequest (C:\\Abhishek\\Workspace\\Virtual Instructor\\AthenaVI_backend\\node_modules\\router\\lib\\layer.js:152:17)\n    at C:\\Abhishek\\Workspace\\Virtual Instructor\\AthenaVI_backend\\node_modules\\router\\index.js:295:15\n    at processParams (C:\\Abhishek\\Workspace\\Virtual Instructor\\AthenaVI_backend\\node_modules\\router\\index.js:582:12)\n    at next (C:\\Abhishek\\Workspace\\Virtual Instructor\\AthenaVI_backend\\node_modules\\router\\index.js:291:5)\n    at Function.handle (C:\\Abhishek\\Workspace\\Virtual Instructor\\AthenaVI_backend\\node_modules\\router\\index.js:186:3)","timestamp":"2026-03-10T10:35:38.200Z"}
{"level":"info","message":"Server running bHYon port 9000","timestamp":"2026-03-10T10:38:11.544Z"}
{"level":"info","message":"Server running bHYon port 9000","timestamp":"2026-03-10T10:38:37.494Z"}
{"level":"info","message":"Server running bHYon port 9000","timestamp":"2026-03-10T10:38:39.966Z"}
{"level":"info","message":"Server running bHYon port 9000","timestamp":"2026-03-10T10:38:42.500Z"}
{"level":"error","message":"Error: Validation error\n    at C:\\Abhishek\\Workspace\\Virtual Instructor\\AthenaVI_backend\\src\\middlewares\\validate.js:22:11\n    at Layer.handleRequest (C:\\Abhishek\\Workspace\\Virtual Instructor\\AthenaVI_backend\\node_modules\\router\\lib\\layer.js:152:17)\n    at next (C:\\Abhishek\\Workspace\\Virtual Instructor\\AthenaVI_backend\\node_modules\\router\\lib\\route.js:157:13)\n    at Route.dispatch (C:\\Abhishek\\Workspace\\Virtual Instructor\\AthenaVI_backend\\node_modules\\router\\lib\\route.js:117:3)\n    at handle (C:\\Abhishek\\Workspace\\Virtual Instructor\\AthenaVI_backend\\node_modules\\router\\index.js:435:11)\n    at Layer.handleRequest (C:\\Abhishek\\Workspace\\Virtual Instructor\\AthenaVI_backend\\node_modules\\router\\lib\\layer.js:152:17)\n    at C:\\Abhishek\\Workspace\\Virtual Instructor\\AthenaVI_backend\\node_modules\\router\\index.js:295:15\n    at processParams (C:\\Abhishek\\Workspace\\Virtual Instructor\\AthenaVI_backend\\node_modules\\router\\index.js:582:12)\n    at next (C:\\Abhishek\\Workspace\\Virtual Instructor\\AthenaVI_backend\\node_modules\\router\\index.js:291:5)\n    at Function.handle (C:\\Abhishek\\Workspace\\Virtual Instructor\\AthenaVI_backend\\node_modules\\router\\index.js:186:3)","timestamp":"2026-03-10T10:38:51.468Z"}
{"level":"error","message":"Error: OTP expired or not found\n    at Object.verifyOtp (C:\\Abhishek\\Workspace\\Virtual Instructor\\AthenaVI_backend\\src\\modules\\auth\\services\\otp.service.js:56:11)\n    at process.processTicksAndRejections (node:internal/process/task_queues:105:5)\n    at async C:\\Abhishek\\Workspace\\Virtual Instructor\\AthenaVI_backend\\src\\modules\\auth\\auth.controller.js:89:3","timestamp":"2026-03-10T10:38:56.652Z"}
{"level":"error","message":"Error: Validation error\n    at C:\\Abhishek\\Workspace\\Virtual Instructor\\AthenaVI_backend\\src\\middlewares\\validate.js:22:11\n    at Layer.handleRequest (C:\\Abhishek\\Workspace\\Virtual Instructor\\AthenaVI_backend\\node_modules\\router\\lib\\layer.js:152:17)\n    at next (C:\\Abhishek\\Workspace\\Virtual Instructor\\AthenaVI_backend\\node_modules\\router\\lib\\route.js:157:13)\n    at Route.dispatch (C:\\Abhishek\\Workspace\\Virtual Instructor\\AthenaVI_backend\\node_modules\\router\\lib\\route.js:117:3)\n    at handle (C:\\Abhishek\\Workspace\\Virtual Instructor\\AthenaVI_backend\\node_modules\\router\\index.js:435:11)\n    at Layer.handleRequest (C:\\Abhishek\\Workspace\\Virtual Instructor\\AthenaVI_backend\\node_modules\\router\\lib\\layer.js:152:17)\n    at C:\\Abhishek\\Workspace\\Virtual Instructor\\AthenaVI_backend\\node_modules\\router\\index.js:295:15\n    at processParams (C:\\Abhishek\\Workspace\\Virtual Instructor\\AthenaVI_backend\\node_modules\\router\\index.js:582:12)\n    at next (C:\\Abhishek\\Workspace\\Virtual Instructor\\AthenaVI_backend\\node_modules\\router\\index.js:291:5)\n    at Function.handle (C:\\Abhishek\\Workspace\\Virtual Instructor\\AthenaVI_backend\\node_modules\\router\\index.js:186:3)","timestamp":"2026-03-10T10:39:05.180Z"}
{"level":"error","message":"Error: OTP expired or not found\n    at Object.verifyOtp (C:\\Abhishek\\Workspace\\Virtual Instructor\\AthenaVI_backend\\src\\modules\\auth\\services\\otp.service.js:56:11)\n    at process.processTicksAndRejections (node:internal/process/task_queues:105:5)\n    at async C:\\Abhishek\\Workspace\\Virtual Instructor\\AthenaVI_backend\\src\\modules\\auth\\auth.controller.js:89:3","timestamp":"2026-03-10T10:39:12.671Z"}
{"level":"error","message":"Error: OTP expired or not found\n    at Object.verifyOtp (C:\\Abhishek\\Workspace\\Virtual Instructor\\AthenaVI_backend\\src\\modules\\auth\\services\\otp.service.js:56:11)\n    at process.processTicksAndRejections (node:internal/process/task_queues:105:5)\n    at async C:\\Abhishek\\Workspace\\Virtual Instructor\\AthenaVI_backend\\src\\modules\\auth\\auth.controller.js:89:3","timestamp":"2026-03-10T10:39:20.710Z"}
{"level":"info","message":"Server running bHYon port 9000","timestamp":"2026-03-10T10:52:04.425Z"}
{"level":"info","message":"Server running bHYon port 9000","timestamp":"2026-03-10T10:52:48.027Z"}
{"level":"info","message":"Server running bHYon port 9000","timestamp":"2026-03-10T10:52:51.304Z"}
{"level":"info","message":"Server running bHYon port 9000","timestamp":"2026-03-10T10:53:06.225Z"}
{"level":"info","message":"Server running bHYon port 9000","timestamp":"2026-03-10T10:53:09.777Z"}
{"level":"info","message":"Server running bHYon port 9000","timestamp":"2026-03-10T10:53:14.317Z"}
{"level":"info","message":"Server running bHYon port 9000","timestamp":"2026-03-10T10:53:17.124Z"}
{"level":"info","message":"Server running bHYon port 9000","timestamp":"2026-03-10T10:54:01.555Z"}
{"level":"info","message":"Server running bHYon port 9000","timestamp":"2026-03-10T10:54:10.791Z"}
{"level":"info","message":"Server running bHYon port 9000","timestamp":"2026-03-10T10:55:11.026Z"}
{"level":"info","message":"Server running bHYon port 9000","timestamp":"2026-03-10T12:13:14.292Z"}
{"level":"info","message":"Server running bHYon port 9000","timestamp":"2026-03-10T12:13:42.192Z"}
{"level":"info","message":"Server running bHYon port 9000","timestamp":"2026-03-10T12:13:47.850Z"}
{"level":"info","message":"Server running bHYon port 9000","timestamp":"2026-03-10T12:15:41.695Z"}
{"level":"info","message":"Server running bHYon port 9000","timestamp":"2026-03-10T12:15:51.290Z"}
{"level":"info","message":"Server running bHYon port 9000","timestamp":"2026-03-11T05:09:36.423Z"}
{"level":"info","message":"Server running bHYon port 9000","timestamp":"2026-03-11T05:09:50.415Z"}
{"level":"info","message":"Server running bHYon port 9000","timestamp":"2026-03-11T05:11:12.779Z"}
{"level":"info","message":"Server running bHYon port 9000","timestamp":"2026-03-11T05:44:23.923Z"}
{"level":"info","message":"Server running bHYon port 9000","timestamp":"2026-03-11T05:47:33.898Z"}
{"level":"error","message":"PrismaClientKnownRequestError: \nInvalid `prisma.user.findUnique()` invocation in\nC:\\Abhishek\\Workspace\\Virtual Instructor\\AthenaVI_backend\\src\\modules\\auth\\auth.dao.js:47:28\n\n  44 \n  45 // Find user by email\n  46 const findUserByEmail = async (email) => {\n→ 47   return await prisma.user.findUnique(\nThe table `public.users` does not exist in the current database.\n    at qr.handleRequestError (C:\\Abhishek\\Workspace\\Virtual Instructor\\AthenaVI_backend\\node_modules\\@prisma\\client\\runtime\\client.js:65:8172)\n    at qr.handleAndLogRequestError (C:\\Abhishek\\Workspace\\Virtual Instructor\\AthenaVI_backend\\node_modules\\@prisma\\client\\runtime\\client.js:65:7467)\n    at qr.request (C:\\Abhishek\\Workspace\\Virtual Instructor\\AthenaVI_backend\\node_modules\\@prisma\\client\\runtime\\client.js:65:7174)\n    at process.processTicksAndRejections (node:internal/process/task_queues:105:5)\n    at async a (C:\\Abhishek\\Workspace\\Virtual Instructor\\AthenaVI_backend\\node_modules\\@prisma\\client\\runtime\\client.js:75:5816)\n    at async Object.findUserByEmail (C:\\Abhishek\\Workspace\\Virtual Instructor\\AthenaVI_backend\\src\\modules\\auth\\auth.dao.js:47:10)\n    at async C:\\Abhishek\\Workspace\\Virtual Instructor\\AthenaVI_backend\\src\\modules\\auth\\auth.controller.js:192:16","timestamp":"2026-03-11T05:56:19.143Z"}
{"level":"info","message":"Server running bHYon port 9000","timestamp":"2026-03-11T06:51:47.322Z"}
{"level":"error","message":"Error: Validation error\n    at C:\\Abhishek\\Workspace\\Virtual Instructor\\AthenaVI_backend\\src\\middlewares\\validate.js:22:11\n    at Layer.handleRequest (C:\\Abhishek\\Workspace\\Virtual Instructor\\AthenaVI_backend\\node_modules\\router\\lib\\layer.js:152:17)\n    at next (C:\\Abhishek\\Workspace\\Virtual Instructor\\AthenaVI_backend\\node_modules\\router\\lib\\route.js:157:13)\n    at Route.dispatch (C:\\Abhishek\\Workspace\\Virtual Instructor\\AthenaVI_backend\\node_modules\\router\\lib\\route.js:117:3)\n    at handle (C:\\Abhishek\\Workspace\\Virtual Instructor\\AthenaVI_backend\\node_modules\\router\\index.js:435:11)\n    at Layer.handleRequest (C:\\Abhishek\\Workspace\\Virtual Instructor\\AthenaVI_backend\\node_modules\\router\\lib\\layer.js:152:17)\n    at C:\\Abhishek\\Workspace\\Virtual Instructor\\AthenaVI_backend\\node_modules\\router\\index.js:295:15\n    at processParams (C:\\Abhishek\\Workspace\\Virtual Instructor\\AthenaVI_backend\\node_modules\\router\\index.js:582:12)\n    at next (C:\\Abhishek\\Workspace\\Virtual Instructor\\AthenaVI_backend\\node_modules\\router\\index.js:291:5)\n    at Function.handle (C:\\Abhishek\\Workspace\\Virtual Instructor\\AthenaVI_backend\\node_modules\\router\\index.js:186:3)","timestamp":"2026-03-11T06:59:05.757Z"}
{"level":"error","message":"Error: Validation error\n    at C:\\Abhishek\\Workspace\\Virtual Instructor\\AthenaVI_backend\\src\\middlewares\\validate.js:22:11\n    at Layer.handleRequest (C:\\Abhishek\\Workspace\\Virtual Instructor\\AthenaVI_backend\\node_modules\\router\\lib\\layer.js:152:17)\n    at next (C:\\Abhishek\\Workspace\\Virtual Instructor\\AthenaVI_backend\\node_modules\\router\\lib\\route.js:157:13)\n    at Route.dispatch (C:\\Abhishek\\Workspace\\Virtual Instructor\\AthenaVI_backend\\node_modules\\router\\lib\\route.js:117:3)\n    at handle (C:\\Abhishek\\Workspace\\Virtual Instructor\\AthenaVI_backend\\node_modules\\router\\index.js:435:11)\n    at Layer.handleRequest (C:\\Abhishek\\Workspace\\Virtual Instructor\\AthenaVI_backend\\node_modules\\router\\lib\\layer.js:152:17)\n    at C:\\Abhishek\\Workspace\\Virtual Instructor\\AthenaVI_backend\\node_modules\\router\\index.js:295:15\n    at processParams (C:\\Abhishek\\Workspace\\Virtual Instructor\\AthenaVI_backend\\node_modules\\router\\index.js:582:12)\n    at next (C:\\Abhishek\\Workspace\\Virtual Instructor\\AthenaVI_backend\\node_modules\\router\\index.js:291:5)\n    at Function.handle (C:\\Abhishek\\Workspace\\Virtual Instructor\\AthenaVI_backend\\node_modules\\router\\index.js:186:3)","timestamp":"2026-03-11T06:59:10.325Z"}
{"level":"error","message":"Error: Validation error\n    at C:\\Abhishek\\Workspace\\Virtual Instructor\\AthenaVI_backend\\src\\middlewares\\validate.js:22:11\n    at Layer.handleRequest (C:\\Abhishek\\Workspace\\Virtual Instructor\\AthenaVI_backend\\node_modules\\router\\lib\\layer.js:152:17)\n    at next (C:\\Abhishek\\Workspace\\Virtual Instructor\\AthenaVI_backend\\node_modules\\router\\lib\\route.js:157:13)\n    at Route.dispatch (C:\\Abhishek\\Workspace\\Virtual Instructor\\AthenaVI_backend\\node_modules\\router\\lib\\route.js:117:3)\n    at handle (C:\\Abhishek\\Workspace\\Virtual Instructor\\AthenaVI_backend\\node_modules\\router\\index.js:435:11)\n    at Layer.handleRequest (C:\\Abhishek\\Workspace\\Virtual Instructor\\AthenaVI_backend\\node_modules\\router\\lib\\layer.js:152:17)\n    at C:\\Abhishek\\Workspace\\Virtual Instructor\\AthenaVI_backend\\node_modules\\router\\index.js:295:15\n    at processParams (C:\\Abhishek\\Workspace\\Virtual Instructor\\AthenaVI_backend\\node_modules\\router\\index.js:582:12)\n    at next (C:\\Abhishek\\Workspace\\Virtual Instructor\\AthenaVI_backend\\node_modules\\router\\index.js:291:5)\n    at Function.handle (C:\\Abhishek\\Workspace\\Virtual Instructor\\AthenaVI_backend\\node_modules\\router\\index.js:186:3)","timestamp":"2026-03-11T06:59:22.737Z"}
{"level":"error","message":"Error: Validation error\n    at C:\\Abhishek\\Workspace\\Virtual Instructor\\AthenaVI_backend\\src\\middlewares\\validate.js:22:11\n    at Layer.handleRequest (C:\\Abhishek\\Workspace\\Virtual Instructor\\AthenaVI_backend\\node_modules\\router\\lib\\layer.js:152:17)\n    at next (C:\\Abhishek\\Workspace\\Virtual Instructor\\AthenaVI_backend\\node_modules\\router\\lib\\route.js:157:13)\n    at Route.dispatch (C:\\Abhishek\\Workspace\\Virtual Instructor\\AthenaVI_backend\\node_modules\\router\\lib\\route.js:117:3)\n    at handle (C:\\Abhishek\\Workspace\\Virtual Instructor\\AthenaVI_backend\\node_modules\\router\\index.js:435:11)\n    at Layer.handleRequest (C:\\Abhishek\\Workspace\\Virtual Instructor\\AthenaVI_backend\\node_modules\\router\\lib\\layer.js:152:17)\n    at C:\\Abhishek\\Workspace\\Virtual Instructor\\AthenaVI_backend\\node_modules\\router\\index.js:295:15\n    at processParams (C:\\Abhishek\\Workspace\\Virtual Instructor\\AthenaVI_backend\\node_modules\\router\\index.js:582:12)\n    at next (C:\\Abhishek\\Workspace\\Virtual Instructor\\AthenaVI_backend\\node_modules\\router\\index.js:291:5)\n    at Function.handle (C:\\Abhishek\\Workspace\\Virtual Instructor\\AthenaVI_backend\\node_modules\\router\\index.js:186:3)","timestamp":"2026-03-11T07:00:09.819Z"}
{"level":"error","message":"Error: Invalid email or password\n    at C:\\Abhishek\\Workspace\\Virtual Instructor\\AthenaVI_backend\\src\\modules\\auth\\auth.controller.js:198:11","timestamp":"2026-03-11T07:00:46.731Z"}
{"level":"error","message":"Error: Invalid email or password\n    at C:\\Abhishek\\Workspace\\Virtual Instructor\\AthenaVI_backend\\src\\modules\\auth\\auth.controller.js:198:11","timestamp":"2026-03-11T07:00:49.142Z"}
{"level":"info","message":"Server running bHYon port 9000","timestamp":"2026-03-11T07:02:20.071Z"}
{"level":"info","message":"Server running bHYon port 9000","timestamp":"2026-03-11T07:03:36.890Z"}
{"level":"info","message":"Server running bHYon port 9000","timestamp":"2026-03-11T07:06:02.843Z"}
{"level":"info","message":"Server running bHYon port 9000","timestamp":"2026-03-11T07:06:07.689Z"}
{"level":"info","message":"Server running bHYon port 9000","timestamp":"2026-03-11T07:06:21.973Z"}
{"level":"error","message":"Error: Validation error\n    at C:\\Abhishek\\Workspace\\Virtual Instructor\\AthenaVI_backend\\src\\middlewares\\validate.js:22:11\n    at Layer.handleRequest (C:\\Abhishek\\Workspace\\Virtual Instructor\\AthenaVI_backend\\node_modules\\router\\lib\\layer.js:152:17)\n    at next (C:\\Abhishek\\Workspace\\Virtual Instructor\\AthenaVI_backend\\node_modules\\router\\lib\\route.js:157:13)\n    at Route.dispatch (C:\\Abhishek\\Workspace\\Virtual Instructor\\AthenaVI_backend\\node_modules\\router\\lib\\route.js:117:3)\n    at handle (C:\\Abhishek\\Workspace\\Virtual Instructor\\AthenaVI_backend\\node_modules\\router\\index.js:435:11)\n    at Layer.handleRequest (C:\\Abhishek\\Workspace\\Virtual Instructor\\AthenaVI_backend\\node_modules\\router\\lib\\layer.js:152:17)\n    at C:\\Abhishek\\Workspace\\Virtual Instructor\\AthenaVI_backend\\node_modules\\router\\index.js:295:15\n    at processParams (C:\\Abhishek\\Workspace\\Virtual Instructor\\AthenaVI_backend\\node_modules\\router\\index.js:582:12)\n    at next (C:\\Abhishek\\Workspace\\Virtual Instructor\\AthenaVI_backend\\node_modules\\router\\index.js:291:5)\n    at Function.handle (C:\\Abhishek\\Workspace\\Virtual Instructor\\AthenaVI_backend\\node_modules\\router\\index.js:186:3)","timestamp":"2026-03-11T07:06:47.046Z"}
{"level":"info","message":"Server running bHYon port 9000","timestamp":"2026-03-11T07:12:50.304Z"}
{"level":"info","message":"Server running bHYon port 9000","timestamp":"2026-03-11T07:13:34.128Z"}
{"level":"info","message":"Server running bHYon port 9000","timestamp":"2026-03-11T07:14:06.861Z"}
{"level":"info","message":"Server running bHYon port 9000","timestamp":"2026-03-11T07:14:11.773Z"}
{"level":"info","message":"Server running bHYon port 9000","timestamp":"2026-03-11T07:14:19.347Z"}
{"level":"info","message":"Server running bHYon port 9000","timestamp":"2026-03-11T07:14:24.856Z"}
{"level":"info","message":"Server running bHYon port 9000","timestamp":"2026-03-11T07:14:53.808Z"}
{"level":"info","message":"Server running bHYon port 9000","timestamp":"2026-03-11T07:14:55.643Z"}
{"level":"info","message":"Server running bHYon port 9000","timestamp":"2026-03-11T07:14:58.084Z"}
{"level":"info","message":"Server running bHYon port 9000","timestamp":"2026-03-11T07:15:03.653Z"}
{"level":"info","message":"Server running bHYon port 9000","timestamp":"2026-03-11T07:15:05.130Z"}
{"level":"info","message":"Server running bHYon port 9000","timestamp":"2026-03-11T07:15:14.710Z"}
{"level":"info","message":"Server running bHYon port 9000","timestamp":"2026-03-11T07:15:19.836Z"}
{"level":"info","message":"Server running bHYon port 9000","timestamp":"2026-03-11T07:16:05.833Z"}
{"level":"info","message":"Server running bHYon port 9000","timestamp":"2026-03-11T07:16:14.205Z"}
{"level":"info","message":"Server running bHYon port 9000","timestamp":"2026-03-11T07:19:38.288Z"}
{"level":"info","message":"Server running bHYon port 9000","timestamp":"2026-03-11T07:19:50.616Z"}
{"level":"info","message":"Server running bHYon port 9000","timestamp":"2026-03-11T07:20:33.755Z"}
{"level":"info","message":"Server running bHYon port 9000","timestamp":"2026-03-11T07:20:36.198Z"}
{"level":"info","message":"Server running bHYon port 9000","timestamp":"2026-03-11T07:20:39.738Z"}
{"level":"info","message":"Server running bHYon port 9000","timestamp":"2026-03-11T07:20:43.818Z"}
{"level":"info","message":"Server running bHYon port 9000","timestamp":"2026-03-11T07:21:20.148Z"}
{"level":"info","message":"Server running bHYon port 9000","timestamp":"2026-03-11T07:21:47.992Z"}
{"level":"info","message":"Server running bHYon port 9000","timestamp":"2026-03-11T07:22:20.226Z"}
{"level":"info","message":"Server running bHYon port 9000","timestamp":"2026-03-11T07:23:46.819Z"}
{"level":"info","message":"Server running bHYon port 9000","timestamp":"2026-03-11T07:23:50.492Z"}
{"level":"info","message":"Server running bHYon port 9000","timestamp":"2026-03-11T07:25:18.945Z"}
{"level":"info","message":"Server running bHYon port 9000","timestamp":"2026-03-11T07:25:21.496Z"}
{"level":"info","message":"Server running bHYon port 9000","timestamp":"2026-03-11T07:25:25.749Z"}
{"level":"info","message":"Server running bHYon port 9000","timestamp":"2026-03-11T07:25:28.077Z"}
{"level":"info","message":"Server running bHYon port 9000","timestamp":"2026-03-11T07:25:30.944Z"}
{"level":"info","message":"Server running bHYon port 9000","timestamp":"2026-03-11T07:25:40.593Z"}
{"level":"info","message":"Server running bHYon port 9000","timestamp":"2026-03-11T07:25:43.110Z"}
{"level":"info","message":"Server running bHYon port 9000","timestamp":"2026-03-11T07:25:48.563Z"}
{"level":"info","message":"Server running bHYon port 9000","timestamp":"2026-03-11T07:25:52.366Z"}
{"level":"info","message":"Server running bHYon port 9000","timestamp":"2026-03-11T07:26:16.451Z"}
{"level":"info","message":"Server running bHYon port 9000","timestamp":"2026-03-11T07:27:38.902Z"}
{"level":"info","message":"Server running bHYon port 9000","timestamp":"2026-03-11T07:27:50.278Z"}
{"level":"info","message":"Server running bHYon port 9000","timestamp":"2026-03-11T07:27:51.926Z"}
{"level":"info","message":"Server running bHYon port 9000","timestamp":"2026-03-11T07:28:58.394Z"}
{"level":"info","message":"Server running bHYon port 9000","timestamp":"2026-03-11T07:29:11.406Z"}
{"level":"info","message":"Server running bHYon port 9000","timestamp":"2026-03-11T07:29:13.566Z"}
{"level":"info","message":"Server running bHYon port 9000","timestamp":"2026-03-11T07:29:16.135Z"}
{"level":"info","message":"Server running bHYon port 9000","timestamp":"2026-03-11T07:29:30.568Z"}
{"level":"info","message":"Server running bHYon port 9000","timestamp":"2026-03-11T07:29:39.648Z"}
{"level":"error","message":"Error: OTP expired or not found\n    at Object.verifyOtp (C:\\Abhishek\\Workspace\\Virtual Instructor\\AthenaVI_backend\\src\\modules\\auth\\services\\otp.service.js:56:11)\n    at process.processTicksAndRejections (node:internal/process/task_queues:105:5)\n    at async C:\\Abhishek\\Workspace\\Virtual Instructor\\AthenaVI_backend\\src\\modules\\auth\\auth.controller.js:87:3","timestamp":"2026-03-11T07:30:37.184Z"}
{"level":"error","message":"Error: Token expired\n    at C:\\Abhishek\\Workspace\\Virtual Instructor\\AthenaVI_backend\\src\\middlewares\\auth.middlware.js:22:11\n    at C:\\Abhishek\\Workspace\\Virtual Instructor\\AthenaVI_backend\\src\\shared\\utils\\asyncHandler.js:2:19\n    at Layer.handleRequest (C:\\Abhishek\\Workspace\\Virtual Instructor\\AthenaVI_backend\\node_modules\\router\\lib\\layer.js:152:17)\n    at next (C:\\Abhishek\\Workspace\\Virtual Instructor\\AthenaVI_backend\\node_modules\\router\\lib\\route.js:157:13)\n    at Route.dispatch (C:\\Abhishek\\Workspace\\Virtual Instructor\\AthenaVI_backend\\node_modules\\router\\lib\\route.js:117:3)\n    at handle (C:\\Abhishek\\Workspace\\Virtual Instructor\\AthenaVI_backend\\node_modules\\router\\index.js:435:11)\n    at Layer.handleRequest (C:\\Abhishek\\Workspace\\Virtual Instructor\\AthenaVI_backend\\node_modules\\router\\lib\\layer.js:152:17)\n    at C:\\Abhishek\\Workspace\\Virtual Instructor\\AthenaVI_backend\\node_modules\\router\\index.js:295:15\n    at processParams (C:\\Abhishek\\Workspace\\Virtual Instructor\\AthenaVI_backend\\node_modules\\router\\index.js:582:12)\n    at next (C:\\Abhishek\\Workspace\\Virtual Instructor\\AthenaVI_backend\\node_modules\\router\\index.js:291:5)","timestamp":"2026-03-11T07:30:56.251Z"}
{"level":"error","message":"Error: Validation error\n    at C:\\Abhishek\\Workspace\\Virtual Instructor\\AthenaVI_backend\\src\\middlewares\\validate.middleware.js:22:11\n    at Layer.handleRequest (C:\\Abhishek\\Workspace\\Virtual Instructor\\AthenaVI_backend\\node_modules\\router\\lib\\layer.js:152:17)\n    at next (C:\\Abhishek\\Workspace\\Virtual Instructor\\AthenaVI_backend\\node_modules\\router\\lib\\route.js:157:13)\n    at C:\\Abhishek\\Workspace\\Virtual Instructor\\AthenaVI_backend\\src\\middlewares\\auth.middlware.js:41:3\n    at process.processTicksAndRejections (node:internal/process/task_queues:105:5)","timestamp":"2026-03-11T07:31:10.251Z"}
{"level":"error","message":"Error: Validation error\n    at C:\\Abhishek\\Workspace\\Virtual Instructor\\AthenaVI_backend\\src\\middlewares\\validate.middleware.js:22:11\n    at Layer.handleRequest (C:\\Abhishek\\Workspace\\Virtual Instructor\\AthenaVI_backend\\node_modules\\router\\lib\\layer.js:152:17)\n    at next (C:\\Abhishek\\Workspace\\Virtual Instructor\\AthenaVI_backend\\node_modules\\router\\lib\\route.js:157:13)\n    at C:\\Abhishek\\Workspace\\Virtual Instructor\\AthenaVI_backend\\src\\middlewares\\auth.middlware.js:41:3\n    at process.processTicksAndRejections (node:internal/process/task_queues:105:5)","timestamp":"2026-03-11T07:32:01.714Z"}
{"level":"error","message":"Error: Token expired\n    at C:\\Abhishek\\Workspace\\Virtual Instructor\\AthenaVI_backend\\src\\middlewares\\auth.middlware.js:22:11\n    at C:\\Abhishek\\Workspace\\Virtual Instructor\\AthenaVI_backend\\src\\shared\\utils\\asyncHandler.js:2:19\n    at Layer.handleRequest (C:\\Abhishek\\Workspace\\Virtual Instructor\\AthenaVI_backend\\node_modules\\router\\lib\\layer.js:152:17)\n    at next (C:\\Abhishek\\Workspace\\Virtual Instructor\\AthenaVI_backend\\node_modules\\router\\lib\\route.js:157:13)\n    at Route.dispatch (C:\\Abhishek\\Workspace\\Virtual Instructor\\AthenaVI_backend\\node_modules\\router\\lib\\route.js:117:3)\n    at handle (C:\\Abhishek\\Workspace\\Virtual Instructor\\AthenaVI_backend\\node_modules\\router\\index.js:435:11)\n    at Layer.handleRequest (C:\\Abhishek\\Workspace\\Virtual Instructor\\AthenaVI_backend\\node_modules\\router\\lib\\layer.js:152:17)\n    at C:\\Abhishek\\Workspace\\Virtual Instructor\\AthenaVI_backend\\node_modules\\router\\index.js:295:15\n    at param (C:\\Abhishek\\Workspace\\Virtual Instructor\\AthenaVI_backend\\node_modules\\router\\index.js:600:14)\n    at param (C:\\Abhishek\\Workspace\\Virtual Instructor\\AthenaVI_backend\\node_modules\\router\\index.js:610:14)","timestamp":"2026-03-11T07:32:19.216Z"}
{"level":"error","message":"Error: Validation error\n    at C:\\Abhishek\\Workspace\\Virtual Instructor\\AthenaVI_backend\\src\\middlewares\\validate.middleware.js:22:11\n    at Layer.handleRequest (C:\\Abhishek\\Workspace\\Virtual Instructor\\AthenaVI_backend\\node_modules\\router\\lib\\layer.js:152:17)\n    at next (C:\\Abhishek\\Workspace\\Virtual Instructor\\AthenaVI_backend\\node_modules\\router\\lib\\route.js:157:13)\n    at C:\\Abhishek\\Workspace\\Virtual Instructor\\AthenaVI_backend\\src\\middlewares\\auth.middlware.js:41:3\n    at process.processTicksAndRejections (node:internal/process/task_queues:105:5)","timestamp":"2026-03-11T07:32:26.777Z"}
{"level":"error","message":"Error: Validation error\n    at C:\\Abhishek\\Workspace\\Virtual Instructor\\AthenaVI_backend\\src\\middlewares\\validate.middleware.js:22:11\n    at Layer.handleRequest (C:\\Abhishek\\Workspace\\Virtual Instructor\\AthenaVI_backend\\node_modules\\router\\lib\\layer.js:152:17)\n    at next (C:\\Abhishek\\Workspace\\Virtual Instructor\\AthenaVI_backend\\node_modules\\router\\lib\\route.js:157:13)\n    at C:\\Abhishek\\Workspace\\Virtual Instructor\\AthenaVI_backend\\src\\middlewares\\auth.middlware.js:41:3\n    at process.processTicksAndRejections (node:internal/process/task_queues:105:5)","timestamp":"2026-03-11T07:33:09.731Z"}
{"level":"error","message":"Error: Validation error\n    at C:\\Abhishek\\Workspace\\Virtual Instructor\\AthenaVI_backend\\src\\middlewares\\validate.middleware.js:22:11\n    at Layer.handleRequest (C:\\Abhishek\\Workspace\\Virtual Instructor\\AthenaVI_backend\\node_modules\\router\\lib\\layer.js:152:17)\n    at next (C:\\Abhishek\\Workspace\\Virtual Instructor\\AthenaVI_backend\\node_modules\\router\\lib\\route.js:157:13)\n    at C:\\Abhishek\\Workspace\\Virtual Instructor\\AthenaVI_backend\\src\\middlewares\\auth.middlware.js:41:3\n    at process.processTicksAndRejections (node:internal/process/task_queues:105:5)","timestamp":"2026-03-11T07:33:23.834Z"}
{"level":"info","message":"Server running bHYon port 9000","timestamp":"2026-03-11T07:34:13.409Z"}
{"level":"info","message":"Server running bHYon port 9000","timestamp":"2026-03-11T07:34:15.974Z"}
{"level":"error","message":"Error: Member not found\n    at Object.changeMemberRole (C:\\Abhishek\\Workspace\\Virtual Instructor\\AthenaVI_backend\\src\\modules\\workspace\\workspace.service.js:205:11)\n    at process.processTicksAndRejections (node:internal/process/task_queues:105:5)\n    at async C:\\Abhishek\\Workspace\\Virtual Instructor\\AthenaVI_backend\\src\\modules\\workspace\\workspace.controller.js:114:18","timestamp":"2026-03-11T07:34:19.629Z"}
{"level":"error","message":"Error: Validation error\n    at C:\\Abhishek\\Workspace\\Virtual Instructor\\AthenaVI_backend\\src\\middlewares\\validate.middleware.js:22:11\n    at Layer.handleRequest (C:\\Abhishek\\Workspace\\Virtual Instructor\\AthenaVI_backend\\node_modules\\router\\lib\\layer.js:152:17)\n    at next (C:\\Abhishek\\Workspace\\Virtual Instructor\\AthenaVI_backend\\node_modules\\router\\lib\\route.js:157:13)\n    at C:\\Abhishek\\Workspace\\Virtual Instructor\\AthenaVI_backend\\src\\middlewares\\auth.middlware.js:41:3\n    at process.processTicksAndRejections (node:internal/process/task_queues:105:5)","timestamp":"2026-03-11T07:34:52.843Z"}
{"level":"error","message":"Error: Validation error\n    at C:\\Abhishek\\Workspace\\Virtual Instructor\\AthenaVI_backend\\src\\middlewares\\validate.middleware.js:22:11\n    at Layer.handleRequest (C:\\Abhishek\\Workspace\\Virtual Instructor\\AthenaVI_backend\\node_modules\\router\\lib\\layer.js:152:17)\n    at next (C:\\Abhishek\\Workspace\\Virtual Instructor\\AthenaVI_backend\\node_modules\\router\\lib\\route.js:157:13)\n    at C:\\Abhishek\\Workspace\\Virtual Instructor\\AthenaVI_backend\\src\\middlewares\\auth.middlware.js:41:3\n    at process.processTicksAndRejections (node:internal/process/task_queues:105:5)","timestamp":"2026-03-11T07:35:02.136Z"}
{"level":"info","message":"Server running bHYon port 9000","timestamp":"2026-03-11T07:35:09.561Z"}
{"level":"info","message":"Server running bHYon port 9000","timestamp":"2026-03-11T07:35:26.242Z"}
{"level":"info","message":"Server running bHYon port 9000","timestamp":"2026-03-11T07:35:31.295Z"}
{"level":"error","message":"Error: Member not found\n    at Object.changeMemberRole (C:\\Abhishek\\Workspace\\Virtual Instructor\\AthenaVI_backend\\src\\modules\\workspace\\workspace.service.js:205:11)\n    at process.processTicksAndRejections (node:internal/process/task_queues:105:5)\n    at async C:\\Abhishek\\Workspace\\Virtual Instructor\\AthenaVI_backend\\src\\modules\\workspace\\workspace.controller.js:114:18","timestamp":"2026-03-11T07:35:51.616Z"}
{"level":"error","message":"Error: read ECONNRESET\n    at TLSWrap.onStreamRead (node:internal/stream_base_commons:216:20)","timestamp":"2026-03-11T08:16:10.249Z"}
{"level":"info","message":"Server running bHYon port 9000","timestamp":"2026-03-13T04:38:01.453Z"}
{"level":"error","message":"ReferenceError: userServer is not defined\n    at C:\\Abhishek\\Workspace\\Virtual Instructor\\AthenaVI_backend\\src\\modules\\user\\user.controller.js:30:23\n    at C:\\Abhishek\\Workspace\\Virtual Instructor\\AthenaVI_backend\\src\\shared\\utils\\asyncHandler.js:2:19\n    at Layer.handleRequest (C:\\Abhishek\\Workspace\\Virtual Instructor\\AthenaVI_backend\\node_modules\\router\\lib\\layer.js:152:17)\n    at next (C:\\Abhishek\\Workspace\\Virtual Instructor\\AthenaVI_backend\\node_modules\\router\\lib\\route.js:157:13)\n    at C:\\Abhishek\\Workspace\\Virtual Instructor\\AthenaVI_backend\\src\\middlewares\\validate.middleware.js:29:3\n    at Layer.handleRequest (C:\\Abhishek\\Workspace\\Virtual Instructor\\AthenaVI_backend\\node_modules\\router\\lib\\layer.js:152:17)\n    at next (C:\\Abhishek\\Workspace\\Virtual Instructor\\AthenaVI_backend\\node_modules\\router\\lib\\route.js:157:13)\n    at C:\\Abhishek\\Workspace\\Virtual Instructor\\AthenaVI_backend\\src\\middlewares\\auth.middlware.js:41:3\n    at process.processTicksAndRejections (node:internal/process/task_queues:105:5)","timestamp":"2026-03-13T04:44:46.685Z"}
{"level":"info","message":"Server running bHYon port 9000","timestamp":"2026-03-13T04:56:49.082Z"}
{"level":"info","message":"Server running bHYon port 9000","timestamp":"2026-03-13T04:57:00.672Z"}
{"level":"error","message":"Error: Token expired\n    at C:\\Abhishek\\Workspace\\Virtual Instructor\\AthenaVI_backend\\src\\middlewares\\auth.middlware.js:22:11\n    at C:\\Abhishek\\Workspace\\Virtual Instructor\\AthenaVI_backend\\src\\shared\\utils\\asyncHandler.js:2:19\n    at Layer.handleRequest (C:\\Abhishek\\Workspace\\Virtual Instructor\\AthenaVI_backend\\node_modules\\router\\lib\\layer.js:152:17)\n    at next (C:\\Abhishek\\Workspace\\Virtual Instructor\\AthenaVI_backend\\node_modules\\router\\lib\\route.js:157:13)\n    at Route.dispatch (C:\\Abhishek\\Workspace\\Virtual Instructor\\AthenaVI_backend\\node_modules\\router\\lib\\route.js:117:3)\n    at handle (C:\\Abhishek\\Workspace\\Virtual Instructor\\AthenaVI_backend\\node_modules\\router\\index.js:435:11)\n    at Layer.handleRequest (C:\\Abhishek\\Workspace\\Virtual Instructor\\AthenaVI_backend\\node_modules\\router\\lib\\layer.js:152:17)\n    at C:\\Abhishek\\Workspace\\Virtual Instructor\\AthenaVI_backend\\node_modules\\router\\index.js:295:15\n    at param (C:\\Abhishek\\Workspace\\Virtual Instructor\\AthenaVI_backend\\node_modules\\router\\index.js:600:14)\n    at param (C:\\Abhishek\\Workspace\\Virtual Instructor\\AthenaVI_backend\\node_modules\\router\\index.js:610:14)","timestamp":"2026-03-13T04:59:49.383Z"}
{"level":"error","message":"PrismaClientValidationError: \nInvalid `prisma.user.findUnique()` invocation in\nC:\\Abhishek\\Workspace\\Virtual Instructor\\AthenaVI_backend\\src\\modules\\user\\user.dao.js:8:22\n\n  5 };\n  6 \n  7 const getUserById = async (userId) => {\n→ 8   return prisma.user.findUnique({\n        where: {\n          id: \"2dcd215d-83db-4f19-8864-a1c920e58ca6\"\n        },\n        include: {\n          email: true,\n          ~~~~~\n          name: true,\n          profileImage: true,\n          phoneNumber: true,\n          createdAt: true,\n      ?   accounts?: true,\n      ?   sessions?: true,\n      ?   refreshTokens?: true,\n      ?   passwordResetTokens?: true,\n      ?   creditTransactions?: true,\n      ?   ownedWorkspaces?: true,\n      ?   workspaceMemberships?: true\n        }\n      })\n\nInvalid scalar field `email` for include statement on model User. Available options are marked with ?.\nNote that include statements only accept relation fields.\n    at tr (C:\\Abhishek\\Workspace\\Virtual Instructor\\AthenaVI_backend\\node_modules\\@prisma\\client\\runtime\\client.js:10:1379)\n    at e.throwValidationError (C:\\Abhishek\\Workspace\\Virtual Instructor\\AthenaVI_backend\\node_modules\\@prisma\\client\\runtime\\client.js:10:10132)\n    at Qc (C:\\Abhishek\\Workspace\\Virtual Instructor\\AthenaVI_backend\\node_modules\\@prisma\\client\\runtime\\client.js:10:6550)\n    at Bc (C:\\Abhishek\\Workspace\\Virtual Instructor\\AthenaVI_backend\\node_modules\\@prisma\\client\\runtime\\client.js:10:6337)\n    at jc (C:\\Abhishek\\Workspace\\Virtual Instructor\\AthenaVI_backend\\node_modules\\@prisma\\client\\runtime\\client.js:10:6223)\n    at mt (C:\\Abhishek\\Workspace\\Virtual Instructor\\AthenaVI_backend\\node_modules\\@prisma\\client\\runtime\\client.js:10:5900)\n    at or (C:\\Abhishek\\Workspace\\Virtual Instructor\\AthenaVI_backend\\node_modules\\@prisma\\client\\runtime\\client.js:10:5784)\n    at C:\\Abhishek\\Workspace\\Virtual Instructor\\AthenaVI_backend\\node_modules\\@prisma\\client\\runtime\\client.js:75:6369\n    at Object.runInChildSpan (C:\\Abhishek\\Workspace\\Virtual Instructor\\AthenaVI_backend\\node_modules\\@prisma\\client\\runtime\\client.js:65:2516)\n    at ti.runInChildSpan (C:\\Abhishek\\Workspace\\Virtual Instructor\\AthenaVI_backend\\node_modules\\@prisma\\client\\runtime\\client.js:65:2850)","timestamp":"2026-03-13T05:00:24.339Z"}
{"level":"info","message":"Server running bHYon port 9000","timestamp":"2026-03-13T05:03:46.341Z"}
{"level":"info","message":"Server running bHYon port 9000","timestamp":"2026-03-13T05:03:56.031Z"}
{"level":"error","message":"PrismaClientValidationError: \nInvalid `prisma.user.findUnique()` invocation in\nC:\\Abhishek\\Workspace\\Virtual Instructor\\AthenaVI_backend\\src\\modules\\user\\user.dao.js:8:22\n\n  5 };\n  6 \n  7 const getUserById = async (userId) => {\n→ 8   return prisma.user.findUnique({\n        where: {\n          id: \"2dcd215d-83db-4f19-8864-a1c920e58ca6\"\n        },\n        select: {\n          email: true,\n          name: true,\n          profileImage: true,\n          ~~~~~~~~~~~~\n          phoneNumber: true,\n          createdAt: true,\n      ?   id?: true,\n      ?   password?: true,\n      ?   image?: true,\n      ?   emailVerified?: true,\n      ?   updatedAt?: true,\n      ?   accounts?: true,\n      ?   sessions?: true,\n      ?   refreshTokens?: true,\n      ?   passwordResetTokens?: true,\n      ?   creditTransactions?: true,\n      ?   ownedWorkspaces?: true,\n      ?   workspaceMemberships?: true,\n      ?   _count?: true\n        }\n      })\n\nUnknown field `profileImage` for select statement on model `User`. Available options are marked with ?.\n    at tr (C:\\Abhishek\\Workspace\\Virtual Instructor\\AthenaVI_backend\\node_modules\\@prisma\\client\\runtime\\client.js:10:1379)\n    at qr.handleRequestError (C:\\Abhishek\\Workspace\\Virtual Instructor\\AthenaVI_backend\\node_modules\\@prisma\\client\\runtime\\client.js:65:7815)\n    at qr.handleAndLogRequestError (C:\\Abhishek\\Workspace\\Virtual Instructor\\AthenaVI_backend\\node_modules\\@prisma\\client\\runtime\\client.js:65:7467)\n    at qr.request (C:\\Abhishek\\Workspace\\Virtual Instructor\\AthenaVI_backend\\node_modules\\@prisma\\client\\runtime\\client.js:65:7174)\n    at process.processTicksAndRejections (node:internal/process/task_queues:105:5)\n    at async a (C:\\Abhishek\\Workspace\\Virtual Instructor\\AthenaVI_backend\\node_modules\\@prisma\\client\\runtime\\client.js:75:5816)\n    at async Object.getUserProfile (C:\\Abhishek\\Workspace\\Virtual Instructor\\AthenaVI_backend\\src\\modules\\user\\user.service.js:7:16)\n    at async C:\\Abhishek\\Workspace\\Virtual Instructor\\AthenaVI_backend\\src\\modules\\user\\user.controller.js:31:23","timestamp":"2026-03-13T05:06:54.799Z"}
{"level":"info","message":"Server running bHYon port 9000","timestamp":"2026-03-13T05:08:13.695Z"}
{"level":"error","message":"PrismaClientValidationError: \nInvalid `prisma.user.findUnique()` invocation in\nC:\\Abhishek\\Workspace\\Virtual Instructor\\AthenaVI_backend\\src\\modules\\user\\user.dao.js:8:22\n\n  5 };\n  6 \n  7 const getUserById = async (userId) => {\n→ 8   return prisma.user.findUnique({\n        where: {\n          id: \"2dcd215d-83db-4f19-8864-a1c920e58ca6\"\n        },\n        select: {\n          email: true,\n          name: true,\n          profileImage: true,\n          ~~~~~~~~~~~~\n          phoneNumber: true,\n          createdAt: true,\n      ?   id?: true,\n      ?   password?: true,\n      ?   image?: true,\n      ?   emailVerified?: true,\n      ?   updatedAt?: true,\n      ?   accounts?: true,\n      ?   sessions?: true,\n      ?   refreshTokens?: true,\n      ?   passwordResetTokens?: true,\n      ?   creditTransactions?: true,\n      ?   ownedWorkspaces?: true,\n      ?   workspaceMemberships?: true,\n      ?   _count?: true\n        }\n      })\n\nUnknown field `profileImage` for select statement on model `User`. Available options are marked with ?.\n    at tr (C:\\Abhishek\\Workspace\\Virtual Instructor\\AthenaVI_backend\\node_modules\\@prisma\\client\\runtime\\client.js:10:1379)\n    at qr.handleRequestError (C:\\Abhishek\\Workspace\\Virtual Instructor\\AthenaVI_backend\\node_modules\\@prisma\\client\\runtime\\client.js:65:7815)\n    at qr.handleAndLogRequestError (C:\\Abhishek\\Workspace\\Virtual Instructor\\AthenaVI_backend\\node_modules\\@prisma\\client\\runtime\\client.js:65:7467)\n    at qr.request (C:\\Abhishek\\Workspace\\Virtual Instructor\\AthenaVI_backend\\node_modules\\@prisma\\client\\runtime\\client.js:65:7174)\n    at process.processTicksAndRejections (node:internal/process/task_queues:105:5)\n    at async a (C:\\Abhishek\\Workspace\\Virtual Instructor\\AthenaVI_backend\\node_modules\\@prisma\\client\\runtime\\client.js:75:5816)\n    at async Object.getUserProfile (C:\\Abhishek\\Workspace\\Virtual Instructor\\AthenaVI_backend\\src\\modules\\user\\user.service.js:7:16)\n    at async C:\\Abhishek\\Workspace\\Virtual Instructor\\AthenaVI_backend\\src\\modules\\user\\user.controller.js:31:23","timestamp":"2026-03-13T05:08:32.554Z"}
{"level":"info","message":"Server running bHYon port 9000","timestamp":"2026-03-13T05:09:50.338Z"}
{"level":"info","message":"Server running bHYon port 9000","timestamp":"2026-03-13T05:46:33.685Z"}
{"level":"error","message":"Error: Token expired\n    at C:\\Abhishek\\Workspace\\Virtual Instructor\\AthenaVI_backend\\src\\middlewares\\auth.middlware.js:22:11\n    at C:\\Abhishek\\Workspace\\Virtual Instructor\\AthenaVI_backend\\src\\shared\\utils\\asyncHandler.js:2:19\n    at Layer.handleRequest (C:\\Abhishek\\Workspace\\Virtual Instructor\\AthenaVI_backend\\node_modules\\router\\lib\\layer.js:152:17)\n    at next (C:\\Abhishek\\Workspace\\Virtual Instructor\\AthenaVI_backend\\node_modules\\router\\lib\\route.js:157:13)\n    at Route.dispatch (C:\\Abhishek\\Workspace\\Virtual Instructor\\AthenaVI_backend\\node_modules\\router\\lib\\route.js:117:3)\n    at handle (C:\\Abhishek\\Workspace\\Virtual Instructor\\AthenaVI_backend\\node_modules\\router\\index.js:435:11)\n    at Layer.handleRequest (C:\\Abhishek\\Workspace\\Virtual Instructor\\AthenaVI_backend\\node_modules\\router\\lib\\layer.js:152:17)\n    at C:\\Abhishek\\Workspace\\Virtual Instructor\\AthenaVI_backend\\node_modules\\router\\index.js:295:15\n    at param (C:\\Abhishek\\Workspace\\Virtual Instructor\\AthenaVI_backend\\node_modules\\router\\index.js:600:14)\n    at param (C:\\Abhishek\\Workspace\\Virtual Instructor\\AthenaVI_backend\\node_modules\\router\\index.js:610:14)","timestamp":"2026-03-13T05:46:50.512Z"}
{"level":"error","message":"Error: Validation error\n    at C:\\Abhishek\\Workspace\\Virtual Instructor\\AthenaVI_backend\\src\\middlewares\\validate.middleware.js:22:11\n    at Layer.handleRequest (C:\\Abhishek\\Workspace\\Virtual Instructor\\AthenaVI_backend\\node_modules\\router\\lib\\layer.js:152:17)\n    at next (C:\\Abhishek\\Workspace\\Virtual Instructor\\AthenaVI_backend\\node_modules\\router\\lib\\route.js:157:13)\n    at C:\\Abhishek\\Workspace\\Virtual Instructor\\AthenaVI_backend\\src\\middlewares\\auth.middlware.js:41:3\n    at process.processTicksAndRejections (node:internal/process/task_queues:105:5)","timestamp":"2026-03-13T05:47:22.875Z"}
{"level":"info","message":"Server running bHYon port 9000","timestamp":"2026-03-13T05:47:55.636Z"}
{"level":"info","message":"Server running bHYon port 9000","timestamp":"2026-03-13T05:48:34.301Z"}
{"level":"info","message":"Server running bHYon port 9000","timestamp":"2026-03-13T06:34:28.581Z"}
{"level":"info","message":"Server running bHYon port 9000","timestamp":"2026-03-13T06:34:45.937Z"}
{"level":"info","message":"Server running bHYon port 9000","timestamp":"2026-03-13T06:37:23.642Z"}
{"level":"info","message":"Server running bHYon port 9000","timestamp":"2026-03-13T06:37:28.247Z"}
{"level":"info","message":"Server running bHYon port 9000","timestamp":"2026-03-13T06:37:36.475Z"}
{"level":"info","message":"Server running bHYon port 9000","timestamp":"2026-03-13T06:37:44.338Z"}
{"level":"info","message":"Server running bHYon port 9000","timestamp":"2026-03-13T06:37:45.896Z"}
{"level":"info","message":"Server running bHYon port 9000","timestamp":"2026-03-13T06:38:35.569Z"}
{"level":"info","message":"Server running bHYon port 9000","timestamp":"2026-03-13T06:38:45.707Z"}
{"level":"info","message":"Server running bHYon port 9000","timestamp":"2026-03-13T06:39:07.156Z"}
{"level":"info","message":"Server running bHYon port 9000","timestamp":"2026-03-13T06:39:20.652Z"}
{"level":"info","message":"Server running bHYon port 9000","timestamp":"2026-03-13T06:39:22.884Z"}
{"level":"info","message":"Server running bHYon port 9000","timestamp":"2026-03-13T06:39:25.280Z"}
{"level":"info","message":"Server running bHYon port 9000","timestamp":"2026-03-13T06:39:28.889Z"}
{"level":"info","message":"Server running bHYon port 9000","timestamp":"2026-03-13T06:41:35.492Z"}
{"level":"error","message":"Error: Token expired\n    at C:\\Abhishek\\Workspace\\Virtual Instructor\\AthenaVI_backend\\src\\middlewares\\auth.middlware.js:22:11\n    at C:\\Abhishek\\Workspace\\Virtual Instructor\\AthenaVI_backend\\src\\shared\\utils\\asyncHandler.js:2:19\n    at Layer.handleRequest (C:\\Abhishek\\Workspace\\Virtual Instructor\\AthenaVI_backend\\node_modules\\router\\lib\\layer.js:152:17)\n    at next (C:\\Abhishek\\Workspace\\Virtual Instructor\\AthenaVI_backend\\node_modules\\router\\lib\\route.js:157:13)\n    at Route.dispatch (C:\\Abhishek\\Workspace\\Virtual Instructor\\AthenaVI_backend\\node_modules\\router\\lib\\route.js:117:3)\n    at handle (C:\\Abhishek\\Workspace\\Virtual Instructor\\AthenaVI_backend\\node_modules\\router\\index.js:435:11)\n    at Layer.handleRequest (C:\\Abhishek\\Workspace\\Virtual Instructor\\AthenaVI_backend\\node_modules\\router\\lib\\layer.js:152:17)\n    at C:\\Abhishek\\Workspace\\Virtual Instructor\\AthenaVI_backend\\node_modules\\router\\index.js:295:15\n    at param (C:\\Abhishek\\Workspace\\Virtual Instructor\\AthenaVI_backend\\node_modules\\router\\index.js:600:14)\n    at param (C:\\Abhishek\\Workspace\\Virtual Instructor\\AthenaVI_backend\\node_modules\\router\\index.js:610:14)","timestamp":"2026-03-13T06:43:05.831Z"}
{"level":"error","message":"Error: Unauthorized\n    at C:\\Abhishek\\Workspace\\Virtual Instructor\\AthenaVI_backend\\src\\modules\\auth\\auth.controller.js:253:11\n    at C:\\Abhishek\\Workspace\\Virtual Instructor\\AthenaVI_backend\\src\\shared\\utils\\asyncHandler.js:2:19\n    at Layer.handleRequest (C:\\Abhishek\\Workspace\\Virtual Instructor\\AthenaVI_backend\\node_modules\\router\\lib\\layer.js:152:17)\n    at next (C:\\Abhishek\\Workspace\\Virtual Instructor\\AthenaVI_backend\\node_modules\\router\\lib\\route.js:157:13)\n    at Route.dispatch (C:\\Abhishek\\Workspace\\Virtual Instructor\\AthenaVI_backend\\node_modules\\router\\lib\\route.js:117:3)\n    at handle (C:\\Abhishek\\Workspace\\Virtual Instructor\\AthenaVI_backend\\node_modules\\router\\index.js:435:11)\n    at Layer.handleRequest (C:\\Abhishek\\Workspace\\Virtual Instructor\\AthenaVI_backend\\node_modules\\router\\lib\\layer.js:152:17)\n    at C:\\Abhishek\\Workspace\\Virtual Instructor\\AthenaVI_backend\\node_modules\\router\\index.js:295:15\n    at processParams (C:\\Abhishek\\Workspace\\Virtual Instructor\\AthenaVI_backend\\node_modules\\router\\index.js:582:12)\n    at next (C:\\Abhishek\\Workspace\\Virtual Instructor\\AthenaVI_backend\\node_modules\\router\\index.js:291:5)","timestamp":"2026-03-13T06:43:13.801Z"}
{"level":"error","message":"Error: Unauthorized\n    at C:\\Abhishek\\Workspace\\Virtual Instructor\\AthenaVI_backend\\src\\modules\\auth\\auth.controller.js:253:11\n    at C:\\Abhishek\\Workspace\\Virtual Instructor\\AthenaVI_backend\\src\\shared\\utils\\asyncHandler.js:2:19\n    at Layer.handleRequest (C:\\Abhishek\\Workspace\\Virtual Instructor\\AthenaVI_backend\\node_modules\\router\\lib\\layer.js:152:17)\n    at next (C:\\Abhishek\\Workspace\\Virtual Instructor\\AthenaVI_backend\\node_modules\\router\\lib\\route.js:157:13)\n    at Route.dispatch (C:\\Abhishek\\Workspace\\Virtual Instructor\\AthenaVI_backend\\node_modules\\router\\lib\\route.js:117:3)\n    at handle (C:\\Abhishek\\Workspace\\Virtual Instructor\\AthenaVI_backend\\node_modules\\router\\index.js:435:11)\n    at Layer.handleRequest (C:\\Abhishek\\Workspace\\Virtual Instructor\\AthenaVI_backend\\node_modules\\router\\lib\\layer.js:152:17)\n    at C:\\Abhishek\\Workspace\\Virtual Instructor\\AthenaVI_backend\\node_modules\\router\\index.js:295:15\n    at processParams (C:\\Abhishek\\Workspace\\Virtual Instructor\\AthenaVI_backend\\node_modules\\router\\index.js:582:12)\n    at next (C:\\Abhishek\\Workspace\\Virtual Instructor\\AthenaVI_backend\\node_modules\\router\\index.js:291:5)","timestamp":"2026-03-13T06:43:22.179Z"}
{"level":"error","message":"Error: Unauthorized\n    at C:\\Abhishek\\Workspace\\Virtual Instructor\\AthenaVI_backend\\src\\modules\\auth\\auth.controller.js:253:11\n    at C:\\Abhishek\\Workspace\\Virtual Instructor\\AthenaVI_backend\\src\\shared\\utils\\asyncHandler.js:2:19\n    at Layer.handleRequest (C:\\Abhishek\\Workspace\\Virtual Instructor\\AthenaVI_backend\\node_modules\\router\\lib\\layer.js:152:17)\n    at next (C:\\Abhishek\\Workspace\\Virtual Instructor\\AthenaVI_backend\\node_modules\\router\\lib\\route.js:157:13)\n    at Route.dispatch (C:\\Abhishek\\Workspace\\Virtual Instructor\\AthenaVI_backend\\node_modules\\router\\lib\\route.js:117:3)\n    at handle (C:\\Abhishek\\Workspace\\Virtual Instructor\\AthenaVI_backend\\node_modules\\router\\index.js:435:11)\n    at Layer.handleRequest (C:\\Abhishek\\Workspace\\Virtual Instructor\\AthenaVI_backend\\node_modules\\router\\lib\\layer.js:152:17)\n    at C:\\Abhishek\\Workspace\\Virtual Instructor\\AthenaVI_backend\\node_modules\\router\\index.js:295:15\n    at processParams (C:\\Abhishek\\Workspace\\Virtual Instructor\\AthenaVI_backend\\node_modules\\router\\index.js:582:12)\n    at next (C:\\Abhishek\\Workspace\\Virtual Instructor\\AthenaVI_backend\\node_modules\\router\\index.js:291:5)","timestamp":"2026-03-13T06:43:28.642Z"}
{"level":"info","message":"Server running bHYon port 9000","timestamp":"2026-03-13T06:44:10.088Z"}
{"level":"info","message":"Server running bHYon port 9000","timestamp":"2026-03-13T06:44:11.470Z"}
{"level":"error","message":"Error: Validation error\n    at C:\\Abhishek\\Workspace\\Virtual Instructor\\AthenaVI_backend\\src\\middlewares\\validate.middleware.js:22:11\n    at Layer.handleRequest (C:\\Abhishek\\Workspace\\Virtual Instructor\\AthenaVI_backend\\node_modules\\router\\lib\\layer.js:152:17)\n    at next (C:\\Abhishek\\Workspace\\Virtual Instructor\\AthenaVI_backend\\node_modules\\router\\lib\\route.js:157:13)\n    at C:\\Abhishek\\Workspace\\Virtual Instructor\\AthenaVI_backend\\src\\middlewares\\auth.middlware.js:41:3\n    at process.processTicksAndRejections (node:internal/process/task_queues:105:5)","timestamp":"2026-03-13T06:44:17.361Z"}
{"level":"info","message":"Server running bHYon port 9000","timestamp":"2026-03-13T06:45:18.772Z"}
{"level":"info","message":"Server running bHYon port 9000","timestamp":"2026-03-13T06:45:23.724Z"}
{"level":"info","message":"Server running bHYon port 9000","timestamp":"2026-03-13T06:45:28.518Z"}
{"level":"error","message":"TypeError: Cannot read properties of undefined (reading 'email')\n    at C:\\Abhishek\\Workspace\\Virtual Instructor\\AthenaVI_backend\\src\\modules\\user\\user.service.js:25:13\n    at Array.forEach (<anonymous>)\n    at Object.updateUserProfile (C:\\Abhishek\\Workspace\\Virtual Instructor\\AthenaVI_backend\\src\\modules\\user\\user.service.js:24:17)\n    at C:\\Abhishek\\Workspace\\Virtual Instructor\\AthenaVI_backend\\src\\modules\\user\\user.controller.js:48:44\n    at C:\\Abhishek\\Workspace\\Virtual Instructor\\AthenaVI_backend\\src\\shared\\utils\\asyncHandler.js:2:19\n    at Layer.handleRequest (C:\\Abhishek\\Workspace\\Virtual Instructor\\AthenaVI_backend\\node_modules\\router\\lib\\layer.js:152:17)\n    at next (C:\\Abhishek\\Workspace\\Virtual Instructor\\AthenaVI_backend\\node_modules\\router\\lib\\route.js:157:13)\n    at C:\\Abhishek\\Workspace\\Virtual Instructor\\AthenaVI_backend\\src\\middlewares\\validate.middleware.js:29:3\n    at Layer.handleRequest (C:\\Abhishek\\Workspace\\Virtual Instructor\\AthenaVI_backend\\node_modules\\router\\lib\\layer.js:152:17)\n    at next (C:\\Abhishek\\Workspace\\Virtual Instructor\\AthenaVI_backend\\node_modules\\router\\lib\\route.js:157:13)","timestamp":"2026-03-13T06:45:30.731Z"}
{"level":"error","message":"TypeError: Cannot read properties of undefined (reading 'email')\n    at C:\\Abhishek\\Workspace\\Virtual Instructor\\AthenaVI_backend\\src\\modules\\user\\user.service.js:25:13\n    at Array.forEach (<anonymous>)\n    at Object.updateUserProfile (C:\\Abhishek\\Workspace\\Virtual Instructor\\AthenaVI_backend\\src\\modules\\user\\user.service.js:24:17)\n    at C:\\Abhishek\\Workspace\\Virtual Instructor\\AthenaVI_backend\\src\\modules\\user\\user.controller.js:48:44\n    at C:\\Abhishek\\Workspace\\Virtual Instructor\\AthenaVI_backend\\src\\shared\\utils\\asyncHandler.js:2:19\n    at Layer.handleRequest (C:\\Abhishek\\Workspace\\Virtual Instructor\\AthenaVI_backend\\node_modules\\router\\lib\\layer.js:152:17)\n    at next (C:\\Abhishek\\Workspace\\Virtual Instructor\\AthenaVI_backend\\node_modules\\router\\lib\\route.js:157:13)\n    at C:\\Abhishek\\Workspace\\Virtual Instructor\\AthenaVI_backend\\src\\middlewares\\validate.middleware.js:29:3\n    at Layer.handleRequest (C:\\Abhishek\\Workspace\\Virtual Instructor\\AthenaVI_backend\\node_modules\\router\\lib\\layer.js:152:17)\n    at next (C:\\Abhishek\\Workspace\\Virtual Instructor\\AthenaVI_backend\\node_modules\\router\\lib\\route.js:157:13)","timestamp":"2026-03-13T06:45:45.486Z"}
{"level":"info","message":"Server running bHYon port 9000","timestamp":"2026-03-13T06:46:10.453Z"}
{"level":"error","message":"TypeError: Cannot read properties of undefined (reading 'email')\n    at C:\\Abhishek\\Workspace\\Virtual Instructor\\AthenaVI_backend\\src\\modules\\user\\user.service.js:25:13\n    at Array.forEach (<anonymous>)\n    at Object.updateUserProfile (C:\\Abhishek\\Workspace\\Virtual Instructor\\AthenaVI_backend\\src\\modules\\user\\user.service.js:24:17)\n    at C:\\Abhishek\\Workspace\\Virtual Instructor\\AthenaVI_backend\\src\\modules\\user\\user.controller.js:48:44\n    at C:\\Abhishek\\Workspace\\Virtual Instructor\\AthenaVI_backend\\src\\shared\\utils\\asyncHandler.js:2:19\n    at Layer.handleRequest (C:\\Abhishek\\Workspace\\Virtual Instructor\\AthenaVI_backend\\node_modules\\router\\lib\\layer.js:152:17)\n    at next (C:\\Abhishek\\Workspace\\Virtual Instructor\\AthenaVI_backend\\node_modules\\router\\lib\\route.js:157:13)\n    at C:\\Abhishek\\Workspace\\Virtual Instructor\\AthenaVI_backend\\src\\middlewares\\validate.middleware.js:29:3\n    at Layer.handleRequest (C:\\Abhishek\\Workspace\\Virtual Instructor\\AthenaVI_backend\\node_modules\\router\\lib\\layer.js:152:17)\n    at next (C:\\Abhishek\\Workspace\\Virtual Instructor\\AthenaVI_backend\\node_modules\\router\\lib\\route.js:157:13)","timestamp":"2026-03-13T06:46:33.185Z"}
{"level":"info","message":"Server running bHYon port 9000","timestamp":"2026-03-13T06:48:01.987Z"}
{"level":"info","message":"Server running bHYon port 9000","timestamp":"2026-03-13T06:48:31.978Z"}
{"level":"info","message":"Server running bHYon port 9000","timestamp":"2026-03-13T06:48:42.025Z"}
{"level":"info","message":"Server running bHYon port 9000","timestamp":"2026-03-13T06:49:15.938Z"}
{"level":"info","message":"Server running bHYon port 9000","timestamp":"2026-03-13T06:49:23.292Z"}
{"level":"info","message":"Server running bHYon port 9000","timestamp":"2026-03-13T06:49:34.841Z"}
{"level":"error","message":"Error: Token expired\n    at C:\\Abhishek\\Workspace\\Virtual Instructor\\AthenaVI_backend\\src\\middlewares\\auth.middlware.js:22:11\n    at C:\\Abhishek\\Workspace\\Virtual Instructor\\AthenaVI_backend\\src\\shared\\utils\\asyncHandler.js:2:19\n    at Layer.handleRequest (C:\\Abhishek\\Workspace\\Virtual Instructor\\AthenaVI_backend\\node_modules\\router\\lib\\layer.js:152:17)\n    at next (C:\\Abhishek\\Workspace\\Virtual Instructor\\AthenaVI_backend\\node_modules\\router\\lib\\route.js:157:13)\n    at Route.dispatch (C:\\Abhishek\\Workspace\\Virtual Instructor\\AthenaVI_backend\\node_modules\\router\\lib\\route.js:117:3)\n    at handle (C:\\Abhishek\\Workspace\\Virtual Instructor\\AthenaVI_backend\\node_modules\\router\\index.js:435:11)\n    at Layer.handleRequest (C:\\Abhishek\\Workspace\\Virtual Instructor\\AthenaVI_backend\\node_modules\\router\\lib\\layer.js:152:17)\n    at C:\\Abhishek\\Workspace\\Virtual Instructor\\AthenaVI_backend\\node_modules\\router\\index.js:295:15\n    at processParams (C:\\Abhishek\\Workspace\\Virtual Instructor\\AthenaVI_backend\\node_modules\\router\\index.js:582:12)\n    at next (C:\\Abhishek\\Workspace\\Virtual Instructor\\AthenaVI_backend\\node_modules\\router\\index.js:291:5)","timestamp":"2026-03-13T06:49:43.481Z"}
{"level":"error","message":"TypeError: Cannot read properties of undefined (reading 'email')\n    at C:\\Abhishek\\Workspace\\Virtual Instructor\\AthenaVI_backend\\src\\modules\\user\\user.service.js:25:13\n    at Array.forEach (<anonymous>)\n    at Object.updateUserProfile (C:\\Abhishek\\Workspace\\Virtual Instructor\\AthenaVI_backend\\src\\modules\\user\\user.service.js:24:17)\n    at C:\\Abhishek\\Workspace\\Virtual Instructor\\AthenaVI_backend\\src\\modules\\user\\user.controller.js:48:44\n    at C:\\Abhishek\\Workspace\\Virtual Instructor\\AthenaVI_backend\\src\\shared\\utils\\asyncHandler.js:2:19\n    at Layer.handleRequest (C:\\Abhishek\\Workspace\\Virtual Instructor\\AthenaVI_backend\\node_modules\\router\\lib\\layer.js:152:17)\n    at next (C:\\Abhishek\\Workspace\\Virtual Instructor\\AthenaVI_backend\\node_modules\\router\\lib\\route.js:157:13)\n    at C:\\Abhishek\\Workspace\\Virtual Instructor\\AthenaVI_backend\\src\\middlewares\\validate.middleware.js:29:3\n    at Layer.handleRequest (C:\\Abhishek\\Workspace\\Virtual Instructor\\AthenaVI_backend\\node_modules\\router\\lib\\layer.js:152:17)\n    at next (C:\\Abhishek\\Workspace\\Virtual Instructor\\AthenaVI_backend\\node_modules\\router\\lib\\route.js:157:13)","timestamp":"2026-03-13T06:50:11.948Z"}
{"level":"error","message":"TypeError: Cannot read properties of undefined (reading 'email')\n    at C:\\Abhishek\\Workspace\\Virtual Instructor\\AthenaVI_backend\\src\\modules\\user\\user.service.js:25:13\n    at Array.forEach (<anonymous>)\n    at Object.updateUserProfile (C:\\Abhishek\\Workspace\\Virtual Instructor\\AthenaVI_backend\\src\\modules\\user\\user.service.js:24:17)\n    at C:\\Abhishek\\Workspace\\Virtual Instructor\\AthenaVI_backend\\src\\modules\\user\\user.controller.js:48:44\n    at C:\\Abhishek\\Workspace\\Virtual Instructor\\AthenaVI_backend\\src\\shared\\utils\\asyncHandler.js:2:19\n    at Layer.handleRequest (C:\\Abhishek\\Workspace\\Virtual Instructor\\AthenaVI_backend\\node_modules\\router\\lib\\layer.js:152:17)\n    at next (C:\\Abhishek\\Workspace\\Virtual Instructor\\AthenaVI_backend\\node_modules\\router\\lib\\route.js:157:13)\n    at C:\\Abhishek\\Workspace\\Virtual Instructor\\AthenaVI_backend\\src\\middlewares\\validate.middleware.js:29:3\n    at Layer.handleRequest (C:\\Abhishek\\Workspace\\Virtual Instructor\\AthenaVI_backend\\node_modules\\router\\lib\\layer.js:152:17)\n    at next (C:\\Abhishek\\Workspace\\Virtual Instructor\\AthenaVI_backend\\node_modules\\router\\lib\\route.js:157:13)","timestamp":"2026-03-13T06:50:16.246Z"}
{"level":"info","message":"Server running bHYon port 9000","timestamp":"2026-03-13T06:50:39.256Z"}
{"level":"error","message":"TypeError: Cannot read properties of undefined (reading 'email')\n    at C:\\Abhishek\\Workspace\\Virtual Instructor\\AthenaVI_backend\\src\\modules\\user\\user.service.js:25:13\n    at Array.forEach (<anonymous>)\n    at Object.updateUserProfile (C:\\Abhishek\\Workspace\\Virtual Instructor\\AthenaVI_backend\\src\\modules\\user\\user.service.js:24:17)\n    at C:\\Abhishek\\Workspace\\Virtual Instructor\\AthenaVI_backend\\src\\modules\\user\\user.controller.js:48:44\n    at C:\\Abhishek\\Workspace\\Virtual Instructor\\AthenaVI_backend\\src\\shared\\utils\\asyncHandler.js:2:19\n    at Layer.handleRequest (C:\\Abhishek\\Workspace\\Virtual Instructor\\AthenaVI_backend\\node_modules\\router\\lib\\layer.js:152:17)\n    at next (C:\\Abhishek\\Workspace\\Virtual Instructor\\AthenaVI_backend\\node_modules\\router\\lib\\route.js:157:13)\n    at C:\\Abhishek\\Workspace\\Virtual Instructor\\AthenaVI_backend\\src\\middlewares\\validate.middleware.js:29:3\n    at Layer.handleRequest (C:\\Abhishek\\Workspace\\Virtual Instructor\\AthenaVI_backend\\node_modules\\router\\lib\\layer.js:152:17)\n    at next (C:\\Abhishek\\Workspace\\Virtual Instructor\\AthenaVI_backend\\node_modules\\router\\lib\\route.js:157:13)","timestamp":"2026-03-13T06:50:40.730Z"}
{"level":"info","message":"Server running bHYon port 9000","timestamp":"2026-03-13T06:50:53.514Z"}
{"level":"info","message":"Server running bHYon port 9000","timestamp":"2026-03-13T06:51:47.779Z"}
{"level":"info","message":"Server running bHYon port 9000","timestamp":"2026-03-13T06:52:01.782Z"}
{"level":"info","message":"Server running bHYon port 9000","timestamp":"2026-03-13T06:52:03.437Z"}
{"level":"info","message":"Server running bHYon port 9000","timestamp":"2026-03-13T06:52:06.684Z"}
{"level":"error","message":"Error: Validation error\n    at C:\\Abhishek\\Workspace\\Virtual Instructor\\AthenaVI_backend\\src\\middlewares\\validate.middleware.js:22:11\n    at Layer.handleRequest (C:\\Abhishek\\Workspace\\Virtual Instructor\\AthenaVI_backend\\node_modules\\router\\lib\\layer.js:152:17)\n    at next (C:\\Abhishek\\Workspace\\Virtual Instructor\\AthenaVI_backend\\node_modules\\router\\lib\\route.js:157:13)\n    at C:\\Abhishek\\Workspace\\Virtual Instructor\\AthenaVI_backend\\src\\middlewares\\auth.middlware.js:41:3\n    at process.processTicksAndRejections (node:internal/process/task_queues:105:5)","timestamp":"2026-03-13T06:52:17.715Z"}
{"level":"info","message":"Server running bHYon port 9000","timestamp":"2026-03-13T06:52:42.588Z"}
{"level":"info","message":"Server running bHYon port 9000","timestamp":"2026-03-13T06:53:18.070Z"}
{"level":"info","message":"Server running bHYon port 9000","timestamp":"2026-03-13T06:54:24.989Z"}
{"level":"error","message":"TypeError: Cannot read properties of undefined (reading 'email')\n    at C:\\Abhishek\\Workspace\\Virtual Instructor\\AthenaVI_backend\\src\\modules\\user\\user.service.js:25:13\n    at Array.forEach (<anonymous>)\n    at Object.updateUserProfile (C:\\Abhishek\\Workspace\\Virtual Instructor\\AthenaVI_backend\\src\\modules\\user\\user.service.js:24:17)\n    at C:\\Abhishek\\Workspace\\Virtual Instructor\\AthenaVI_backend\\src\\modules\\user\\user.controller.js:48:44\n    at C:\\Abhishek\\Workspace\\Virtual Instructor\\AthenaVI_backend\\src\\shared\\utils\\asyncHandler.js:2:19\n    at Layer.handleRequest (C:\\Abhishek\\Workspace\\Virtual Instructor\\AthenaVI_backend\\node_modules\\router\\lib\\layer.js:152:17)\n    at next (C:\\Abhishek\\Workspace\\Virtual Instructor\\AthenaVI_backend\\node_modules\\router\\lib\\route.js:157:13)\n    at C:\\Abhishek\\Workspace\\Virtual Instructor\\AthenaVI_backend\\src\\middlewares\\validate.middleware.js:29:3\n    at Layer.handleRequest (C:\\Abhishek\\Workspace\\Virtual Instructor\\AthenaVI_backend\\node_modules\\router\\lib\\layer.js:152:17)\n    at next (C:\\Abhishek\\Workspace\\Virtual Instructor\\AthenaVI_backend\\node_modules\\router\\lib\\route.js:157:13)","timestamp":"2026-03-13T06:54:29.562Z"}
{"level":"info","message":"Server running bHYon port 9000","timestamp":"2026-03-13T06:55:23.749Z"}
{"level":"error","message":"TypeError: Cannot read properties of undefined (reading 'email')\n    at C:\\Abhishek\\Workspace\\Virtual Instructor\\AthenaVI_backend\\src\\modules\\user\\user.service.js:25:13\n    at Array.forEach (<anonymous>)\n    at Object.updateUserProfile (C:\\Abhishek\\Workspace\\Virtual Instructor\\AthenaVI_backend\\src\\modules\\user\\user.service.js:24:17)\n    at C:\\Abhishek\\Workspace\\Virtual Instructor\\AthenaVI_backend\\src\\modules\\user\\user.controller.js:48:44\n    at C:\\Abhishek\\Workspace\\Virtual Instructor\\AthenaVI_backend\\src\\shared\\utils\\asyncHandler.js:2:19\n    at Layer.handleRequest (C:\\Abhishek\\Workspace\\Virtual Instructor\\AthenaVI_backend\\node_modules\\router\\lib\\layer.js:152:17)\n    at next (C:\\Abhishek\\Workspace\\Virtual Instructor\\AthenaVI_backend\\node_modules\\router\\lib\\route.js:157:13)\n    at C:\\Abhishek\\Workspace\\Virtual Instructor\\AthenaVI_backend\\src\\middlewares\\validate.middleware.js:29:3\n    at Layer.handleRequest (C:\\Abhishek\\Workspace\\Virtual Instructor\\AthenaVI_backend\\node_modules\\router\\lib\\layer.js:152:17)\n    at next (C:\\Abhishek\\Workspace\\Virtual Instructor\\AthenaVI_backend\\node_modules\\router\\lib\\route.js:157:13)","timestamp":"2026-03-13T06:55:29.477Z"}
{"level":"info","message":"Server running bHYon port 9000","timestamp":"2026-03-13T06:57:27.332Z"}
{"level":"info","message":"Server running bHYon port 9000","timestamp":"2026-03-13T06:58:21.111Z"}
{"level":"info","message":"Server running bHYon port 9000","timestamp":"2026-03-13T06:58:26.293Z"}
{"level":"info","message":"Server running bHYon port 9000","timestamp":"2026-03-13T06:58:33.409Z"}
{"level":"error","message":"TypeError: Cannot read properties of undefined (reading 'email')\n    at C:\\Abhishek\\Workspace\\Virtual Instructor\\AthenaVI_backend\\src\\modules\\user\\user.service.js:25:13\n    at Array.forEach (<anonymous>)\n    at Object.updateUserProfile (C:\\Abhishek\\Workspace\\Virtual Instructor\\AthenaVI_backend\\src\\modules\\user\\user.service.js:24:17)\n    at C:\\Abhishek\\Workspace\\Virtual Instructor\\AthenaVI_backend\\src\\modules\\user\\user.controller.js:48:44\n    at C:\\Abhishek\\Workspace\\Virtual Instructor\\AthenaVI_backend\\src\\shared\\utils\\asyncHandler.js:2:19\n    at Layer.handleRequest (C:\\Abhishek\\Workspace\\Virtual Instructor\\AthenaVI_backend\\node_modules\\router\\lib\\layer.js:152:17)\n    at next (C:\\Abhishek\\Workspace\\Virtual Instructor\\AthenaVI_backend\\node_modules\\router\\lib\\route.js:157:13)\n    at C:\\Abhishek\\Workspace\\Virtual Instructor\\AthenaVI_backend\\src\\middlewares\\validate.middleware.js:31:3\n    at Layer.handleRequest (C:\\Abhishek\\Workspace\\Virtual Instructor\\AthenaVI_backend\\node_modules\\router\\lib\\layer.js:152:17)\n    at next (C:\\Abhishek\\Workspace\\Virtual Instructor\\AthenaVI_backend\\node_modules\\router\\lib\\route.js:157:13)","timestamp":"2026-03-13T06:58:36.927Z"}
{"level":"info","message":"Server running bHYon port 9000","timestamp":"2026-03-13T06:59:00.492Z"}
{"level":"info","message":"Server running bHYon port 9000","timestamp":"2026-03-13T06:59:20.409Z"}
{"level":"error","message":"TypeError: Cannot read properties of undefined (reading 'email')\n    at C:\\Abhishek\\Workspace\\Virtual Instructor\\AthenaVI_backend\\src\\modules\\user\\user.service.js:25:13\n    at Array.forEach (<anonymous>)\n    at Object.updateUserProfile (C:\\Abhishek\\Workspace\\Virtual Instructor\\AthenaVI_backend\\src\\modules\\user\\user.service.js:24:17)\n    at C:\\Abhishek\\Workspace\\Virtual Instructor\\AthenaVI_backend\\src\\modules\\user\\user.controller.js:48:44\n    at C:\\Abhishek\\Workspace\\Virtual Instructor\\AthenaVI_backend\\src\\shared\\utils\\asyncHandler.js:2:19\n    at Layer.handleRequest (C:\\Abhishek\\Workspace\\Virtual Instructor\\AthenaVI_backend\\node_modules\\router\\lib\\layer.js:152:17)\n    at next (C:\\Abhishek\\Workspace\\Virtual Instructor\\AthenaVI_backend\\node_modules\\router\\lib\\route.js:157:13)\n    at C:\\Abhishek\\Workspace\\Virtual Instructor\\AthenaVI_backend\\src\\middlewares\\validate.middleware.js:31:3\n    at Layer.handleRequest (C:\\Abhishek\\Workspace\\Virtual Instructor\\AthenaVI_backend\\node_modules\\router\\lib\\layer.js:152:17)\n    at next (C:\\Abhishek\\Workspace\\Virtual Instructor\\AthenaVI_backend\\node_modules\\router\\lib\\route.js:157:13)","timestamp":"2026-03-13T06:59:27.303Z"}
{"level":"info","message":"Server running bHYon port 9000","timestamp":"2026-03-13T07:00:00.807Z"}
{"level":"info","message":"Server running bHYon port 9000","timestamp":"2026-03-13T07:00:10.184Z"}
{"level":"error","message":"TypeError: Cannot read properties of undefined (reading 'email')\n    at C:\\Abhishek\\Workspace\\Virtual Instructor\\AthenaVI_backend\\src\\modules\\user\\user.service.js:25:13\n    at Array.forEach (<anonymous>)\n    at Object.updateUserProfile (C:\\Abhishek\\Workspace\\Virtual Instructor\\AthenaVI_backend\\src\\modules\\user\\user.service.js:24:17)\n    at C:\\Abhishek\\Workspace\\Virtual Instructor\\AthenaVI_backend\\src\\modules\\user\\user.controller.js:48:44\n    at C:\\Abhishek\\Workspace\\Virtual Instructor\\AthenaVI_backend\\src\\shared\\utils\\asyncHandler.js:2:19\n    at Layer.handleRequest (C:\\Abhishek\\Workspace\\Virtual Instructor\\AthenaVI_backend\\node_modules\\router\\lib\\layer.js:152:17)\n    at next (C:\\Abhishek\\Workspace\\Virtual Instructor\\AthenaVI_backend\\node_modules\\router\\lib\\route.js:157:13)\n    at C:\\Abhishek\\Workspace\\Virtual Instructor\\AthenaVI_backend\\src\\middlewares\\validate.middleware.js:31:3\n    at Layer.handleRequest (C:\\Abhishek\\Workspace\\Virtual Instructor\\AthenaVI_backend\\node_modules\\router\\lib\\layer.js:152:17)\n    at next (C:\\Abhishek\\Workspace\\Virtual Instructor\\AthenaVI_backend\\node_modules\\router\\lib\\route.js:157:13)","timestamp":"2026-03-13T07:00:48.538Z"}
{"level":"info","message":"Server running bHYon port 9000","timestamp":"2026-03-13T07:01:08.236Z"}
{"level":"info","message":"Server running bHYon port 9000","timestamp":"2026-03-13T07:01:09.578Z"}
{"level":"info","message":"Server running bHYon port 9000","timestamp":"2026-03-13T07:01:14.443Z"}
{"level":"error","message":"TypeError: Cannot read properties of undefined (reading 'email')\n    at C:\\Abhishek\\Workspace\\Virtual Instructor\\AthenaVI_backend\\src\\modules\\user\\user.service.js:25:13\n    at Array.forEach (<anonymous>)\n    at Object.updateUserProfile (C:\\Abhishek\\Workspace\\Virtual Instructor\\AthenaVI_backend\\src\\modules\\user\\user.service.js:24:17)\n    at C:\\Abhishek\\Workspace\\Virtual Instructor\\AthenaVI_backend\\src\\modules\\user\\user.controller.js:50:44\n    at C:\\Abhishek\\Workspace\\Virtual Instructor\\AthenaVI_backend\\src\\shared\\utils\\asyncHandler.js:2:19\n    at Layer.handleRequest (C:\\Abhishek\\Workspace\\Virtual Instructor\\AthenaVI_backend\\node_modules\\router\\lib\\layer.js:152:17)\n    at next (C:\\Abhishek\\Workspace\\Virtual Instructor\\AthenaVI_backend\\node_modules\\router\\lib\\route.js:157:13)\n    at C:\\Abhishek\\Workspace\\Virtual Instructor\\AthenaVI_backend\\src\\middlewares\\validate.middleware.js:31:3\n    at Layer.handleRequest (C:\\Abhishek\\Workspace\\Virtual Instructor\\AthenaVI_backend\\node_modules\\router\\lib\\layer.js:152:17)\n    at next (C:\\Abhishek\\Workspace\\Virtual Instructor\\AthenaVI_backend\\node_modules\\router\\lib\\route.js:157:13)","timestamp":"2026-03-13T07:01:17.117Z"}
{"level":"info","message":"Server running bHYon port 9000","timestamp":"2026-03-13T07:01:41.594Z"}
{"level":"info","message":"Server running bHYon port 9000","timestamp":"2026-03-13T07:04:14.512Z"}
{"level":"error","message":"Error: Validation error\n    at C:\\Abhishek\\Workspace\\Virtual Instructor\\AthenaVI_backend\\src\\middlewares\\validate.middleware.js:22:11\n    at Layer.handleRequest (C:\\Abhishek\\Workspace\\Virtual Instructor\\AthenaVI_backend\\node_modules\\router\\lib\\layer.js:152:17)\n    at next (C:\\Abhishek\\Workspace\\Virtual Instructor\\AthenaVI_backend\\node_modules\\router\\lib\\route.js:157:13)\n    at C:\\Abhishek\\Workspace\\Virtual Instructor\\AthenaVI_backend\\src\\middlewares\\auth.middlware.js:41:3\n    at process.processTicksAndRejections (node:internal/process/task_queues:105:5)","timestamp":"2026-03-13T07:04:16.826Z"}
{"level":"error","message":"Error: Validation error\n    at C:\\Abhishek\\Workspace\\Virtual Instructor\\AthenaVI_backend\\src\\middlewares\\validate.middleware.js:22:11\n    at Layer.handleRequest (C:\\Abhishek\\Workspace\\Virtual Instructor\\AthenaVI_backend\\node_modules\\router\\lib\\layer.js:152:17)\n    at next (C:\\Abhishek\\Workspace\\Virtual Instructor\\AthenaVI_backend\\node_modules\\router\\lib\\route.js:157:13)\n    at C:\\Abhishek\\Workspace\\Virtual Instructor\\AthenaVI_backend\\src\\middlewares\\auth.middlware.js:41:3\n    at process.processTicksAndRejections (node:internal/process/task_queues:105:5)","timestamp":"2026-03-13T07:04:40.541Z"}
{"level":"error","message":"Error: Token expired\n    at C:\\Abhishek\\Workspace\\Virtual Instructor\\AthenaVI_backend\\src\\middlewares\\auth.middlware.js:22:11\n    at C:\\Abhishek\\Workspace\\Virtual Instructor\\AthenaVI_backend\\src\\shared\\utils\\asyncHandler.js:2:19\n    at Layer.handleRequest (C:\\Abhishek\\Workspace\\Virtual Instructor\\AthenaVI_backend\\node_modules\\router\\lib\\layer.js:152:17)\n    at next (C:\\Abhishek\\Workspace\\Virtual Instructor\\AthenaVI_backend\\node_modules\\router\\lib\\route.js:157:13)\n    at Route.dispatch (C:\\Abhishek\\Workspace\\Virtual Instructor\\AthenaVI_backend\\node_modules\\router\\lib\\route.js:117:3)\n    at handle (C:\\Abhishek\\Workspace\\Virtual Instructor\\AthenaVI_backend\\node_modules\\router\\index.js:435:11)\n    at Layer.handleRequest (C:\\Abhishek\\Workspace\\Virtual Instructor\\AthenaVI_backend\\node_modules\\router\\lib\\layer.js:152:17)\n    at C:\\Abhishek\\Workspace\\Virtual Instructor\\AthenaVI_backend\\node_modules\\router\\index.js:295:15\n    at processParams (C:\\Abhishek\\Workspace\\Virtual Instructor\\AthenaVI_backend\\node_modules\\router\\index.js:582:12)\n    at next (C:\\Abhishek\\Workspace\\Virtual Instructor\\AthenaVI_backend\\node_modules\\router\\index.js:291:5)","timestamp":"2026-03-13T07:04:57.058Z"}
{"level":"error","message":"Error: Token expired\n    at C:\\Abhishek\\Workspace\\Virtual Instructor\\AthenaVI_backend\\src\\middlewares\\auth.middlware.js:22:11\n    at C:\\Abhishek\\Workspace\\Virtual Instructor\\AthenaVI_backend\\src\\shared\\utils\\asyncHandler.js:2:19\n    at Layer.handleRequest (C:\\Abhishek\\Workspace\\Virtual Instructor\\AthenaVI_backend\\node_modules\\router\\lib\\layer.js:152:17)\n    at next (C:\\Abhishek\\Workspace\\Virtual Instructor\\AthenaVI_backend\\node_modules\\router\\lib\\route.js:157:13)\n    at Route.dispatch (C:\\Abhishek\\Workspace\\Virtual Instructor\\AthenaVI_backend\\node_modules\\router\\lib\\route.js:117:3)\n    at handle (C:\\Abhishek\\Workspace\\Virtual Instructor\\AthenaVI_backend\\node_modules\\router\\index.js:435:11)\n    at Layer.handleRequest (C:\\Abhishek\\Workspace\\Virtual Instructor\\AthenaVI_backend\\node_modules\\router\\lib\\layer.js:152:17)\n    at C:\\Abhishek\\Workspace\\Virtual Instructor\\AthenaVI_backend\\node_modules\\router\\index.js:295:15\n    at processParams (C:\\Abhishek\\Workspace\\Virtual Instructor\\AthenaVI_backend\\node_modules\\router\\index.js:582:12)\n    at next (C:\\Abhishek\\Workspace\\Virtual Instructor\\AthenaVI_backend\\node_modules\\router\\index.js:291:5)","timestamp":"2026-03-13T07:05:14.098Z"}
{"level":"info","message":"Server running bHYon port 9000","timestamp":"2026-03-13T07:06:06.562Z"}
{"level":"info","message":"Server running bHYon port 9000","timestamp":"2026-03-13T07:06:15.718Z"}
{"level":"info","message":"Server running bHYon port 9000","timestamp":"2026-03-13T07:06:27.632Z"}
{"level":"info","message":"Server running bHYon port 9000","timestamp":"2026-03-13T07:06:29.269Z"}
{"level":"error","message":"Error: Validation error\n    at C:\\Abhishek\\Workspace\\Virtual Instructor\\AthenaVI_backend\\src\\middlewares\\validate.middleware.js:22:11\n    at Layer.handleRequest (C:\\Abhishek\\Workspace\\Virtual Instructor\\AthenaVI_backend\\node_modules\\router\\lib\\layer.js:152:17)\n    at next (C:\\Abhishek\\Workspace\\Virtual Instructor\\AthenaVI_backend\\node_modules\\router\\lib\\route.js:157:13)\n    at C:\\Abhishek\\Workspace\\Virtual Instructor\\AthenaVI_backend\\src\\middlewares\\auth.middlware.js:41:3\n    at process.processTicksAndRejections (node:internal/process/task_queues:105:5)","timestamp":"2026-03-13T07:06:33.153Z"}
{"level":"error","message":"Error: Validation error\n    at C:\\Abhishek\\Workspace\\Virtual Instructor\\AthenaVI_backend\\src\\middlewares\\validate.middleware.js:22:11\n    at Layer.handleRequest (C:\\Abhishek\\Workspace\\Virtual Instructor\\AthenaVI_backend\\node_modules\\router\\lib\\layer.js:152:17)\n    at next (C:\\Abhishek\\Workspace\\Virtual Instructor\\AthenaVI_backend\\node_modules\\router\\lib\\route.js:157:13)\n    at C:\\Abhishek\\Workspace\\Virtual Instructor\\AthenaVI_backend\\src\\middlewares\\auth.middlware.js:41:3\n    at process.processTicksAndRejections (node:internal/process/task_queues:105:5)","timestamp":"2026-03-13T07:06:53.999Z"}
{"level":"error","message":"PrismaClientValidationError: \nInvalid `prisma.user.update()` invocation in\nC:\\Abhishek\\Workspace\\Virtual Instructor\\AthenaVI_backend\\src\\modules\\user\\user.dao.js:21:22\n\n  18 };\n  19 \n  20 const updateUserById = async (userId, updateData) => {\n→ 21   return prisma.user.update({\n         where: {\n           id: \"2dcd215d-83db-4f19-8864-a1c920e58ca6\"\n         },\n         data: {\n           name: \"Avi\",\n           phoneNumber: \"1234565432\"\n                        ~~~~~~~~~~~~\n         },\n         select: {\n           email: true,\n           name: true,\n           phoneNumber: true,\n           createdAt: true\n         }\n       })\n\nArgument `phoneNumber`: Invalid value provided. Expected Int, NullableIntFieldUpdateOperationsInput or Null, provided String.\n    at tr (C:\\Abhishek\\Workspace\\Virtual Instructor\\AthenaVI_backend\\node_modules\\@prisma\\client\\runtime\\client.js:10:1379)\n    at qr.handleRequestError (C:\\Abhishek\\Workspace\\Virtual Instructor\\AthenaVI_backend\\node_modules\\@prisma\\client\\runtime\\client.js:65:7815)\n    at qr.handleAndLogRequestError (C:\\Abhishek\\Workspace\\Virtual Instructor\\AthenaVI_backend\\node_modules\\@prisma\\client\\runtime\\client.js:65:7467)\n    at qr.request (C:\\Abhishek\\Workspace\\Virtual Instructor\\AthenaVI_backend\\node_modules\\@prisma\\client\\runtime\\client.js:65:7174)\n    at process.processTicksAndRejections (node:internal/process/task_queues:105:5)\n    at async a (C:\\Abhishek\\Workspace\\Virtual Instructor\\AthenaVI_backend\\node_modules\\@prisma\\client\\runtime\\client.js:75:5816)\n    at async Object.updateUserProfile (C:\\Abhishek\\Workspace\\Virtual Instructor\\AthenaVI_backend\\src\\modules\\user\\user.service.js:34:23)\n    at async C:\\Abhishek\\Workspace\\Virtual Instructor\\AthenaVI_backend\\src\\modules\\user\\user.controller.js:50:26","timestamp":"2026-03-13T07:07:04.463Z"}
{"level":"info","message":"Server running bHYon port 9000","timestamp":"2026-03-13T07:08:32.382Z"}
{"level":"error","message":"PrismaClientValidationError: \nInvalid `prisma.user.update()` invocation in\nC:\\Abhishek\\Workspace\\Virtual Instructor\\AthenaVI_backend\\src\\modules\\user\\user.dao.js:21:22\n\n  18 };\n  19 \n  20 const updateUserById = async (userId, updateData) => {\n→ 21   return prisma.user.update({\n         where: {\n           id: \"2dcd215d-83db-4f19-8864-a1c920e58ca6\"\n         },\n         data: {\n           name: \"Avi\",\n           phoneNumber: \"1234565432\"\n                        ~~~~~~~~~~~~\n         },\n         select: {\n           email: true,\n           name: true,\n           phoneNumber: true,\n           createdAt: true\n         }\n       })\n\nArgument `phoneNumber`: Invalid value provided. Expected Int, NullableIntFieldUpdateOperationsInput or Null, provided String.\n    at tr (C:\\Abhishek\\Workspace\\Virtual Instructor\\AthenaVI_backend\\node_modules\\@prisma\\client\\runtime\\client.js:10:1379)\n    at qr.handleRequestError (C:\\Abhishek\\Workspace\\Virtual Instructor\\AthenaVI_backend\\node_modules\\@prisma\\client\\runtime\\client.js:65:7815)\n    at qr.handleAndLogRequestError (C:\\Abhishek\\Workspace\\Virtual Instructor\\AthenaVI_backend\\node_modules\\@prisma\\client\\runtime\\client.js:65:7467)\n    at qr.request (C:\\Abhishek\\Workspace\\Virtual Instructor\\AthenaVI_backend\\node_modules\\@prisma\\client\\runtime\\client.js:65:7174)\n    at process.processTicksAndRejections (node:internal/process/task_queues:105:5)\n    at async a (C:\\Abhishek\\Workspace\\Virtual Instructor\\AthenaVI_backend\\node_modules\\@prisma\\client\\runtime\\client.js:75:5816)\n    at async Object.updateUserProfile (C:\\Abhishek\\Workspace\\Virtual Instructor\\AthenaVI_backend\\src\\modules\\user\\user.service.js:34:23)\n    at async C:\\Abhishek\\Workspace\\Virtual Instructor\\AthenaVI_backend\\src\\modules\\user\\user.controller.js:50:26","timestamp":"2026-03-13T07:08:34.052Z"}
{"level":"error","message":"Error: Validation error\n    at C:\\Abhishek\\Workspace\\Virtual Instructor\\AthenaVI_backend\\src\\middlewares\\validate.middleware.js:22:11\n    at Layer.handleRequest (C:\\Abhishek\\Workspace\\Virtual Instructor\\AthenaVI_backend\\node_modules\\router\\lib\\layer.js:152:17)\n    at next (C:\\Abhishek\\Workspace\\Virtual Instructor\\AthenaVI_backend\\node_modules\\router\\lib\\route.js:157:13)\n    at C:\\Abhishek\\Workspace\\Virtual Instructor\\AthenaVI_backend\\src\\middlewares\\auth.middlware.js:41:3\n    at process.processTicksAndRejections (node:internal/process/task_queues:105:5)","timestamp":"2026-03-13T07:08:55.124Z"}
{"level":"info","message":"Server running bHYon port 9000","timestamp":"2026-03-13T07:09:47.610Z"}
{"level":"error","message":"PrismaClientKnownRequestError: \nInvalid `prisma.user.update()` invocation in\nC:\\Abhishek\\Workspace\\Virtual Instructor\\AthenaVI_backend\\src\\modules\\user\\user.dao.js:21:22\n\n  18 };\n  19 \n  20 const updateUserById = async (userId, updateData) => {\n→ 21   return prisma.user.update(\nExpected a string in column 'phone_number', got number: 1234565432\n    at qr.handleRequestError (C:\\Abhishek\\Workspace\\Virtual Instructor\\AthenaVI_backend\\node_modules\\@prisma\\client\\runtime\\client.js:65:8172)\n    at qr.handleAndLogRequestError (C:\\Abhishek\\Workspace\\Virtual Instructor\\AthenaVI_backend\\node_modules\\@prisma\\client\\runtime\\client.js:65:7467)\n    at qr.request (C:\\Abhishek\\Workspace\\Virtual Instructor\\AthenaVI_backend\\node_modules\\@prisma\\client\\runtime\\client.js:65:7174)\n    at process.processTicksAndRejections (node:internal/process/task_queues:105:5)\n    at async a (C:\\Abhishek\\Workspace\\Virtual Instructor\\AthenaVI_backend\\node_modules\\@prisma\\client\\runtime\\client.js:75:5816)\n    at async Object.updateUserProfile (C:\\Abhishek\\Workspace\\Virtual Instructor\\AthenaVI_backend\\src\\modules\\user\\user.service.js:34:23)\n    at async C:\\Abhishek\\Workspace\\Virtual Instructor\\AthenaVI_backend\\src\\modules\\user\\user.controller.js:50:26","timestamp":"2026-03-13T07:09:50.203Z"}
{"level":"error","message":"PrismaClientKnownRequestError: \nInvalid `prisma.user.update()` invocation in\nC:\\Abhishek\\Workspace\\Virtual Instructor\\AthenaVI_backend\\src\\modules\\user\\user.dao.js:21:22\n\n  18 };\n  19 \n  20 const updateUserById = async (userId, updateData) => {\n→ 21   return prisma.user.update(\nExpected a string in column 'phone_number', got number: 1234565432\n    at qr.handleRequestError (C:\\Abhishek\\Workspace\\Virtual Instructor\\AthenaVI_backend\\node_modules\\@prisma\\client\\runtime\\client.js:65:8172)\n    at qr.handleAndLogRequestError (C:\\Abhishek\\Workspace\\Virtual Instructor\\AthenaVI_backend\\node_modules\\@prisma\\client\\runtime\\client.js:65:7467)\n    at qr.request (C:\\Abhishek\\Workspace\\Virtual Instructor\\AthenaVI_backend\\node_modules\\@prisma\\client\\runtime\\client.js:65:7174)\n    at process.processTicksAndRejections (node:internal/process/task_queues:105:5)\n    at async a (C:\\Abhishek\\Workspace\\Virtual Instructor\\AthenaVI_backend\\node_modules\\@prisma\\client\\runtime\\client.js:75:5816)\n    at async Object.updateUserProfile (C:\\Abhishek\\Workspace\\Virtual Instructor\\AthenaVI_backend\\src\\modules\\user\\user.service.js:34:23)\n    at async C:\\Abhishek\\Workspace\\Virtual Instructor\\AthenaVI_backend\\src\\modules\\user\\user.controller.js:50:26","timestamp":"2026-03-13T07:10:07.682Z"}
{"level":"info","message":"Server running bHYon port 9000","timestamp":"2026-03-13T07:12:28.306Z"}
{"level":"error","message":"PrismaClientKnownRequestError: \nInvalid `prisma.user.update()` invocation in\nC:\\Abhishek\\Workspace\\Virtual Instructor\\AthenaVI_backend\\src\\modules\\user\\user.dao.js:21:22\n\n  18 };\n  19 \n  20 const updateUserById = async (userId, updateData) => {\n→ 21   return prisma.user.update(\nExpected a string in column 'phone_number', got number: 1234565432\n    at qr.handleRequestError (C:\\Abhishek\\Workspace\\Virtual Instructor\\AthenaVI_backend\\node_modules\\@prisma\\client\\runtime\\client.js:65:8172)\n    at qr.handleAndLogRequestError (C:\\Abhishek\\Workspace\\Virtual Instructor\\AthenaVI_backend\\node_modules\\@prisma\\client\\runtime\\client.js:65:7467)\n    at qr.request (C:\\Abhishek\\Workspace\\Virtual Instructor\\AthenaVI_backend\\node_modules\\@prisma\\client\\runtime\\client.js:65:7174)\n    at process.processTicksAndRejections (node:internal/process/task_queues:105:5)\n    at async a (C:\\Abhishek\\Workspace\\Virtual Instructor\\AthenaVI_backend\\node_modules\\@prisma\\client\\runtime\\client.js:75:5816)\n    at async Object.updateUserProfile (C:\\Abhishek\\Workspace\\Virtual Instructor\\AthenaVI_backend\\src\\modules\\user\\user.service.js:34:23)\n    at async C:\\Abhishek\\Workspace\\Virtual Instructor\\AthenaVI_backend\\src\\modules\\user\\user.controller.js:50:26","timestamp":"2026-03-13T07:12:30.503Z"}
{"level":"error","message":"Error: Validation error\n    at C:\\Abhishek\\Workspace\\Virtual Instructor\\AthenaVI_backend\\src\\middlewares\\validate.middleware.js:22:11\n    at Layer.handleRequest (C:\\Abhishek\\Workspace\\Virtual Instructor\\AthenaVI_backend\\node_modules\\router\\lib\\layer.js:152:17)\n    at next (C:\\Abhishek\\Workspace\\Virtual Instructor\\AthenaVI_backend\\node_modules\\router\\lib\\route.js:157:13)\n    at C:\\Abhishek\\Workspace\\Virtual Instructor\\AthenaVI_backend\\src\\middlewares\\auth.middlware.js:41:3\n    at process.processTicksAndRejections (node:internal/process/task_queues:105:5)","timestamp":"2026-03-13T07:13:08.314Z"}
{"level":"error","message":"Error: Validation error\n    at C:\\Abhishek\\Workspace\\Virtual Instructor\\AthenaVI_backend\\src\\middlewares\\validate.middleware.js:22:11\n    at Layer.handleRequest (C:\\Abhishek\\Workspace\\Virtual Instructor\\AthenaVI_backend\\node_modules\\router\\lib\\layer.js:152:17)\n    at next (C:\\Abhishek\\Workspace\\Virtual Instructor\\AthenaVI_backend\\node_modules\\router\\lib\\route.js:157:13)\n    at C:\\Abhishek\\Workspace\\Virtual Instructor\\AthenaVI_backend\\src\\middlewares\\auth.middlware.js:41:3\n    at process.processTicksAndRejections (node:internal/process/task_queues:105:5)","timestamp":"2026-03-13T07:13:13.747Z"}
{"level":"error","message":"PrismaClientKnownRequestError: \nInvalid `prisma.user.update()` invocation in\nC:\\Abhishek\\Workspace\\Virtual Instructor\\AthenaVI_backend\\src\\modules\\user\\user.dao.js:21:22\n\n  18 };\n  19 \n  20 const updateUserById = async (userId, updateData) => {\n→ 21   return prisma.user.update(\nExpected a string in column 'phone_number', got number: 1234567654\n    at qr.handleRequestError (C:\\Abhishek\\Workspace\\Virtual Instructor\\AthenaVI_backend\\node_modules\\@prisma\\client\\runtime\\client.js:65:8172)\n    at qr.handleAndLogRequestError (C:\\Abhishek\\Workspace\\Virtual Instructor\\AthenaVI_backend\\node_modules\\@prisma\\client\\runtime\\client.js:65:7467)\n    at qr.request (C:\\Abhishek\\Workspace\\Virtual Instructor\\AthenaVI_backend\\node_modules\\@prisma\\client\\runtime\\client.js:65:7174)\n    at process.processTicksAndRejections (node:internal/process/task_queues:105:5)\n    at async a (C:\\Abhishek\\Workspace\\Virtual Instructor\\AthenaVI_backend\\node_modules\\@prisma\\client\\runtime\\client.js:75:5816)\n    at async Object.updateUserProfile (C:\\Abhishek\\Workspace\\Virtual Instructor\\AthenaVI_backend\\src\\modules\\user\\user.service.js:34:23)\n    at async C:\\Abhishek\\Workspace\\Virtual Instructor\\AthenaVI_backend\\src\\modules\\user\\user.controller.js:50:26","timestamp":"2026-03-13T07:13:22.918Z"}
{"level":"info","message":"Server running bHYon port 9000","timestamp":"2026-03-13T07:16:52.538Z"}
{"level":"info","message":"Server running bHYon port 9000","timestamp":"2026-03-13T07:16:55.293Z"}
{"level":"error","message":"PrismaClientKnownRequestError: \nInvalid `prisma.user.update()` invocation in\nC:\\Abhishek\\Workspace\\Virtual Instructor\\AthenaVI_backend\\src\\modules\\user\\user.dao.js:21:22\n\n  18 };\n  19 \n  20 const updateUserById = async (userId, updateData) => {\n→ 21   return prisma.user.update(\nExpected a string in column 'phone_number', got number: 1234567654\n    at qr.handleRequestError (C:\\Abhishek\\Workspace\\Virtual Instructor\\AthenaVI_backend\\node_modules\\@prisma\\client\\runtime\\client.js:65:8172)\n    at qr.handleAndLogRequestError (C:\\Abhishek\\Workspace\\Virtual Instructor\\AthenaVI_backend\\node_modules\\@prisma\\client\\runtime\\client.js:65:7467)\n    at qr.request (C:\\Abhishek\\Workspace\\Virtual Instructor\\AthenaVI_backend\\node_modules\\@prisma\\client\\runtime\\client.js:65:7174)\n    at process.processTicksAndRejections (node:internal/process/task_queues:105:5)\n    at async a (C:\\Abhishek\\Workspace\\Virtual Instructor\\AthenaVI_backend\\node_modules\\@prisma\\client\\runtime\\client.js:75:5816)\n    at async Object.updateUserProfile (C:\\Abhishek\\Workspace\\Virtual Instructor\\AthenaVI_backend\\src\\modules\\user\\user.service.js:34:23)\n    at async C:\\Abhishek\\Workspace\\Virtual Instructor\\AthenaVI_backend\\src\\modules\\user\\user.controller.js:50:26","timestamp":"2026-03-13T07:17:02.249Z"}
{"level":"info","message":"Server running bHYon port 9000","timestamp":"2026-03-13T07:17:57.335Z"}
{"level":"error","message":"PrismaClientKnownRequestError: \nInvalid `prisma.user.update()` invocation in\nC:\\Abhishek\\Workspace\\Virtual Instructor\\AthenaVI_backend\\src\\modules\\user\\user.dao.js:21:22\n\n  18 };\n  19 \n  20 const updateUserById = async (userId, updateData) => {\n→ 21   return prisma.user.update(\nExpected a string in column 'phone_number', got number: 1234567654\n    at qr.handleRequestError (C:\\Abhishek\\Workspace\\Virtual Instructor\\AthenaVI_backend\\node_modules\\@prisma\\client\\runtime\\client.js:65:8172)\n    at qr.handleAndLogRequestError (C:\\Abhishek\\Workspace\\Virtual Instructor\\AthenaVI_backend\\node_modules\\@prisma\\client\\runtime\\client.js:65:7467)\n    at qr.request (C:\\Abhishek\\Workspace\\Virtual Instructor\\AthenaVI_backend\\node_modules\\@prisma\\client\\runtime\\client.js:65:7174)\n    at process.processTicksAndRejections (node:internal/process/task_queues:105:5)\n    at async a (C:\\Abhishek\\Workspace\\Virtual Instructor\\AthenaVI_backend\\node_modules\\@prisma\\client\\runtime\\client.js:75:5816)\n    at async Object.updateUserProfile (C:\\Abhishek\\Workspace\\Virtual Instructor\\AthenaVI_backend\\src\\modules\\user\\user.service.js:34:23)\n    at async C:\\Abhishek\\Workspace\\Virtual Instructor\\AthenaVI_backend\\src\\modules\\user\\user.controller.js:50:26","timestamp":"2026-03-13T07:18:00.105Z"}
{"level":"info","message":"Server running bHYon port 9000","timestamp":"2026-03-13T07:18:25.195Z"}
{"level":"info","message":"Server running bHYon port 9000","timestamp":"2026-03-13T07:18:29.792Z"}
{"level":"error","message":"PrismaClientKnownRequestError: \nInvalid `prisma.user.update()` invocation in\nC:\\Abhishek\\Workspace\\Virtual Instructor\\AthenaVI_backend\\src\\modules\\user\\user.dao.js:21:22\n\n  18 };\n  19 \n  20 const updateUserById = async (userId, updateData) => {\n→ 21   return prisma.user.update(\nExpected a string in column 'phone_number', got number: 1234567654\n    at qr.handleRequestError (C:\\Abhishek\\Workspace\\Virtual Instructor\\AthenaVI_backend\\node_modules\\@prisma\\client\\runtime\\client.js:65:8172)\n    at qr.handleAndLogRequestError (C:\\Abhishek\\Workspace\\Virtual Instructor\\AthenaVI_backend\\node_modules\\@prisma\\client\\runtime\\client.js:65:7467)\n    at qr.request (C:\\Abhishek\\Workspace\\Virtual Instructor\\AthenaVI_backend\\node_modules\\@prisma\\client\\runtime\\client.js:65:7174)\n    at process.processTicksAndRejections (node:internal/process/task_queues:105:5)\n    at async a (C:\\Abhishek\\Workspace\\Virtual Instructor\\AthenaVI_backend\\node_modules\\@prisma\\client\\runtime\\client.js:75:5816)\n    at async Object.updateUserProfile (C:\\Abhishek\\Workspace\\Virtual Instructor\\AthenaVI_backend\\src\\modules\\user\\user.service.js:34:23)\n    at async C:\\Abhishek\\Workspace\\Virtual Instructor\\AthenaVI_backend\\src\\modules\\user\\user.controller.js:50:26","timestamp":"2026-03-13T07:18:33.648Z"}
{"level":"info","message":"Server running bHYon port 9000","timestamp":"2026-03-13T07:18:57.423Z"}
{"level":"info","message":"Server running bHYon port 9000","timestamp":"2026-03-13T07:20:46.909Z"}
{"level":"error","message":"Error: Token expired\n    at C:\\Abhishek\\Workspace\\Virtual Instructor\\AthenaVI_backend\\src\\middlewares\\auth.middlware.js:22:11\n    at C:\\Abhishek\\Workspace\\Virtual Instructor\\AthenaVI_backend\\src\\shared\\utils\\asyncHandler.js:2:19\n    at Layer.handleRequest (C:\\Abhishek\\Workspace\\Virtual Instructor\\AthenaVI_backend\\node_modules\\router\\lib\\layer.js:152:17)\n    at next (C:\\Abhishek\\Workspace\\Virtual Instructor\\AthenaVI_backend\\node_modules\\router\\lib\\route.js:157:13)\n    at Route.dispatch (C:\\Abhishek\\Workspace\\Virtual Instructor\\AthenaVI_backend\\node_modules\\router\\lib\\route.js:117:3)\n    at handle (C:\\Abhishek\\Workspace\\Virtual Instructor\\AthenaVI_backend\\node_modules\\router\\index.js:435:11)\n    at Layer.handleRequest (C:\\Abhishek\\Workspace\\Virtual Instructor\\AthenaVI_backend\\node_modules\\router\\lib\\layer.js:152:17)\n    at C:\\Abhishek\\Workspace\\Virtual Instructor\\AthenaVI_backend\\node_modules\\router\\index.js:295:15\n    at processParams (C:\\Abhishek\\Workspace\\Virtual Instructor\\AthenaVI_backend\\node_modules\\router\\index.js:582:12)\n    at next (C:\\Abhishek\\Workspace\\Virtual Instructor\\AthenaVI_backend\\node_modules\\router\\index.js:291:5)","timestamp":"2026-03-13T07:20:49.695Z"}
{"level":"error","message":"Error: Token expired\n    at C:\\Abhishek\\Workspace\\Virtual Instructor\\AthenaVI_backend\\src\\middlewares\\auth.middlware.js:22:11\n    at C:\\Abhishek\\Workspace\\Virtual Instructor\\AthenaVI_backend\\src\\shared\\utils\\asyncHandler.js:2:19\n    at Layer.handleRequest (C:\\Abhishek\\Workspace\\Virtual Instructor\\AthenaVI_backend\\node_modules\\router\\lib\\layer.js:152:17)\n    at next (C:\\Abhishek\\Workspace\\Virtual Instructor\\AthenaVI_backend\\node_modules\\router\\lib\\route.js:157:13)\n    at Route.dispatch (C:\\Abhishek\\Workspace\\Virtual Instructor\\AthenaVI_backend\\node_modules\\router\\lib\\route.js:117:3)\n    at handle (C:\\Abhishek\\Workspace\\Virtual Instructor\\AthenaVI_backend\\node_modules\\router\\index.js:435:11)\n    at Layer.handleRequest (C:\\Abhishek\\Workspace\\Virtual Instructor\\AthenaVI_backend\\node_modules\\router\\lib\\layer.js:152:17)\n    at C:\\Abhishek\\Workspace\\Virtual Instructor\\AthenaVI_backend\\node_modules\\router\\index.js:295:15\n    at processParams (C:\\Abhishek\\Workspace\\Virtual Instructor\\AthenaVI_backend\\node_modules\\router\\index.js:582:12)\n    at next (C:\\Abhishek\\Workspace\\Virtual Instructor\\AthenaVI_backend\\node_modules\\router\\index.js:291:5)","timestamp":"2026-03-13T07:21:07.602Z"}
{"level":"error","message":"ReferenceError: updatedData is not defined\n    at Object.updateUserById (C:\\Abhishek\\Workspace\\Virtual Instructor\\AthenaVI_backend\\src\\modules\\user\\user.dao.js:21:15)\n    at Object.updateUserProfile (C:\\Abhishek\\Workspace\\Virtual Instructor\\AthenaVI_backend\\src\\modules\\user\\user.service.js:34:37)\n    at C:\\Abhishek\\Workspace\\Virtual Instructor\\AthenaVI_backend\\src\\modules\\user\\user.controller.js:50:44\n    at C:\\Abhishek\\Workspace\\Virtual Instructor\\AthenaVI_backend\\src\\shared\\utils\\asyncHandler.js:2:19\n    at Layer.handleRequest (C:\\Abhishek\\Workspace\\Virtual Instructor\\AthenaVI_backend\\node_modules\\router\\lib\\layer.js:152:17)\n    at next (C:\\Abhishek\\Workspace\\Virtual Instructor\\AthenaVI_backend\\node_modules\\router\\lib\\route.js:157:13)\n    at C:\\Abhishek\\Workspace\\Virtual Instructor\\AthenaVI_backend\\src\\middlewares\\validate.middleware.js:29:3\n    at Layer.handleRequest (C:\\Abhishek\\Workspace\\Virtual Instructor\\AthenaVI_backend\\node_modules\\router\\lib\\layer.js:152:17)\n    at next (C:\\Abhishek\\Workspace\\Virtual Instructor\\AthenaVI_backend\\node_modules\\router\\lib\\route.js:157:13)\n    at C:\\Abhishek\\Workspace\\Virtual Instructor\\AthenaVI_backend\\src\\middlewares\\auth.middlware.js:41:3","timestamp":"2026-03-13T07:21:19.612Z"}
{"level":"info","message":"Server running bHYon port 9000","timestamp":"2026-03-13T07:21:52.499Z"}
{"level":"error","message":"PrismaClientKnownRequestError: \nInvalid `prisma.user.update()` invocation in\nC:\\Abhishek\\Workspace\\Virtual Instructor\\AthenaVI_backend\\src\\modules\\user\\user.dao.js:24:22\n\n  21  console.log(\"TYPE:\", typeof updateData.phoneNumber);\n  22 console.log(updateData);\n  23 \n→ 24 return prisma.user.update(\nExpected a string in column 'phone_number', got number: 1234567654\n    at qr.handleRequestError (C:\\Abhishek\\Workspace\\Virtual Instructor\\AthenaVI_backend\\node_modules\\@prisma\\client\\runtime\\client.js:65:8172)\n    at qr.handleAndLogRequestError (C:\\Abhishek\\Workspace\\Virtual Instructor\\AthenaVI_backend\\node_modules\\@prisma\\client\\runtime\\client.js:65:7467)\n    at qr.request (C:\\Abhishek\\Workspace\\Virtual Instructor\\AthenaVI_backend\\node_modules\\@prisma\\client\\runtime\\client.js:65:7174)\n    at process.processTicksAndRejections (node:internal/process/task_queues:105:5)\n    at async a (C:\\Abhishek\\Workspace\\Virtual Instructor\\AthenaVI_backend\\node_modules\\@prisma\\client\\runtime\\client.js:75:5816)\n    at async Object.updateUserProfile (C:\\Abhishek\\Workspace\\Virtual Instructor\\AthenaVI_backend\\src\\modules\\user\\user.service.js:34:23)\n    at async C:\\Abhishek\\Workspace\\Virtual Instructor\\AthenaVI_backend\\src\\modules\\user\\user.controller.js:50:26","timestamp":"2026-03-13T07:21:54.135Z"}
{"level":"info","message":"Server running bHYon port 9000","timestamp":"2026-03-13T07:27:13.891Z"}
{"level":"error","message":"Error: Validation error\n    at C:\\Abhishek\\Workspace\\Virtual Instructor\\AthenaVI_backend\\src\\middlewares\\validate.middleware.js:22:11\n    at Layer.handleRequest (C:\\Abhishek\\Workspace\\Virtual Instructor\\AthenaVI_backend\\node_modules\\router\\lib\\layer.js:152:17)\n    at next (C:\\Abhishek\\Workspace\\Virtual Instructor\\AthenaVI_backend\\node_modules\\router\\lib\\route.js:157:13)\n    at C:\\Abhishek\\Workspace\\Virtual Instructor\\AthenaVI_backend\\src\\middlewares\\auth.middlware.js:41:3\n    at process.processTicksAndRejections (node:internal/process/task_queues:105:5)","timestamp":"2026-03-13T07:28:46.806Z"}
{"level":"error","message":"Error: Validation error\n    at C:\\Abhishek\\Workspace\\Virtual Instructor\\AthenaVI_backend\\src\\middlewares\\validate.middleware.js:22:11\n    at Layer.handleRequest (C:\\Abhishek\\Workspace\\Virtual Instructor\\AthenaVI_backend\\node_modules\\router\\lib\\layer.js:152:17)\n    at next (C:\\Abhishek\\Workspace\\Virtual Instructor\\AthenaVI_backend\\node_modules\\router\\lib\\route.js:157:13)\n    at C:\\Abhishek\\Workspace\\Virtual Instructor\\AthenaVI_backend\\src\\middlewares\\auth.middlware.js:41:3\n    at process.processTicksAndRejections (node:internal/process/task_queues:105:5)","timestamp":"2026-03-13T07:28:50.773Z"}
{"level":"error","message":"Error: Validation error\n    at C:\\Abhishek\\Workspace\\Virtual Instructor\\AthenaVI_backend\\src\\middlewares\\validate.middleware.js:22:11\n    at Layer.handleRequest (C:\\Abhishek\\Workspace\\Virtual Instructor\\AthenaVI_backend\\node_modules\\router\\lib\\layer.js:152:17)\n    at next (C:\\Abhishek\\Workspace\\Virtual Instructor\\AthenaVI_backend\\node_modules\\router\\lib\\route.js:157:13)\n    at C:\\Abhishek\\Workspace\\Virtual Instructor\\AthenaVI_backend\\src\\middlewares\\auth.middlware.js:41:3\n    at process.processTicksAndRejections (node:internal/process/task_queues:105:5)","timestamp":"2026-03-13T07:28:53.082Z"}
{"level":"error","message":"Error: Validation error\n    at C:\\Abhishek\\Workspace\\Virtual Instructor\\AthenaVI_backend\\src\\middlewares\\validate.middleware.js:22:11\n    at Layer.handleRequest (C:\\Abhishek\\Workspace\\Virtual Instructor\\AthenaVI_backend\\node_modules\\router\\lib\\layer.js:152:17)\n    at next (C:\\Abhishek\\Workspace\\Virtual Instructor\\AthenaVI_backend\\node_modules\\router\\lib\\route.js:157:13)\n    at C:\\Abhishek\\Workspace\\Virtual Instructor\\AthenaVI_backend\\src\\middlewares\\auth.middlware.js:41:3\n    at process.processTicksAndRejections (node:internal/process/task_queues:105:5)","timestamp":"2026-03-13T07:29:04.457Z"}
{"level":"info","message":"Server running bHYon port 9000","timestamp":"2026-03-13T07:29:52.834Z"}
{"level":"error","message":"Error: Validation error\n    at C:\\Abhishek\\Workspace\\Virtual Instructor\\AthenaVI_backend\\src\\middlewares\\validate.middleware.js:22:11\n    at Layer.handleRequest (C:\\Abhishek\\Workspace\\Virtual Instructor\\AthenaVI_backend\\node_modules\\router\\lib\\layer.js:152:17)\n    at next (C:\\Abhishek\\Workspace\\Virtual Instructor\\AthenaVI_backend\\node_modules\\router\\lib\\route.js:157:13)\n    at C:\\Abhishek\\Workspace\\Virtual Instructor\\AthenaVI_backend\\src\\middlewares\\auth.middlware.js:41:3\n    at process.processTicksAndRejections (node:internal/process/task_queues:105:5)","timestamp":"2026-03-13T07:29:54.529Z"}
{"level":"error","message":"Error: Validation error\n    at C:\\Abhishek\\Workspace\\Virtual Instructor\\AthenaVI_backend\\src\\middlewares\\validate.middleware.js:22:11\n    at Layer.handleRequest (C:\\Abhishek\\Workspace\\Virtual Instructor\\AthenaVI_backend\\node_modules\\router\\lib\\layer.js:152:17)\n    at next (C:\\Abhishek\\Workspace\\Virtual Instructor\\AthenaVI_backend\\node_modules\\router\\lib\\route.js:157:13)\n    at C:\\Abhishek\\Workspace\\Virtual Instructor\\AthenaVI_backend\\src\\middlewares\\auth.middlware.js:41:3\n    at process.processTicksAndRejections (node:internal/process/task_queues:105:5)","timestamp":"2026-03-13T07:30:01.996Z"}
{"level":"error","message":"Error: Validation error\n    at C:\\Abhishek\\Workspace\\Virtual Instructor\\AthenaVI_backend\\src\\middlewares\\validate.middleware.js:22:11\n    at Layer.handleRequest (C:\\Abhishek\\Workspace\\Virtual Instructor\\AthenaVI_backend\\node_modules\\router\\lib\\layer.js:152:17)\n    at next (C:\\Abhishek\\Workspace\\Virtual Instructor\\AthenaVI_backend\\node_modules\\router\\lib\\route.js:157:13)\n    at C:\\Abhishek\\Workspace\\Virtual Instructor\\AthenaVI_backend\\src\\middlewares\\auth.middlware.js:41:3\n    at process.processTicksAndRejections (node:internal/process/task_queues:105:5)","timestamp":"2026-03-13T07:30:38.848Z"}
{"level":"info","message":"Server running bHYon port 9000","timestamp":"2026-03-13T07:31:22.722Z"}
{"level":"info","message":"Server running bHYon port 9000","timestamp":"2026-03-13T07:32:11.801Z"}
{"level":"info","message":"Server running bHYon port 9000","timestamp":"2026-03-13T07:32:14.528Z"}
{"level":"error","message":"Error: Validation error\n    at C:\\Abhishek\\Workspace\\Virtual Instructor\\AthenaVI_backend\\src\\middlewares\\validate.middleware.js:22:11\n    at Layer.handleRequest (C:\\Abhishek\\Workspace\\Virtual Instructor\\AthenaVI_backend\\node_modules\\router\\lib\\layer.js:152:17)\n    at next (C:\\Abhishek\\Workspace\\Virtual Instructor\\AthenaVI_backend\\node_modules\\router\\lib\\route.js:157:13)\n    at C:\\Abhishek\\Workspace\\Virtual Instructor\\AthenaVI_backend\\src\\middlewares\\auth.middlware.js:41:3\n    at process.processTicksAndRejections (node:internal/process/task_queues:105:5)","timestamp":"2026-03-13T07:32:20.502Z"}
{"level":"info","message":"Server running bHYon port 9000","timestamp":"2026-03-13T07:32:48.658Z"}
{"level":"info","message":"Server running bHYon port 9000","timestamp":"2026-03-13T07:33:33.829Z"}
{"level":"error","message":"Error: Validation error\n    at C:\\Abhishek\\Workspace\\Virtual Instructor\\AthenaVI_backend\\src\\middlewares\\validate.middleware.js:22:11\n    at Layer.handleRequest (C:\\Abhishek\\Workspace\\Virtual Instructor\\AthenaVI_backend\\node_modules\\router\\lib\\layer.js:152:17)\n    at next (C:\\Abhishek\\Workspace\\Virtual Instructor\\AthenaVI_backend\\node_modules\\router\\lib\\route.js:157:13)\n    at C:\\Abhishek\\Workspace\\Virtual Instructor\\AthenaVI_backend\\src\\middlewares\\auth.middlware.js:41:3\n    at process.processTicksAndRejections (node:internal/process/task_queues:105:5)","timestamp":"2026-03-13T07:33:35.353Z"}
{"level":"info","message":"Server running bHYon port 9000","timestamp":"2026-03-13T07:34:13.049Z"}
{"level":"info","message":"Server running bHYon port 9000","timestamp":"2026-03-13T07:34:14.756Z"}
{"level":"info","message":"Server running bHYon port 9000","timestamp":"2026-03-13T07:34:18.628Z"}
{"level":"error","message":"Error: Validation error\n    at C:\\Abhishek\\Workspace\\Virtual Instructor\\AthenaVI_backend\\src\\middlewares\\validate.middleware.js:22:11\n    at Layer.handleRequest (C:\\Abhishek\\Workspace\\Virtual Instructor\\AthenaVI_backend\\node_modules\\router\\lib\\layer.js:152:17)\n    at next (C:\\Abhishek\\Workspace\\Virtual Instructor\\AthenaVI_backend\\node_modules\\router\\lib\\route.js:157:13)\n    at C:\\Abhishek\\Workspace\\Virtual Instructor\\AthenaVI_backend\\src\\middlewares\\auth.middlware.js:41:3\n    at process.processTicksAndRejections (node:internal/process/task_queues:105:5)","timestamp":"2026-03-13T07:34:20.988Z"}
{"level":"info","message":"Server running bHYon port 9000","timestamp":"2026-03-13T07:34:38.888Z"}
{"level":"error","message":"Error: Token expired\n    at C:\\Abhishek\\Workspace\\Virtual Instructor\\AthenaVI_backend\\src\\middlewares\\auth.middlware.js:22:11\n    at C:\\Abhishek\\Workspace\\Virtual Instructor\\AthenaVI_backend\\src\\shared\\utils\\asyncHandler.js:2:19\n    at Layer.handleRequest (C:\\Abhishek\\Workspace\\Virtual Instructor\\AthenaVI_backend\\node_modules\\router\\lib\\layer.js:152:17)\n    at next (C:\\Abhishek\\Workspace\\Virtual Instructor\\AthenaVI_backend\\node_modules\\router\\lib\\route.js:157:13)\n    at Route.dispatch (C:\\Abhishek\\Workspace\\Virtual Instructor\\AthenaVI_backend\\node_modules\\router\\lib\\route.js:117:3)\n    at handle (C:\\Abhishek\\Workspace\\Virtual Instructor\\AthenaVI_backend\\node_modules\\router\\index.js:435:11)\n    at Layer.handleRequest (C:\\Abhishek\\Workspace\\Virtual Instructor\\AthenaVI_backend\\node_modules\\router\\lib\\layer.js:152:17)\n    at C:\\Abhishek\\Workspace\\Virtual Instructor\\AthenaVI_backend\\node_modules\\router\\index.js:295:15\n    at processParams (C:\\Abhishek\\Workspace\\Virtual Instructor\\AthenaVI_backend\\node_modules\\router\\index.js:582:12)\n    at next (C:\\Abhishek\\Workspace\\Virtual Instructor\\AthenaVI_backend\\node_modules\\router\\index.js:291:5)","timestamp":"2026-03-13T08:18:52.801Z"}
{"level":"error","message":"Error: Token expired\n    at C:\\Abhishek\\Workspace\\Virtual Instructor\\AthenaVI_backend\\src\\middlewares\\auth.middlware.js:22:11\n    at C:\\Abhishek\\Workspace\\Virtual Instructor\\AthenaVI_backend\\src\\shared\\utils\\asyncHandler.js:2:19\n    at Layer.handleRequest (C:\\Abhishek\\Workspace\\Virtual Instructor\\AthenaVI_backend\\node_modules\\router\\lib\\layer.js:152:17)\n    at next (C:\\Abhishek\\Workspace\\Virtual Instructor\\AthenaVI_backend\\node_modules\\router\\lib\\route.js:157:13)\n    at Route.dispatch (C:\\Abhishek\\Workspace\\Virtual Instructor\\AthenaVI_backend\\node_modules\\router\\lib\\route.js:117:3)\n    at handle (C:\\Abhishek\\Workspace\\Virtual Instructor\\AthenaVI_backend\\node_modules\\router\\index.js:435:11)\n    at Layer.handleRequest (C:\\Abhishek\\Workspace\\Virtual Instructor\\AthenaVI_backend\\node_modules\\router\\lib\\layer.js:152:17)\n    at C:\\Abhishek\\Workspace\\Virtual Instructor\\AthenaVI_backend\\node_modules\\router\\index.js:295:15\n    at processParams (C:\\Abhishek\\Workspace\\Virtual Instructor\\AthenaVI_backend\\node_modules\\router\\index.js:582:12)\n    at next (C:\\Abhishek\\Workspace\\Virtual Instructor\\AthenaVI_backend\\node_modules\\router\\index.js:291:5)","timestamp":"2026-03-13T08:18:55.938Z"}
{"level":"error","message":"Error: read ECONNRESET\n    at TLSWrap.onStreamRead (node:internal/stream_base_commons:216:20)","timestamp":"2026-03-13T08:19:03.991Z"}
{"level":"info","message":"Server running bHYon port 9000","timestamp":"2026-03-13T08:22:21.469Z"}
{"level":"info","message":"Server running bHYon port 9000","timestamp":"2026-03-13T08:22:34.157Z"}
{"level":"info","message":"Server running bHYon port 9000","timestamp":"2026-03-13T08:44:09.919Z"}
{"level":"error","message":"Error: Token expired\n    at C:\\Abhishek\\Workspace\\Virtual Instructor\\AthenaVI_backend\\src\\middlewares\\auth.middlware.js:22:11\n    at C:\\Abhishek\\Workspace\\Virtual Instructor\\AthenaVI_backend\\src\\shared\\utils\\asyncHandler.js:2:19\n    at Layer.handleRequest (C:\\Abhishek\\Workspace\\Virtual Instructor\\AthenaVI_backend\\node_modules\\router\\lib\\layer.js:152:17)\n    at next (C:\\Abhishek\\Workspace\\Virtual Instructor\\AthenaVI_backend\\node_modules\\router\\lib\\route.js:157:13)\n    at Route.dispatch (C:\\Abhishek\\Workspace\\Virtual Instructor\\AthenaVI_backend\\node_modules\\router\\lib\\route.js:117:3)\n    at handle (C:\\Abhishek\\Workspace\\Virtual Instructor\\AthenaVI_backend\\node_modules\\router\\index.js:435:11)\n    at Layer.handleRequest (C:\\Abhishek\\Workspace\\Virtual Instructor\\AthenaVI_backend\\node_modules\\router\\lib\\layer.js:152:17)\n    at C:\\Abhishek\\Workspace\\Virtual Instructor\\AthenaVI_backend\\node_modules\\router\\index.js:295:15\n    at processParams (C:\\Abhishek\\Workspace\\Virtual Instructor\\AthenaVI_backend\\node_modules\\router\\index.js:582:12)\n    at next (C:\\Abhishek\\Workspace\\Virtual Instructor\\AthenaVI_backend\\node_modules\\router\\index.js:291:5)","timestamp":"2026-03-13T08:44:25.865Z"}
{"level":"info","message":"Server running bHYon port 9000","timestamp":"2026-03-14T08:40:02.017Z"}
{"level":"error","message":"Error: Profile image is required\n    at C:\\Abhishek\\Workspace\\Virtual Instructor\\AthenaVI_backend\\src\\modules\\user\\user.controller.js:66:11\n    at C:\\Abhishek\\Workspace\\Virtual Instructor\\AthenaVI_backend\\src\\shared\\utils\\asyncHandler.js:2:19\n    at Layer.handleRequest (C:\\Abhishek\\Workspace\\Virtual Instructor\\AthenaVI_backend\\node_modules\\router\\lib\\layer.js:152:17)\n    at next (C:\\Abhishek\\Workspace\\Virtual Instructor\\AthenaVI_backend\\node_modules\\router\\lib\\route.js:157:13)\n    at multerMiddleware (C:\\Abhishek\\Workspace\\Virtual Instructor\\AthenaVI_backend\\node_modules\\multer\\lib\\make-middleware.js:18:41)\n    at Layer.handleRequest (C:\\Abhishek\\Workspace\\Virtual Instructor\\AthenaVI_backend\\node_modules\\router\\lib\\layer.js:152:17)\n    at next (C:\\Abhishek\\Workspace\\Virtual Instructor\\AthenaVI_backend\\node_modules\\router\\lib\\route.js:157:13)\n    at C:\\Abhishek\\Workspace\\Virtual Instructor\\AthenaVI_backend\\src\\middlewares\\auth.middlware.js:41:3\n    at process.processTicksAndRejections (node:internal/process/task_queues:105:5)","timestamp":"2026-03-14T08:44:00.661Z"}
{"level":"error","message":"ReferenceError: uploadProfileImageService is not defined\n    at C:\\Abhishek\\Workspace\\Virtual Instructor\\AthenaVI_backend\\src\\modules\\user\\user.controller.js:71:19\n    at C:\\Abhishek\\Workspace\\Virtual Instructor\\AthenaVI_backend\\src\\shared\\utils\\asyncHandler.js:2:19\n    at Layer.handleRequest (C:\\Abhishek\\Workspace\\Virtual Instructor\\AthenaVI_backend\\node_modules\\router\\lib\\layer.js:152:17)\n    at next (C:\\Abhishek\\Workspace\\Virtual Instructor\\AthenaVI_backend\\node_modules\\router\\lib\\route.js:157:13)\n    at done (C:\\Abhishek\\Workspace\\Virtual Instructor\\AthenaVI_backend\\node_modules\\multer\\lib\\make-middleware.js:69:7)\n    at indicateDone (C:\\Abhishek\\Workspace\\Virtual Instructor\\AthenaVI_backend\\node_modules\\multer\\lib\\make-middleware.js:73:68)\n    at Multipart.<anonymous> (C:\\Abhishek\\Workspace\\Virtual Instructor\\AthenaVI_backend\\node_modules\\multer\\lib\\make-middleware.js:243:7)\n    at Multipart.emit (node:events:518:28)\n    at emitCloseNT (node:internal/streams/destroy:148:10)\n    at process.processTicksAndRejections (node:internal/process/task_queues:89:21)","timestamp":"2026-03-14T08:45:29.569Z"}
{"level":"info","message":"Server running bHYon port 9000","timestamp":"2026-03-14T08:46:03.645Z"}
{"level":"error","message":"InvalidAccessKeyId: The AWS Access Key Id you provided does not exist in our records.\n    at ProtocolLib.getErrorSchemaOrThrowBaseException (C:\\Abhishek\\Workspace\\Virtual Instructor\\AthenaVI_backend\\node_modules\\@aws-sdk\\core\\dist-cjs\\submodules\\protocols\\index.js:69:67)\n    at AwsRestXmlProtocol.handleError (C:\\Abhishek\\Workspace\\Virtual Instructor\\AthenaVI_backend\\node_modules\\@aws-sdk\\core\\dist-cjs\\submodules\\protocols\\index.js:1805:65)\n    at AwsRestXmlProtocol.deserializeResponse (C:\\Abhishek\\Workspace\\Virtual Instructor\\AthenaVI_backend\\node_modules\\@smithy\\core\\dist-cjs\\submodules\\protocols\\index.js:344:24)\n    at process.processTicksAndRejections (node:internal/process/task_queues:105:5)\n    at async C:\\Abhishek\\Workspace\\Virtual Instructor\\AthenaVI_backend\\node_modules\\@smithy\\core\\dist-cjs\\submodules\\schema\\index.js:27:24\n    at async C:\\Abhishek\\Workspace\\Virtual Instructor\\AthenaVI_backend\\node_modules\\@aws-sdk\\middleware-sdk-s3\\dist-cjs\\index.js:385:20\n    at async C:\\Abhishek\\Workspace\\Virtual Instructor\\AthenaVI_backend\\node_modules\\@smithy\\middleware-retry\\dist-cjs\\index.js:251:46\n    at async C:\\Abhishek\\Workspace\\Virtual Instructor\\AthenaVI_backend\\node_modules\\@aws-sdk\\middleware-flexible-checksums\\dist-cjs\\index.js:243:24\n    at async C:\\Abhishek\\Workspace\\Virtual Instructor\\AthenaVI_backend\\node_modules\\@aws-sdk\\middleware-sdk-s3\\dist-cjs\\index.js:62:28\n    at async C:\\Abhishek\\Workspace\\Virtual Instructor\\AthenaVI_backend\\node_modules\\@aws-sdk\\middleware-sdk-s3\\dist-cjs\\index.js:89:20","timestamp":"2026-03-14T08:46:19.034Z"}
{"level":"info","message":"Server running bHYon port 9000","timestamp":"2026-03-14T08:47:01.032Z"}
{"level":"info","message":"Server running bHYon port 9000","timestamp":"2026-03-14T08:50:50.366Z"}
{"level":"info","message":"Server running bHYon port 9000","timestamp":"2026-03-14T08:51:45.566Z"}
{"level":"info","message":"Server running bHYon port 9000","timestamp":"2026-03-14T09:27:00.360Z"}
{"level":"info","message":"Server running bHYon port 9000","timestamp":"2026-03-14T09:30:19.868Z"}
{"level":"info","message":"Server running bHYon port 9000","timestamp":"2026-03-14T09:58:12.489Z"}
{"level":"info","message":"Server running bHYon port 9000","timestamp":"2026-03-14T09:59:05.673Z"}
{"level":"info","message":"Server running bHYon port 9000","timestamp":"2026-03-14T10:00:43.665Z"}
{"level":"info","message":"Server running bHYon port 9000","timestamp":"2026-03-14T10:21:45.305Z"}
{"level":"info","message":"Server running bHYon port 9000","timestamp":"2026-03-14T10:22:39.711Z"}
{"level":"info","message":"Server running bHYon port 9000","timestamp":"2026-03-14T10:24:04.587Z"}
{"level":"info","message":"Server running bHYon port 9000","timestamp":"2026-03-14T10:24:16.900Z"}
{"level":"info","message":"Server running bHYon port 9000","timestamp":"2026-03-14T10:24:28.922Z"}
{"level":"info","message":"Server running bHYon port 9000","timestamp":"2026-03-14T10:24:45.381Z"}
{"level":"info","message":"Server running bHYon port 9000","timestamp":"2026-03-14T10:24:54.960Z"}
{"level":"info","message":"Server running bHYon port 9000","timestamp":"2026-03-14T10:25:00.719Z"}
{"level":"info","message":"Server running bHYon port 9000","timestamp":"2026-03-14T10:25:06.931Z"}
{"level":"info","message":"Server running bHYon port 9000","timestamp":"2026-03-14T10:26:17.911Z"}
{"level":"info","message":"Server running bHYon port 9000","timestamp":"2026-03-14T10:31:22.623Z"}
{"level":"info","message":"Server running bHYon port 9000","timestamp":"2026-03-14T10:31:34.343Z"}
{"level":"info","message":"Server running bHYon port 9000","timestamp":"2026-03-14T10:31:43.094Z"}
{"level":"info","message":"Server running bHYon port 9000","timestamp":"2026-03-14T10:31:53.359Z"}
{"level":"info","message":"Server running bHYon port 9000","timestamp":"2026-03-14T10:32:02.608Z"}
{"level":"info","message":"Server running bHYon port 9000","timestamp":"2026-03-14T10:33:44.673Z"}
{"level":"info","message":"Server running bHYon port 9000","timestamp":"2026-03-14T10:33:49.660Z"}
{"level":"info","message":"Server running bHYon port 9000","timestamp":"2026-03-14T10:34:06.941Z"}
{"level":"info","message":"Server running bHYon port 9000","timestamp":"2026-03-14T10:35:24.724Z"}
{"level":"info","message":"Server running bHYon port 9000","timestamp":"2026-03-14T10:36:09.049Z"}
{"level":"info","message":"Server running bHYon port 9000","timestamp":"2026-03-14T10:36:16.207Z"}
{"level":"info","message":"Server running bHYon port 9000","timestamp":"2026-03-14T10:36:56.245Z"}
{"level":"info","message":"Server running bHYon port 9000","timestamp":"2026-03-14T10:38:09.889Z"}
{"level":"info","message":"Server running bHYon port 9000","timestamp":"2026-03-14T10:39:07.392Z"}
{"level":"error","message":"Error: Validation error\n    at C:\\Abhishek\\Workspace\\Virtual Instructor\\AthenaVI_backend\\src\\middlewares\\validate.middleware.js:22:11\n    at Layer.handleRequest (C:\\Abhishek\\Workspace\\Virtual Instructor\\AthenaVI_backend\\node_modules\\router\\lib\\layer.js:152:17)\n    at next (C:\\Abhishek\\Workspace\\Virtual Instructor\\AthenaVI_backend\\node_modules\\router\\lib\\route.js:157:13)\n    at C:\\Abhishek\\Workspace\\Virtual Instructor\\AthenaVI_backend\\src\\middlewares\\auth.middlware.js:41:3\n    at process.processTicksAndRejections (node:internal/process/task_queues:105:5)","timestamp":"2026-03-14T10:42:53.869Z"}
{"level":"error","message":"Error: Validation error\n    at C:\\Abhishek\\Workspace\\Virtual Instructor\\AthenaVI_backend\\src\\middlewares\\validate.middleware.js:22:11\n    at Layer.handleRequest (C:\\Abhishek\\Workspace\\Virtual Instructor\\AthenaVI_backend\\node_modules\\router\\lib\\layer.js:152:17)\n    at next (C:\\Abhishek\\Workspace\\Virtual Instructor\\AthenaVI_backend\\node_modules\\router\\lib\\route.js:157:13)\n    at C:\\Abhishek\\Workspace\\Virtual Instructor\\AthenaVI_backend\\src\\middlewares\\auth.middlware.js:41:3\n    at process.processTicksAndRejections (node:internal/process/task_queues:105:5)","timestamp":"2026-03-14T10:43:57.688Z"}
{"level":"info","message":"Server running bHYon port 9000","timestamp":"2026-03-14T10:44:58.382Z"}
{"level":"error","message":"Error: Validation error\n    at C:\\Abhishek\\Workspace\\Virtual Instructor\\AthenaVI_backend\\src\\middlewares\\validate.middleware.js:22:11\n    at Layer.handleRequest (C:\\Abhishek\\Workspace\\Virtual Instructor\\AthenaVI_backend\\node_modules\\router\\lib\\layer.js:152:17)\n    at next (C:\\Abhishek\\Workspace\\Virtual Instructor\\AthenaVI_backend\\node_modules\\router\\lib\\route.js:157:13)\n    at C:\\Abhishek\\Workspace\\Virtual Instructor\\AthenaVI_backend\\src\\middlewares\\auth.middlware.js:41:3\n    at process.processTicksAndRejections (node:internal/process/task_queues:105:5)","timestamp":"2026-03-14T10:45:07.382Z"}
{"level":"info","message":"Server running bHYon port 9000","timestamp":"2026-03-14T10:46:35.345Z"}
{"level":"error","message":"ReferenceError: deleteFile is not defined\n    at Object.deleteProfileImageService (C:\\Abhishek\\Workspace\\Virtual Instructor\\AthenaVI_backend\\src\\modules\\user\\user.service.js:67:3)\n    at process.processTicksAndRejections (node:internal/process/task_queues:105:5)\n    at async C:\\Abhishek\\Workspace\\Virtual Instructor\\AthenaVI_backend\\src\\modules\\user\\user.controller.js:85:29","timestamp":"2026-03-14T10:46:39.572Z"}
{"level":"info","message":"Server running bHYon port 9000","timestamp":"2026-03-14T10:47:08.813Z"}
{"level":"error","message":"Error: Token expired\n    at C:\\Abhishek\\Workspace\\Virtual Instructor\\AthenaVI_backend\\src\\middlewares\\auth.middlware.js:22:11\n    at C:\\Abhishek\\Workspace\\Virtual Instructor\\AthenaVI_backend\\src\\shared\\utils\\asyncHandler.js:2:19\n    at Layer.handleRequest (C:\\Abhishek\\Workspace\\Virtual Instructor\\AthenaVI_backend\\node_modules\\router\\lib\\layer.js:152:17)\n    at next (C:\\Abhishek\\Workspace\\Virtual Instructor\\AthenaVI_backend\\node_modules\\router\\lib\\route.js:157:13)\n    at Route.dispatch (C:\\Abhishek\\Workspace\\Virtual Instructor\\AthenaVI_backend\\node_modules\\router\\lib\\route.js:117:3)\n    at handle (C:\\Abhishek\\Workspace\\Virtual Instructor\\AthenaVI_backend\\node_modules\\router\\index.js:435:11)\n    at Layer.handleRequest (C:\\Abhishek\\Workspace\\Virtual Instructor\\AthenaVI_backend\\node_modules\\router\\lib\\layer.js:152:17)\n    at C:\\Abhishek\\Workspace\\Virtual Instructor\\AthenaVI_backend\\node_modules\\router\\index.js:295:15\n    at processParams (C:\\Abhishek\\Workspace\\Virtual Instructor\\AthenaVI_backend\\node_modules\\router\\index.js:582:12)\n    at next (C:\\Abhishek\\Workspace\\Virtual Instructor\\AthenaVI_backend\\node_modules\\router\\index.js:291:5)","timestamp":"2026-03-14T10:47:33.285Z"}
{"level":"info","message":"Server running bHYon port 9000","timestamp":"2026-03-14T10:49:36.332Z"}
{"level":"error","message":"Error: Profile image is required\n    at C:\\Abhishek\\Workspace\\Virtual Instructor\\AthenaVI_backend\\src\\modules\\user\\user.controller.js:65:11\n    at C:\\Abhishek\\Workspace\\Virtual Instructor\\AthenaVI_backend\\src\\shared\\utils\\asyncHandler.js:2:19\n    at Layer.handleRequest (C:\\Abhishek\\Workspace\\Virtual Instructor\\AthenaVI_backend\\node_modules\\router\\lib\\layer.js:152:17)\n    at next (C:\\Abhishek\\Workspace\\Virtual Instructor\\AthenaVI_backend\\node_modules\\router\\lib\\route.js:157:13)\n    at done (C:\\Abhishek\\Workspace\\Virtual Instructor\\AthenaVI_backend\\node_modules\\multer\\lib\\make-middleware.js:69:7)\n    at indicateDone (C:\\Abhishek\\Workspace\\Virtual Instructor\\AthenaVI_backend\\node_modules\\multer\\lib\\make-middleware.js:73:68)\n    at Multipart.<anonymous> (C:\\Abhishek\\Workspace\\Virtual Instructor\\AthenaVI_backend\\node_modules\\multer\\lib\\make-middleware.js:243:7)\n    at Multipart.emit (node:events:518:28)\n    at emitCloseNT (node:internal/streams/destroy:148:10)\n    at process.processTicksAndRejections (node:internal/process/task_queues:89:21)","timestamp":"2026-03-14T11:19:23.052Z"}
{"level":"error","message":"Error: Only JPG, PNG and WEBP images are allowed\n    at fileFilter (C:\\Abhishek\\Workspace\\Virtual Instructor\\AthenaVI_backend\\src\\middlewares\\upload.middleware.js:17:17)\n    at wrappedFileFilter (C:\\Abhishek\\Workspace\\Virtual Instructor\\AthenaVI_backend\\node_modules\\multer\\index.js:45:7)\n    at Multipart.<anonymous> (C:\\Abhishek\\Workspace\\Virtual Instructor\\AthenaVI_backend\\node_modules\\multer\\lib\\make-middleware.js:183:7)\n    at Multipart.emit (node:events:518:28)\n    at HeaderParser.cb (C:\\Abhishek\\Workspace\\Virtual Instructor\\AthenaVI_backend\\node_modules\\busboy\\lib\\types\\multipart.js:358:14)\n    at HeaderParser.push (C:\\Abhishek\\Workspace\\Virtual Instructor\\AthenaVI_backend\\node_modules\\busboy\\lib\\types\\multipart.js:162:20)\n    at SBMH.ssCb [as _cb] (C:\\Abhishek\\Workspace\\Virtual Instructor\\AthenaVI_backend\\node_modules\\busboy\\lib\\types\\multipart.js:394:37)\n    at feed (C:\\Abhishek\\Workspace\\Virtual Instructor\\AthenaVI_backend\\node_modules\\streamsearch\\lib\\sbmh.js:200:10)\n    at SBMH.push (C:\\Abhishek\\Workspace\\Virtual Instructor\\AthenaVI_backend\\node_modules\\streamsearch\\lib\\sbmh.js:104:16)\n    at Multipart._write (C:\\Abhishek\\Workspace\\Virtual Instructor\\AthenaVI_backend\\node_modules\\busboy\\lib\\types\\multipart.js:567:19)","timestamp":"2026-03-14T11:19:40.380Z"}
{"level":"error","message":"MulterError: Unexpected field\n    at wrappedFileFilter (C:\\Abhishek\\Workspace\\Virtual Instructor\\AthenaVI_backend\\node_modules\\multer\\index.js:41:19)\n    at Multipart.<anonymous> (C:\\Abhishek\\Workspace\\Virtual Instructor\\AthenaVI_backend\\node_modules\\multer\\lib\\make-middleware.js:183:7)\n    at Multipart.emit (node:events:518:28)\n    at HeaderParser.cb (C:\\Abhishek\\Workspace\\Virtual Instructor\\AthenaVI_backend\\node_modules\\busboy\\lib\\types\\multipart.js:358:14)\n    at HeaderParser.push (C:\\Abhishek\\Workspace\\Virtual Instructor\\AthenaVI_backend\\node_modules\\busboy\\lib\\types\\multipart.js:162:20)\n    at SBMH.ssCb [as _cb] (C:\\Abhishek\\Workspace\\Virtual Instructor\\AthenaVI_backend\\node_modules\\busboy\\lib\\types\\multipart.js:394:37)\n    at feed (C:\\Abhishek\\Workspace\\Virtual Instructor\\AthenaVI_backend\\node_modules\\streamsearch\\lib\\sbmh.js:248:10)\n    at SBMH.push (C:\\Abhishek\\Workspace\\Virtual Instructor\\AthenaVI_backend\\node_modules\\streamsearch\\lib\\sbmh.js:104:16)\n    at Multipart._write (C:\\Abhishek\\Workspace\\Virtual Instructor\\AthenaVI_backend\\node_modules\\busboy\\lib\\types\\multipart.js:567:19)\n    at writeOrBuffer (node:internal/streams/writable:572:12)","timestamp":"2026-03-14T11:20:14.576Z"}
{"level":"info","message":"Server running bHYon port 9000","timestamp":"2026-03-14T11:32:05.724Z"}
{"level":"info","message":"Server running bHYon port 9000","timestamp":"2026-03-14T11:53:39.087Z"}
{"level":"info","message":"Server running bHYon port 9000","timestamp":"2026-03-14T12:24:06.322Z"}
{"level":"error","message":"Error: Token expired\n    at C:\\Abhishek\\Workspace\\Virtual Instructor\\AthenaVI_backend\\src\\middlewares\\auth.middlware.js:22:11\n    at C:\\Abhishek\\Workspace\\Virtual Instructor\\AthenaVI_backend\\src\\shared\\utils\\asyncHandler.js:2:19\n    at Layer.handleRequest (C:\\Abhishek\\Workspace\\Virtual Instructor\\AthenaVI_backend\\node_modules\\router\\lib\\layer.js:152:17)\n    at next (C:\\Abhishek\\Workspace\\Virtual Instructor\\AthenaVI_backend\\node_modules\\router\\lib\\route.js:157:13)\n    at Route.dispatch (C:\\Abhishek\\Workspace\\Virtual Instructor\\AthenaVI_backend\\node_modules\\router\\lib\\route.js:117:3)\n    at handle (C:\\Abhishek\\Workspace\\Virtual Instructor\\AthenaVI_backend\\node_modules\\router\\index.js:435:11)\n    at Layer.handleRequest (C:\\Abhishek\\Workspace\\Virtual Instructor\\AthenaVI_backend\\node_modules\\router\\lib\\layer.js:152:17)\n    at C:\\Abhishek\\Workspace\\Virtual Instructor\\AthenaVI_backend\\node_modules\\router\\index.js:295:15\n    at processParams (C:\\Abhishek\\Workspace\\Virtual Instructor\\AthenaVI_backend\\node_modules\\router\\index.js:582:12)\n    at next (C:\\Abhishek\\Workspace\\Virtual Instructor\\AthenaVI_backend\\node_modules\\router\\index.js:291:5)","timestamp":"2026-03-14T12:25:07.436Z"}
{"level":"error","message":"MulterError: Too many files\n    at abortWithCode (C:\\Abhishek\\Workspace\\Virtual Instructor\\AthenaVI_backend\\node_modules\\multer\\lib\\make-middleware.js:101:22)\n    at Multipart.<anonymous> (C:\\Abhishek\\Workspace\\Virtual Instructor\\AthenaVI_backend\\node_modules\\multer\\lib\\make-middleware.js:239:43)\n    at Multipart.emit (node:events:518:28)\n    at HeaderParser.cb (C:\\Abhishek\\Workspace\\Virtual Instructor\\AthenaVI_backend\\node_modules\\busboy\\lib\\types\\multipart.js:343:18)\n    at HeaderParser.push (C:\\Abhishek\\Workspace\\Virtual Instructor\\AthenaVI_backend\\node_modules\\busboy\\lib\\types\\multipart.js:162:20)\n    at SBMH.ssCb [as _cb] (C:\\Abhishek\\Workspace\\Virtual Instructor\\AthenaVI_backend\\node_modules\\busboy\\lib\\types\\multipart.js:394:37)\n    at feed (C:\\Abhishek\\Workspace\\Virtual Instructor\\AthenaVI_backend\\node_modules\\streamsearch\\lib\\sbmh.js:248:10)\n    at SBMH.push (C:\\Abhishek\\Workspace\\Virtual Instructor\\AthenaVI_backend\\node_modules\\streamsearch\\lib\\sbmh.js:104:16)\n    at Multipart._write (C:\\Abhishek\\Workspace\\Virtual Instructor\\AthenaVI_backend\\node_modules\\busboy\\lib\\types\\multipart.js:567:19)\n    at writeOrBuffer (node:internal/streams/writable:572:12)","timestamp":"2026-03-14T12:25:17.152Z"}
{"level":"info","message":"Server running bHYon port 9000","timestamp":"2026-03-14T12:26:55.808Z"}
{"level":"info","message":"Server running bHYon port 9000","timestamp":"2026-03-16T04:26:31.566Z"}
{"level":"error","message":"Error: Client IP address is not in the allowlist.\n    at #decodeSimpleError (C:\\Abhishek\\Workspace\\Virtual Instructor\\AthenaVI_backend\\node_modules\\@redis\\client\\dist\\lib\\RESP\\decoder.js:457:13)\n    at #decodeTypeValue (C:\\Abhishek\\Workspace\\Virtual Instructor\\AthenaVI_backend\\node_modules\\@redis\\client\\dist\\lib\\RESP\\decoder.js:104:91)\n    at Decoder.write (C:\\Abhishek\\Workspace\\Virtual Instructor\\AthenaVI_backend\\node_modules\\@redis\\client\\dist\\lib\\RESP\\decoder.js:74:38)\n    at RedisSocket.<anonymous> (C:\\Abhishek\\Workspace\\Virtual Instructor\\AthenaVI_backend\\node_modules\\@redis\\client\\dist\\lib\\client\\index.js:437:37)\n    at RedisSocket.emit (node:events:518:28)\n    at TLSSocket.<anonymous> (C:\\Abhishek\\Workspace\\Virtual Instructor\\AthenaVI_backend\\node_modules\\@redis\\client\\dist\\lib\\client\\socket.js:235:38)\n    at TLSSocket.emit (node:events:518:28)\n    at addChunk (node:internal/streams/readable:561:12)\n    at readableAddChunkPushByteMode (node:internal/streams/readable:512:3)\n    at Readable.push (node:internal/streams/readable:392:5)","timestamp":"2026-03-16T04:56:31.131Z"}
{"level":"error","message":"Error: Token expired\n    at C:\\Abhishek\\Workspace\\Virtual Instructor\\AthenaVI_backend\\src\\middlewares\\auth.middlware.js:22:11\n    at C:\\Abhishek\\Workspace\\Virtual Instructor\\AthenaVI_backend\\src\\shared\\utils\\asyncHandler.js:2:19\n    at Layer.handleRequest (C:\\Abhishek\\Workspace\\Virtual Instructor\\AthenaVI_backend\\node_modules\\router\\lib\\layer.js:152:17)\n    at next (C:\\Abhishek\\Workspace\\Virtual Instructor\\AthenaVI_backend\\node_modules\\router\\lib\\route.js:157:13)\n    at Route.dispatch (C:\\Abhishek\\Workspace\\Virtual Instructor\\AthenaVI_backend\\node_modules\\router\\lib\\route.js:117:3)\n    at handle (C:\\Abhishek\\Workspace\\Virtual Instructor\\AthenaVI_backend\\node_modules\\router\\index.js:435:11)\n    at Layer.handleRequest (C:\\Abhishek\\Workspace\\Virtual Instructor\\AthenaVI_backend\\node_modules\\router\\lib\\layer.js:152:17)\n    at C:\\Abhishek\\Workspace\\Virtual Instructor\\AthenaVI_backend\\node_modules\\router\\index.js:295:15\n    at processParams (C:\\Abhishek\\Workspace\\Virtual Instructor\\AthenaVI_backend\\node_modules\\router\\index.js:582:12)\n    at next (C:\\Abhishek\\Workspace\\Virtual Instructor\\AthenaVI_backend\\node_modules\\router\\index.js:291:5)","timestamp":"2026-03-16T04:58:28.670Z"}
{"level":"info","message":"Server running bHYon port 9000","timestamp":"2026-03-16T05:15:52.207Z"}
{"level":"error","message":"Error: Please wait before requesting OTP again\n    at Object.acquireOtpLock (C:\\Abhishek\\Workspace\\Virtual Instructor\\AthenaVI_backend\\src\\modules\\auth\\services\\otp.service.js:23:11)\n    at process.processTicksAndRejections (node:internal/process/task_queues:105:5)\n    at async C:\\Abhishek\\Workspace\\Virtual Instructor\\AthenaVI_backend\\src\\modules\\auth\\auth.controller.js:68:3","timestamp":"2026-03-16T05:16:02.389Z"}
{"level":"error","message":"Error: Please wait before requesting OTP again\n    at Object.acquireOtpLock (C:\\Abhishek\\Workspace\\Virtual Instructor\\AthenaVI_backend\\src\\modules\\auth\\services\\otp.service.js:23:11)\n    at process.processTicksAndRejections (node:internal/process/task_queues:105:5)\n    at async C:\\Abhishek\\Workspace\\Virtual Instructor\\AthenaVI_backend\\src\\modules\\auth\\auth.controller.js:68:3","timestamp":"2026-03-16T05:16:12.069Z"}
{"level":"error","message":"Error: Please wait before requesting OTP again\n    at Object.acquireOtpLock (C:\\Abhishek\\Workspace\\Virtual Instructor\\AthenaVI_backend\\src\\modules\\auth\\services\\otp.service.js:23:11)\n    at process.processTicksAndRejections (node:internal/process/task_queues:105:5)\n    at async C:\\Abhishek\\Workspace\\Virtual Instructor\\AthenaVI_backend\\src\\modules\\auth\\auth.controller.js:165:3","timestamp":"2026-03-16T05:16:22.474Z"}
{"level":"info","message":"Server running bHYon port 9000","timestamp":"2026-03-16T05:16:41.353Z"}
{"level":"error","message":"Error: Invalid OTP\n    at Object.verifyOtp (C:\\Abhishek\\Workspace\\Virtual Instructor\\AthenaVI_backend\\src\\modules\\auth\\services\\otp.service.js:60:11)\n    at process.processTicksAndRejections (node:internal/process/task_queues:105:5)\n    at async C:\\Abhishek\\Workspace\\Virtual Instructor\\AthenaVI_backend\\src\\modules\\auth\\auth.controller.js:87:3","timestamp":"2026-03-16T05:17:37.958Z"}
{"level":"error","message":"Error: Invalid OTP\n    at Object.verifyOtp (C:\\Abhishek\\Workspace\\Virtual Instructor\\AthenaVI_backend\\src\\modules\\auth\\services\\otp.service.js:60:11)\n    at process.processTicksAndRejections (node:internal/process/task_queues:105:5)\n    at async C:\\Abhishek\\Workspace\\Virtual Instructor\\AthenaVI_backend\\src\\modules\\auth\\auth.controller.js:87:3","timestamp":"2026-03-16T05:17:45.958Z"}
{"level":"error","message":"Error: Invalid OTP\n    at Object.verifyOtp (C:\\Abhishek\\Workspace\\Virtual Instructor\\AthenaVI_backend\\src\\modules\\auth\\services\\otp.service.js:60:11)\n    at process.processTicksAndRejections (node:internal/process/task_queues:105:5)\n    at async C:\\Abhishek\\Workspace\\Virtual Instructor\\AthenaVI_backend\\src\\modules\\auth\\auth.controller.js:87:3","timestamp":"2026-03-16T05:17:52.783Z"}
{"level":"error","message":"Error: Token expired\n    at C:\\Abhishek\\Workspace\\Virtual Instructor\\AthenaVI_backend\\src\\middlewares\\auth.middlware.js:22:11\n    at C:\\Abhishek\\Workspace\\Virtual Instructor\\AthenaVI_backend\\src\\shared\\utils\\asyncHandler.js:2:19\n    at Layer.handleRequest (C:\\Abhishek\\Workspace\\Virtual Instructor\\AthenaVI_backend\\node_modules\\router\\lib\\layer.js:152:17)\n    at next (C:\\Abhishek\\Workspace\\Virtual Instructor\\AthenaVI_backend\\node_modules\\router\\lib\\route.js:157:13)\n    at Route.dispatch (C:\\Abhishek\\Workspace\\Virtual Instructor\\AthenaVI_backend\\node_modules\\router\\lib\\route.js:117:3)\n    at handle (C:\\Abhishek\\Workspace\\Virtual Instructor\\AthenaVI_backend\\node_modules\\router\\index.js:435:11)\n    at Layer.handleRequest (C:\\Abhishek\\Workspace\\Virtual Instructor\\AthenaVI_backend\\node_modules\\router\\lib\\layer.js:152:17)\n    at C:\\Abhishek\\Workspace\\Virtual Instructor\\AthenaVI_backend\\node_modules\\router\\index.js:295:15\n    at param (C:\\Abhishek\\Workspace\\Virtual Instructor\\AthenaVI_backend\\node_modules\\router\\index.js:600:14)\n    at param (C:\\Abhishek\\Workspace\\Virtual Instructor\\AthenaVI_backend\\node_modules\\router\\index.js:610:14)","timestamp":"2026-03-16T05:20:08.770Z"}
{"level":"info","message":"Server running bHYon port 9000","timestamp":"2026-03-16T05:24:02.005Z"}
{"level":"info","message":"Server running bHYon port 9000","timestamp":"2026-03-16T05:32:04.116Z"}
{"level":"info","message":"Server running bHYon port 9000","timestamp":"2026-03-16T05:38:17.440Z"}
{"level":"info","message":"Server running bHYon port 9000","timestamp":"2026-03-16T06:13:42.747Z"}
{"level":"info","message":"Server running bHYon port 9000","timestamp":"2026-03-16T06:13:48.615Z"}
{"level":"info","message":"Server running bHYon port 9000","timestamp":"2026-03-16T06:13:51.953Z"}
{"level":"info","message":"Server running bHYon port 9000","timestamp":"2026-03-16T06:14:16.516Z"}
{"level":"info","message":"Server running bHYon port 9000","timestamp":"2026-03-16T06:14:18.310Z"}
{"level":"info","message":"Server running bHYon port 9000","timestamp":"2026-03-16T06:14:21.556Z"}
{"level":"info","message":"Server running bHYon port 9000","timestamp":"2026-03-16T06:14:46.131Z"}
{"level":"info","message":"Server running bHYon port 9000","timestamp":"2026-03-16T06:14:55.891Z"}
{"level":"info","message":"Server running bHYon port 9000","timestamp":"2026-03-16T06:14:57.903Z"}
{"level":"info","message":"Server running bHYon port 9000","timestamp":"2026-03-16T06:16:05.360Z"}
{"level":"info","message":"Server running bHYon port 9000","timestamp":"2026-03-16T06:16:10.034Z"}
{"level":"info","message":"Server running bHYon port 9000","timestamp":"2026-03-16T06:16:20.182Z"}
{"level":"info","message":"Server running bHYon port 9000","timestamp":"2026-03-16T06:16:22.233Z"}
{"level":"info","message":"Server running bHYon port 9000","timestamp":"2026-03-16T06:16:25.881Z"}
{"level":"info","message":"Server running bHYon port 9000","timestamp":"2026-03-16T06:16:27.595Z"}
{"level":"info","message":"Server running bHYon port 9000","timestamp":"2026-03-16T06:16:30.744Z"}
{"level":"info","message":"Server running bHYon port 9000","timestamp":"2026-03-16T06:16:36.313Z"}
{"level":"info","message":"Server running bHYon port 9000","timestamp":"2026-03-16T06:16:37.709Z"}
{"level":"info","message":"Server running bHYon port 9000","timestamp":"2026-03-16T06:16:48.182Z"}
{"level":"info","message":"Server running bHYon port 9000","timestamp":"2026-03-16T06:17:03.220Z"}
{"level":"info","message":"Server running bHYon port 9000","timestamp":"2026-03-16T06:17:12.533Z"}
{"level":"info","message":"Server running bHYon port 9000","timestamp":"2026-03-16T06:17:16.401Z"}
{"level":"info","message":"Server running bHYon port 9000","timestamp":"2026-03-16T06:17:24.403Z"}
{"level":"info","message":"Server running bHYon port 9000","timestamp":"2026-03-16T06:17:25.770Z"}
{"level":"error","message":"Error: read ECONNRESET\n    at TLSWrap.onStreamRead (node:internal/stream_base_commons:216:20)","timestamp":"2026-03-16T06:58:21.559Z"}
{"level":"error","message":"Error: Validation error\n    at C:\\Abhishek\\Workspace\\Virtual Instructor\\AthenaVI_backend\\src\\middlewares\\validate.middleware.js:22:11\n    at Layer.handleRequest (C:\\Abhishek\\Workspace\\Virtual Instructor\\AthenaVI_backend\\node_modules\\router\\lib\\layer.js:152:17)\n    at next (C:\\Abhishek\\Workspace\\Virtual Instructor\\AthenaVI_backend\\node_modules\\router\\lib\\route.js:157:13)\n    at C:\\Abhishek\\Workspace\\Virtual Instructor\\AthenaVI_backend\\src\\middlewares\\auth.middlware.js:41:3\n    at process.processTicksAndRejections (node:internal/process/task_queues:105:5)","timestamp":"2026-03-16T07:07:37.990Z"}
{"level":"error","message":"Error: Validation error\n    at C:\\Abhishek\\Workspace\\Virtual Instructor\\AthenaVI_backend\\src\\middlewares\\validate.middleware.js:22:11\n    at Layer.handleRequest (C:\\Abhishek\\Workspace\\Virtual Instructor\\AthenaVI_backend\\node_modules\\router\\lib\\layer.js:152:17)\n    at next (C:\\Abhishek\\Workspace\\Virtual Instructor\\AthenaVI_backend\\node_modules\\router\\lib\\route.js:157:13)\n    at C:\\Abhishek\\Workspace\\Virtual Instructor\\AthenaVI_backend\\src\\middlewares\\auth.middlware.js:41:3\n    at process.processTicksAndRejections (node:internal/process/task_queues:105:5)","timestamp":"2026-03-16T07:07:53.351Z"}
{"level":"error","message":"Error: You do not have access to this workspace\n    at C:\\Abhishek\\Workspace\\Virtual Instructor\\AthenaVI_backend\\src\\middlewares\\requireWorkspaceRole.js:26:13\n    at process.processTicksAndRejections (node:internal/process/task_queues:105:5)","timestamp":"2026-03-16T07:07:57.735Z"}
{"level":"error","message":"ReferenceError: resetPassworTemplate is not defined\n    at Object.inviteMember (C:\\Abhishek\\Workspace\\Virtual Instructor\\AthenaVI_backend\\src\\modules\\workspace\\workspace.service.js:126:11)\n    at process.processTicksAndRejections (node:internal/process/task_queues:105:5)\n    at async C:\\Abhishek\\Workspace\\Virtual Instructor\\AthenaVI_backend\\src\\modules\\workspace\\workspace.controller.js:65:18","timestamp":"2026-03-16T07:09:16.270Z"}
{"level":"error","message":"ReferenceError: resetPassworTemplate is not defined\n    at Object.inviteMember (C:\\Abhishek\\Workspace\\Virtual Instructor\\AthenaVI_backend\\src\\modules\\workspace\\workspace.service.js:126:11)\n    at process.processTicksAndRejections (node:internal/process/task_queues:105:5)\n    at async C:\\Abhishek\\Workspace\\Virtual Instructor\\AthenaVI_backend\\src\\modules\\workspace\\workspace.controller.js:65:18","timestamp":"2026-03-16T07:10:02.233Z"}
{"level":"info","message":"Server running bHYon port 9000","timestamp":"2026-03-16T07:10:16.267Z"}
{"level":"error","message":"ReferenceError: successResponse is not defined\n    at Object.inviteMember (C:\\Abhishek\\Workspace\\Virtual Instructor\\AthenaVI_backend\\src\\modules\\workspace\\workspace.service.js:130:3)\n    at process.processTicksAndRejections (node:internal/process/task_queues:105:5)\n    at async C:\\Abhishek\\Workspace\\Virtual Instructor\\AthenaVI_backend\\src\\modules\\workspace\\workspace.controller.js:65:18","timestamp":"2026-03-16T07:10:24.678Z"}
{"level":"info","message":"Server running bHYon port 9000","timestamp":"2026-03-16T07:11:10.605Z"}
{"level":"info","message":"Server running bHYon port 9000","timestamp":"2026-03-16T07:11:51.638Z"}
{"level":"info","message":"Server running bHYon port 9000","timestamp":"2026-03-16T07:11:54.102Z"}
{"level":"info","message":"Server running bHYon port 9000","timestamp":"2026-03-16T07:13:35.548Z"}
{"level":"info","message":"Server running bHYon port 9000","timestamp":"2026-03-16T07:13:41.641Z"}
{"level":"info","message":"Server running bHYon port 9000","timestamp":"2026-03-16T07:13:52.483Z"}
{"level":"info","message":"Server running bHYon port 9000","timestamp":"2026-03-16T07:13:57.023Z"}
{"level":"info","message":"Server running bHYon port 9000","timestamp":"2026-03-16T07:14:04.337Z"}
{"level":"info","message":"Server running bHYon port 9000","timestamp":"2026-03-16T07:14:07.959Z"}
{"level":"info","message":"Server running bHYon port 9000","timestamp":"2026-03-16T07:14:11.122Z"}
{"level":"info","message":"Server running bHYon port 9000","timestamp":"2026-03-16T07:14:28.964Z"}
{"level":"info","message":"Server running bHYon port 9000","timestamp":"2026-03-16T07:14:34.145Z"}
{"level":"info","message":"Server running bHYon port 9000","timestamp":"2026-03-16T07:15:00.957Z"}
{"level":"info","message":"Server running bHYon port 9000","timestamp":"2026-03-16T07:15:06.938Z"}
{"level":"info","message":"Server running bHYon port 9000","timestamp":"2026-03-16T07:15:10.202Z"}
{"level":"info","message":"Server running bHYon port 9000","timestamp":"2026-03-16T07:15:12.426Z"}
{"level":"info","message":"Server running bHYon port 9000","timestamp":"2026-03-16T07:15:18.613Z"}
{"level":"info","message":"Server running bHYon port 9000","timestamp":"2026-03-16T07:17:31.211Z"}
{"level":"info","message":"Server running bHYon port 9000","timestamp":"2026-03-16T07:19:13.333Z"}
{"level":"info","message":"Server running bHYon port 9000","timestamp":"2026-03-16T08:33:53.863Z"}
{"level":"error","message":"Error: Token expired\n    at C:\\Abhishek\\Workspace\\Virtual Instructor\\AthenaVI_backend\\src\\middlewares\\auth.middlware.js:22:11\n    at C:\\Abhishek\\Workspace\\Virtual Instructor\\AthenaVI_backend\\src\\shared\\utils\\asyncHandler.js:2:19\n    at Layer.handleRequest (C:\\Abhishek\\Workspace\\Virtual Instructor\\AthenaVI_backend\\node_modules\\router\\lib\\layer.js:152:17)\n    at next (C:\\Abhishek\\Workspace\\Virtual Instructor\\AthenaVI_backend\\node_modules\\router\\lib\\route.js:157:13)\n    at Route.dispatch (C:\\Abhishek\\Workspace\\Virtual Instructor\\AthenaVI_backend\\node_modules\\router\\lib\\route.js:117:3)\n    at handle (C:\\Abhishek\\Workspace\\Virtual Instructor\\AthenaVI_backend\\node_modules\\router\\index.js:435:11)\n    at Layer.handleRequest (C:\\Abhishek\\Workspace\\Virtual Instructor\\AthenaVI_backend\\node_modules\\router\\lib\\layer.js:152:17)\n    at C:\\Abhishek\\Workspace\\Virtual Instructor\\AthenaVI_backend\\node_modules\\router\\index.js:295:15\n    at param (C:\\Abhishek\\Workspace\\Virtual Instructor\\AthenaVI_backend\\node_modules\\router\\index.js:600:14)\n    at param (C:\\Abhishek\\Workspace\\Virtual Instructor\\AthenaVI_backend\\node_modules\\router\\index.js:610:14)","timestamp":"2026-03-16T08:33:58.115Z"}
{"level":"info","message":"Server running bHYon port 9000","timestamp":"2026-03-16T08:47:12.846Z"}
{"level":"info","message":"Server running bHYon port 9000","timestamp":"2026-03-16T08:48:15.986Z"}
{"level":"info","message":"Server running bHYon port 9000","timestamp":"2026-03-16T08:50:13.340Z"}
{"level":"info","message":"Server running bHYon port 9000","timestamp":"2026-03-16T08:50:32.664Z"}
{"level":"info","message":"Server running bHYon port 9000","timestamp":"2026-03-16T08:50:49.443Z"}
{"level":"error","message":"Error: Token expired\n    at C:\\Abhishek\\Workspace\\Virtual Instructor\\AthenaVI_backend\\src\\middlewares\\auth.middlware.js:22:11\n    at C:\\Abhishek\\Workspace\\Virtual Instructor\\AthenaVI_backend\\src\\shared\\utils\\asyncHandler.js:2:19\n    at Layer.handleRequest (C:\\Abhishek\\Workspace\\Virtual Instructor\\AthenaVI_backend\\node_modules\\router\\lib\\layer.js:152:17)\n    at next (C:\\Abhishek\\Workspace\\Virtual Instructor\\AthenaVI_backend\\node_modules\\router\\lib\\route.js:157:13)\n    at Route.dispatch (C:\\Abhishek\\Workspace\\Virtual Instructor\\AthenaVI_backend\\node_modules\\router\\lib\\route.js:117:3)\n    at handle (C:\\Abhishek\\Workspace\\Virtual Instructor\\AthenaVI_backend\\node_modules\\router\\index.js:435:11)\n    at Layer.handleRequest (C:\\Abhishek\\Workspace\\Virtual Instructor\\AthenaVI_backend\\node_modules\\router\\lib\\layer.js:152:17)\n    at C:\\Abhishek\\Workspace\\Virtual Instructor\\AthenaVI_backend\\node_modules\\router\\index.js:295:15\n    at param (C:\\Abhishek\\Workspace\\Virtual Instructor\\AthenaVI_backend\\node_modules\\router\\index.js:600:14)\n    at param (C:\\Abhishek\\Workspace\\Virtual Instructor\\AthenaVI_backend\\node_modules\\router\\index.js:610:14)","timestamp":"2026-03-16T08:51:15.891Z"}
{"level":"error","message":"TypeError: Cannot read properties of undefined (reading 'findFirst')\n    at Object.findPendingInvitation (C:\\Abhishek\\Workspace\\Virtual Instructor\\AthenaVI_backend\\src\\modules\\workspace\\workspace.dao.js:155:43)\n    at Object.inviteMember (C:\\Abhishek\\Workspace\\Virtual Instructor\\AthenaVI_backend\\src\\modules\\workspace\\workspace.service.js:115:49)\n    at process.processTicksAndRejections (node:internal/process/task_queues:105:5)\n    at async C:\\Abhishek\\Workspace\\Virtual Instructor\\AthenaVI_backend\\src\\modules\\workspace\\workspace.controller.js:65:4","timestamp":"2026-03-16T08:51:52.057Z"}
{"level":"info","message":"Server running bHYon port 9000","timestamp":"2026-03-16T08:52:17.094Z"}
{"level":"error","message":"Error: An invitation has already been sent to this email\n    at Object.inviteMember (C:\\Abhishek\\Workspace\\Virtual Instructor\\AthenaVI_backend\\src\\modules\\workspace\\workspace.service.js:121:11)\n    at process.processTicksAndRejections (node:internal/process/task_queues:105:5)\n    at async C:\\Abhishek\\Workspace\\Virtual Instructor\\AthenaVI_backend\\src\\modules\\workspace\\workspace.controller.js:65:4","timestamp":"2026-03-16T08:52:23.405Z"}
{"level":"info","message":"Server running bHYon port 9000","timestamp":"2026-03-16T08:54:26.869Z"}
{"level":"info","message":"Server running bHYon port 9000","timestamp":"2026-03-16T09:21:37.665Z"}
{"level":"info","message":"Server running bHYon port 9000","timestamp":"2026-03-16T09:21:42.052Z"}
{"level":"info","message":"Server running bHYon port 9000","timestamp":"2026-03-16T09:22:07.518Z"}
{"level":"info","message":"Server running bHYon port 9000","timestamp":"2026-03-16T09:22:14.918Z"}
{"level":"info","message":"Server running bHYon port 9000","timestamp":"2026-03-16T09:22:20.747Z"}
{"level":"info","message":"Server running bHYon port 9000","timestamp":"2026-03-16T09:22:42.169Z"}
{"level":"info","message":"Server running bHYon port 9000","timestamp":"2026-03-16T09:22:49.694Z"}
{"level":"info","message":"Server running bHYon port 9000","timestamp":"2026-03-16T09:23:36.418Z"}
{"level":"info","message":"Server running bHYon port 9000","timestamp":"2026-03-16T09:24:11.984Z"}
{"level":"info","message":"Server running bHYon port 9000","timestamp":"2026-03-16T09:25:19.597Z"}
{"level":"info","message":"Server running bHYon port 9000","timestamp":"2026-03-16T09:25:31.180Z"}
{"level":"info","message":"Server running bHYon port 9000","timestamp":"2026-03-16T09:25:37.734Z"}
{"level":"info","message":"Server running bHYon port 9000","timestamp":"2026-03-16T09:26:10.722Z"}
{"level":"info","message":"Server running bHYon port 9000","timestamp":"2026-03-16T09:26:49.010Z"}
{"level":"info","message":"Server running bHYon port 9000","timestamp":"2026-03-16T09:27:55.466Z"}
{"level":"error","message":"Error: An invitation has already been sent to this email\n    at Object.inviteMember (C:\\Abhishek\\Workspace\\Virtual Instructor\\AthenaVI_backend\\src\\modules\\workspace\\workspace.service.js:123:11)\n    at process.processTicksAndRejections (node:internal/process/task_queues:105:5)\n    at async C:\\Abhishek\\Workspace\\Virtual Instructor\\AthenaVI_backend\\src\\modules\\workspace\\workspace.controller.js:68:4","timestamp":"2026-03-16T09:28:27.022Z"}
{"level":"info","message":"Server running bHYon port 9000","timestamp":"2026-03-16T09:31:35.295Z"}
{"level":"info","message":"Server running bHYon port 9000","timestamp":"2026-03-16T09:31:44.179Z"}
{"level":"info","message":"Server running bHYon port 9000","timestamp":"2026-03-16T09:32:30.883Z"}
{"level":"info","message":"Server running bHYon port 9000","timestamp":"2026-03-16T09:32:37.007Z"}
{"level":"info","message":"Server running bHYon port 9000","timestamp":"2026-03-16T09:37:54.220Z"}
{"level":"info","message":"Server running bHYon port 9000","timestamp":"2026-03-16T09:38:00.283Z"}
{"level":"error","message":"Error: An invitation has already been sent to this email\n    at Object.inviteMember (C:\\Abhishek\\Workspace\\Virtual Instructor\\AthenaVI_backend\\src\\modules\\workspace\\workspace.service.js:123:11)\n    at process.processTicksAndRejections (node:internal/process/task_queues:105:5)\n    at async C:\\Abhishek\\Workspace\\Virtual Instructor\\AthenaVI_backend\\src\\modules\\workspace\\workspace.controller.js:68:5","timestamp":"2026-03-16T09:38:58.895Z"}
{"level":"info","message":"Server running bHYon port 9000","timestamp":"2026-03-16T09:39:45.356Z"}
{"level":"info","message":"Server running bHYon port 9000","timestamp":"2026-03-16T09:39:49.456Z"}
{"level":"info","message":"Server running bHYon port 9000","timestamp":"2026-03-16T09:39:55.341Z"}
{"level":"info","message":"Server running bHYon port 9000","timestamp":"2026-03-16T09:41:02.907Z"}
{"level":"info","message":"Server running bHYon port 9000","timestamp":"2026-03-16T09:41:08.946Z"}
{"level":"info","message":"Server running bHYon port 9000","timestamp":"2026-03-16T09:41:12.753Z"}
{"level":"error","message":"Error: You do not have access to this workspace\n    at C:\\Abhishek\\Workspace\\Virtual Instructor\\AthenaVI_backend\\src\\middlewares\\requireWorkspaceRole.js:26:13\n    at process.processTicksAndRejections (node:internal/process/task_queues:105:5)","timestamp":"2026-03-16T09:42:21.629Z"}
{"level":"error","message":"Error: You do not have access to this workspace\n    at C:\\Abhishek\\Workspace\\Virtual Instructor\\AthenaVI_backend\\src\\middlewares\\requireWorkspaceRole.js:26:13\n    at process.processTicksAndRejections (node:internal/process/task_queues:105:5)","timestamp":"2026-03-16T09:43:23.571Z"}
{"level":"error","message":"PrismaClientValidationError: \nInvalid `prisma.workspaceMember.findUnique()` invocation in\nC:\\Abhishek\\Workspace\\Virtual Instructor\\AthenaVI_backend\\src\\modules\\workspace\\workspace.dao.js:84:39\n\n  81 };\n  82 \n  83 const findWorkspaceMember = async (workspaceId, userId) => {\n→ 84   return await prisma.workspaceMember.findUnique({\n         where: {\n           workspaceId_userId: {\n             userId: \"00007bbe-5b8b-4e8e-a00d-1f8ffedca010\",\n       +     workspaceId: String\n           }\n         },\n         include: {\n           workspace: true,\n           user: {\n             select: {\n               id: true,\n               email: true,\n               name: true\n             }\n           }\n         }\n       })\n\nArgument `workspaceId` is missing.\n    at tr (C:\\Abhishek\\Workspace\\Virtual Instructor\\AthenaVI_backend\\node_modules\\@prisma\\client\\runtime\\client.js:10:1379)\n    at qr.handleRequestError (C:\\Abhishek\\Workspace\\Virtual Instructor\\AthenaVI_backend\\node_modules\\@prisma\\client\\runtime\\client.js:65:7815)\n    at qr.handleAndLogRequestError (C:\\Abhishek\\Workspace\\Virtual Instructor\\AthenaVI_backend\\node_modules\\@prisma\\client\\runtime\\client.js:65:7467)\n    at qr.request (C:\\Abhishek\\Workspace\\Virtual Instructor\\AthenaVI_backend\\node_modules\\@prisma\\client\\runtime\\client.js:65:7174)\n    at process.processTicksAndRejections (node:internal/process/task_queues:105:5)\n    at async a (C:\\Abhishek\\Workspace\\Virtual Instructor\\AthenaVI_backend\\node_modules\\@prisma\\client\\runtime\\client.js:75:5816)\n    at async Object.findWorkspaceMember (C:\\Abhishek\\Workspace\\Virtual Instructor\\AthenaVI_backend\\src\\modules\\workspace\\workspace.dao.js:84:10)\n    at async Object.cancelInvitation (C:\\Abhishek\\Workspace\\Virtual Instructor\\AthenaVI_backend\\src\\modules\\workspace\\workspace.service.js:156:29)\n    at async C:\\Abhishek\\Workspace\\Virtual Instructor\\AthenaVI_backend\\src\\modules\\workspace\\workspace.controller.js:86:18","timestamp":"2026-03-16T09:44:08.623Z"}
{"level":"info","message":"Server running bHYon port 9000","timestamp":"2026-03-16T09:46:31.206Z"}
{"level":"info","message":"Server running bHYon port 9000","timestamp":"2026-03-16T09:46:43.919Z"}
{"level":"info","message":"Server running bHYon port 9000","timestamp":"2026-03-16T09:46:50.156Z"}
{"level":"error","message":"PrismaClientValidationError: \nInvalid `prisma.workspaceMember.findUnique()` invocation in\nC:\\Abhishek\\Workspace\\Virtual Instructor\\AthenaVI_backend\\src\\modules\\workspace\\workspace.dao.js:84:39\n\n  81 };\n  82 \n  83 const findWorkspaceMember = async (workspaceId, userId) => {\n→ 84   return await prisma.workspaceMember.findUnique({\n         where: {\n           workspaceId_userId: {\n             userId: \"00007bbe-5b8b-4e8e-a00d-1f8ffedca010\",\n       +     workspaceId: String\n           }\n         },\n         include: {\n           workspace: true,\n           user: {\n             select: {\n               id: true,\n               email: true,\n               name: true\n             }\n           }\n         }\n       })\n\nArgument `workspaceId` is missing.\n    at tr (C:\\Abhishek\\Workspace\\Virtual Instructor\\AthenaVI_backend\\node_modules\\@prisma\\client\\runtime\\client.js:10:1379)\n    at qr.handleRequestError (C:\\Abhishek\\Workspace\\Virtual Instructor\\AthenaVI_backend\\node_modules\\@prisma\\client\\runtime\\client.js:65:7815)\n    at qr.handleAndLogRequestError (C:\\Abhishek\\Workspace\\Virtual Instructor\\AthenaVI_backend\\node_modules\\@prisma\\client\\runtime\\client.js:65:7467)\n    at qr.request (C:\\Abhishek\\Workspace\\Virtual Instructor\\AthenaVI_backend\\node_modules\\@prisma\\client\\runtime\\client.js:65:7174)\n    at process.processTicksAndRejections (node:internal/process/task_queues:105:5)\n    at async a (C:\\Abhishek\\Workspace\\Virtual Instructor\\AthenaVI_backend\\node_modules\\@prisma\\client\\runtime\\client.js:75:5816)\n    at async Object.findWorkspaceMember (C:\\Abhishek\\Workspace\\Virtual Instructor\\AthenaVI_backend\\src\\modules\\workspace\\workspace.dao.js:84:10)\n    at async Object.cancelInvitation (C:\\Abhishek\\Workspace\\Virtual Instructor\\AthenaVI_backend\\src\\modules\\workspace\\workspace.service.js:157:29)\n    at async C:\\Abhishek\\Workspace\\Virtual Instructor\\AthenaVI_backend\\src\\modules\\workspace\\workspace.controller.js:88:18","timestamp":"2026-03-16T09:47:31.284Z"}
{"level":"info","message":"Server running bHYon port 9000","timestamp":"2026-03-16T09:55:03.681Z"}
{"level":"info","message":"Server running bHYon port 9000","timestamp":"2026-03-16T09:55:08.862Z"}
{"level":"info","message":"Server running bHYon port 9000","timestamp":"2026-03-16T09:55:41.107Z"}
{"level":"info","message":"Server running bHYon port 9000","timestamp":"2026-03-16T09:56:02.783Z"}
{"level":"info","message":"Server running bHYon port 9000","timestamp":"2026-03-16T09:56:10.064Z"}
{"level":"error","message":"Error: Invitation is not pending\n    at Object.cancelInvitation (C:\\Abhishek\\Workspace\\Virtual Instructor\\AthenaVI_backend\\src\\modules\\workspace\\workspace.service.js:173:11)\n    at process.processTicksAndRejections (node:internal/process/task_queues:105:5)\n    at async C:\\Abhishek\\Workspace\\Virtual Instructor\\AthenaVI_backend\\src\\modules\\workspace\\workspace.controller.js:88:18","timestamp":"2026-03-16T09:56:39.480Z"}
{"level":"info","message":"Server running bHYon port 9000","timestamp":"2026-03-16T09:58:36.540Z"}
{"level":"error","message":"Error: Invitation has expired or is invalid\n    at Object.acceptInvitation (C:\\Abhishek\\Workspace\\Virtual Instructor\\AthenaVI_backend\\src\\modules\\workspace\\workspace.service.js:187:11)\n    at process.processTicksAndRejections (node:internal/process/task_queues:105:5)\n    at async C:\\Abhishek\\Workspace\\Virtual Instructor\\AthenaVI_backend\\src\\modules\\workspace\\workspace.controller.js:106:21","timestamp":"2026-03-16T10:03:07.349Z"}
{"level":"error","message":"Error: Invitation was sent to a different email address\n    at Object.acceptInvitation (C:\\Abhishek\\Workspace\\Virtual Instructor\\AthenaVI_backend\\src\\modules\\workspace\\workspace.service.js:198:11)\n    at process.processTicksAndRejections (node:internal/process/task_queues:105:5)\n    at async C:\\Abhishek\\Workspace\\Virtual Instructor\\AthenaVI_backend\\src\\modules\\workspace\\workspace.controller.js:106:21","timestamp":"2026-03-16T10:03:49.902Z"}
{"level":"info","message":"Server running bHYon port 9000","timestamp":"2026-03-16T10:11:22.554Z"}
{"level":"info","message":"Server running bHYon port 9000","timestamp":"2026-03-16T10:11:24.730Z"}
{"level":"info","message":"Server running bHYon port 9000","timestamp":"2026-03-16T10:11:31.599Z"}
{"level":"info","message":"Server running bHYon port 9000","timestamp":"2026-03-16T10:11:33.243Z"}
{"level":"info","message":"Server running bHYon port 9000","timestamp":"2026-03-16T10:11:40.013Z"}
{"level":"info","message":"Server running bHYon port 9000","timestamp":"2026-03-16T10:24:32.220Z"}
{"level":"info","message":"Server running bHYon port 9000","timestamp":"2026-03-16T10:26:44.254Z"}
{"level":"info","message":"Server running bHYon port 9000","timestamp":"2026-03-30T10:38:48.372Z"}
{"level":"error","message":"Error: Invalid email or password\n    at C:\\Abhishek\\Workspace\\Virtual Instructor\\AthenaVI_backend\\src\\modules\\auth\\auth.controller.js:188:11\n    at process.processTicksAndRejections (node:internal/process/task_queues:105:5)","timestamp":"2026-03-30T10:41:02.468Z"}
{"level":"error","message":"PrismaClientValidationError: \nInvalid `prisma.folder.create()` invocation in\nC:\\Abhishek\\Workspace\\Virtual Instructor\\AthenaVI_backend\\src\\modules\\folder\\folder.service.js:33:38\n\n  30 \n  31 async function createFolder(workspaceId, userId, folderData) {\n  32   //   await validateWorkspaceAccess(workspaceId, userId);\n→ 33   const folder = await prisma.folder.create({\n         data: {\n           workspaceId: undefined,\n           createdBy: \"2810bb10-1400-4065-8bab-8c60dd9f92c9\",\n       +   name: String\n         }\n       })\n\nArgument `name` is missing.\n    at tr (C:\\Abhishek\\Workspace\\Virtual Instructor\\AthenaVI_backend\\node_modules\\@prisma\\client\\runtime\\client.js:10:1379)\n    at qr.handleRequestError (C:\\Abhishek\\Workspace\\Virtual Instructor\\AthenaVI_backend\\node_modules\\@prisma\\client\\runtime\\client.js:65:7815)\n    at qr.handleAndLogRequestError (C:\\Abhishek\\Workspace\\Virtual Instructor\\AthenaVI_backend\\node_modules\\@prisma\\client\\runtime\\client.js:65:7467)\n    at qr.request (C:\\Abhishek\\Workspace\\Virtual Instructor\\AthenaVI_backend\\node_modules\\@prisma\\client\\runtime\\client.js:65:7174)\n    at process.processTicksAndRejections (node:internal/process/task_queues:105:5)\n    at async a (C:\\Abhishek\\Workspace\\Virtual Instructor\\AthenaVI_backend\\node_modules\\@prisma\\client\\runtime\\client.js:75:5816)\n    at async Object.createFolder (C:\\Abhishek\\Workspace\\Virtual Instructor\\AthenaVI_backend\\src\\modules\\folder\\folder.service.js:33:18)\n    at async C:\\Abhishek\\Workspace\\Virtual Instructor\\AthenaVI_backend\\src\\modules\\folder\\folder.controller.js:21:18","timestamp":"2026-03-30T10:49:18.807Z"}
{"level":"info","message":"Server running bHYon port 9000","timestamp":"2026-03-30T10:51:15.558Z"}
{"level":"error","message":"PrismaClientValidationError: \nInvalid `prisma.folder.create()` invocation in\nC:\\Abhishek\\Workspace\\Virtual Instructor\\AthenaVI_backend\\src\\modules\\folder\\folder.service.js:33:38\n\n  30 \n  31 async function createFolder(workspaceId, userId, folderData) {\n  32   //   await validateWorkspaceAccess(workspaceId, userId);\n→ 33   const folder = await prisma.folder.create({\n         data: {\n           workspaceId: undefined,\n           createdBy: \"2810bb10-1400-4065-8bab-8c60dd9f92c9\",\n       +   name: String\n         }\n       })\n\nArgument `name` is missing.\n    at tr (C:\\Abhishek\\Workspace\\Virtual Instructor\\AthenaVI_backend\\node_modules\\@prisma\\client\\runtime\\client.js:10:1379)\n    at qr.handleRequestError (C:\\Abhishek\\Workspace\\Virtual Instructor\\AthenaVI_backend\\node_modules\\@prisma\\client\\runtime\\client.js:65:7815)\n    at qr.handleAndLogRequestError (C:\\Abhishek\\Workspace\\Virtual Instructor\\AthenaVI_backend\\node_modules\\@prisma\\client\\runtime\\client.js:65:7467)\n    at qr.request (C:\\Abhishek\\Workspace\\Virtual Instructor\\AthenaVI_backend\\node_modules\\@prisma\\client\\runtime\\client.js:65:7174)\n    at process.processTicksAndRejections (node:internal/process/task_queues:105:5)\n    at async a (C:\\Abhishek\\Workspace\\Virtual Instructor\\AthenaVI_backend\\node_modules\\@prisma\\client\\runtime\\client.js:75:5816)\n    at async Object.createFolder (C:\\Abhishek\\Workspace\\Virtual Instructor\\AthenaVI_backend\\src\\modules\\folder\\folder.service.js:33:18)\n    at async C:\\Abhishek\\Workspace\\Virtual Instructor\\AthenaVI_backend\\src\\modules\\folder\\folder.controller.js:21:18","timestamp":"2026-03-30T10:51:23.068Z"}
{"level":"info","message":"Server running bHYon port 9000","timestamp":"2026-03-30T10:52:50.376Z"}
{"level":"info","message":"Server running bHYon port 9000","timestamp":"2026-03-30T10:52:55.503Z"}
{"level":"info","message":"Server running bHYon port 9000","timestamp":"2026-03-30T10:52:59.607Z"}
{"level":"error","message":"PrismaClientValidationError: \nInvalid `prisma.folder.create()` invocation in\nC:\\Abhishek\\Workspace\\Virtual Instructor\\AthenaVI_backend\\src\\modules\\folder\\folder.service.js:33:38\n\n  30 \n  31 async function createFolder(workspaceId, userId, folderData) {\n  32   //   await validateWorkspaceAccess(workspaceId, userId);\n→ 33   const folder = await prisma.folder.create({\n         data: {\n           workspaceId: \"7ad5ef67-31c0-42fd-8c56-b27ad125ca4a\",\n           createdBy: \"2810bb10-1400-4065-8bab-8c60dd9f92c9\",\n       +   name: String\n         }\n       })\n\nArgument `name` is missing.\n    at tr (C:\\Abhishek\\Workspace\\Virtual Instructor\\AthenaVI_backend\\node_modules\\@prisma\\client\\runtime\\client.js:10:1379)\n    at qr.handleRequestError (C:\\Abhishek\\Workspace\\Virtual Instructor\\AthenaVI_backend\\node_modules\\@prisma\\client\\runtime\\client.js:65:7815)\n    at qr.handleAndLogRequestError (C:\\Abhishek\\Workspace\\Virtual Instructor\\AthenaVI_backend\\node_modules\\@prisma\\client\\runtime\\client.js:65:7467)\n    at qr.request (C:\\Abhishek\\Workspace\\Virtual Instructor\\AthenaVI_backend\\node_modules\\@prisma\\client\\runtime\\client.js:65:7174)\n    at process.processTicksAndRejections (node:internal/process/task_queues:105:5)\n    at async a (C:\\Abhishek\\Workspace\\Virtual Instructor\\AthenaVI_backend\\node_modules\\@prisma\\client\\runtime\\client.js:75:5816)\n    at async Object.createFolder (C:\\Abhishek\\Workspace\\Virtual Instructor\\AthenaVI_backend\\src\\modules\\folder\\folder.service.js:33:18)\n    at async C:\\Abhishek\\Workspace\\Virtual Instructor\\AthenaVI_backend\\src\\modules\\folder\\folder.controller.js:21:18","timestamp":"2026-03-30T10:53:06.488Z"}
{"level":"info","message":"Server running bHYon port 9000","timestamp":"2026-03-30T10:53:28.172Z"}
{"level":"error","message":"PrismaClientValidationError: \nInvalid `prisma.folder.create()` invocation in\nC:\\Abhishek\\Workspace\\Virtual Instructor\\AthenaVI_backend\\src\\modules\\folder\\folder.service.js:33:38\n\n  30 \n  31 async function createFolder(workspaceId, userId, folderData) {\n  32   //   await validateWorkspaceAccess(workspaceId, userId);\n→ 33   const folder = await prisma.folder.create({\n         data: {\n           workspaceId: \"7ad5ef67-31c0-42fd-8c56-b27ad125ca4a\",\n           createdBy: \"2810bb10-1400-4065-8bab-8c60dd9f92c9\",\n       +   name: String\n         }\n       })\n\nArgument `name` is missing.\n    at tr (C:\\Abhishek\\Workspace\\Virtual Instructor\\AthenaVI_backend\\node_modules\\@prisma\\client\\runtime\\client.js:10:1379)\n    at qr.handleRequestError (C:\\Abhishek\\Workspace\\Virtual Instructor\\AthenaVI_backend\\node_modules\\@prisma\\client\\runtime\\client.js:65:7815)\n    at qr.handleAndLogRequestError (C:\\Abhishek\\Workspace\\Virtual Instructor\\AthenaVI_backend\\node_modules\\@prisma\\client\\runtime\\client.js:65:7467)\n    at qr.request (C:\\Abhishek\\Workspace\\Virtual Instructor\\AthenaVI_backend\\node_modules\\@prisma\\client\\runtime\\client.js:65:7174)\n    at process.processTicksAndRejections (node:internal/process/task_queues:105:5)\n    at async a (C:\\Abhishek\\Workspace\\Virtual Instructor\\AthenaVI_backend\\node_modules\\@prisma\\client\\runtime\\client.js:75:5816)\n    at async Object.createFolder (C:\\Abhishek\\Workspace\\Virtual Instructor\\AthenaVI_backend\\src\\modules\\folder\\folder.service.js:33:18)\n    at async C:\\Abhishek\\Workspace\\Virtual Instructor\\AthenaVI_backend\\src\\modules\\folder\\folder.controller.js:21:18","timestamp":"2026-03-30T10:53:31.337Z"}
{"level":"info","message":"Server running bHYon port 9000","timestamp":"2026-03-30T10:54:18.321Z"}
{"level":"error","message":"PrismaClientValidationError: \nInvalid `prisma.folder.create()` invocation in\nC:\\Abhishek\\Workspace\\Virtual Instructor\\AthenaVI_backend\\src\\modules\\folder\\folder.service.js:33:38\n\n  30 \n  31 async function createFolder(workspaceId, userId, folderData) {\n  32   //   await validateWorkspaceAccess(workspaceId, userId);\n→ 33   const folder = await prisma.folder.create({\n         data: {\n           workspaceId: \"7ad5ef67-31c0-42fd-8c56-b27ad125ca4a\",\n           createdBy: \"2810bb10-1400-4065-8bab-8c60dd9f92c9\",\n       +   name: String\n         }\n       })\n\nArgument `name` is missing.\n    at tr (C:\\Abhishek\\Workspace\\Virtual Instructor\\AthenaVI_backend\\node_modules\\@prisma\\client\\runtime\\client.js:10:1379)\n    at qr.handleRequestError (C:\\Abhishek\\Workspace\\Virtual Instructor\\AthenaVI_backend\\node_modules\\@prisma\\client\\runtime\\client.js:65:7815)\n    at qr.handleAndLogRequestError (C:\\Abhishek\\Workspace\\Virtual Instructor\\AthenaVI_backend\\node_modules\\@prisma\\client\\runtime\\client.js:65:7467)\n    at qr.request (C:\\Abhishek\\Workspace\\Virtual Instructor\\AthenaVI_backend\\node_modules\\@prisma\\client\\runtime\\client.js:65:7174)\n    at process.processTicksAndRejections (node:internal/process/task_queues:105:5)\n    at async a (C:\\Abhishek\\Workspace\\Virtual Instructor\\AthenaVI_backend\\node_modules\\@prisma\\client\\runtime\\client.js:75:5816)\n    at async Object.createFolder (C:\\Abhishek\\Workspace\\Virtual Instructor\\AthenaVI_backend\\src\\modules\\folder\\folder.service.js:33:18)\n    at async C:\\Abhishek\\Workspace\\Virtual Instructor\\AthenaVI_backend\\src\\modules\\folder\\folder.controller.js:21:18","timestamp":"2026-03-30T10:54:21.555Z"}
{"level":"error","message":"PrismaClientValidationError: \nInvalid `prisma.folder.create()` invocation in\nC:\\Abhishek\\Workspace\\Virtual Instructor\\AthenaVI_backend\\src\\modules\\folder\\folder.service.js:33:38\n\n  30 \n  31 async function createFolder(workspaceId, userId, folderData) {\n  32   //   await validateWorkspaceAccess(workspaceId, userId);\n→ 33   const folder = await prisma.folder.create({\n         data: {\n           workspaceId: \"7ad5ef67-31c0-42fd-8c56-b27ad125ca4a\",\n           createdBy: \"2810bb10-1400-4065-8bab-8c60dd9f92c9\",\n       +   name: String\n         }\n       })\n\nArgument `name` is missing.\n    at tr (C:\\Abhishek\\Workspace\\Virtual Instructor\\AthenaVI_backend\\node_modules\\@prisma\\client\\runtime\\client.js:10:1379)\n    at qr.handleRequestError (C:\\Abhishek\\Workspace\\Virtual Instructor\\AthenaVI_backend\\node_modules\\@prisma\\client\\runtime\\client.js:65:7815)\n    at qr.handleAndLogRequestError (C:\\Abhishek\\Workspace\\Virtual Instructor\\AthenaVI_backend\\node_modules\\@prisma\\client\\runtime\\client.js:65:7467)\n    at qr.request (C:\\Abhishek\\Workspace\\Virtual Instructor\\AthenaVI_backend\\node_modules\\@prisma\\client\\runtime\\client.js:65:7174)\n    at process.processTicksAndRejections (node:internal/process/task_queues:105:5)\n    at async a (C:\\Abhishek\\Workspace\\Virtual Instructor\\AthenaVI_backend\\node_modules\\@prisma\\client\\runtime\\client.js:75:5816)\n    at async Object.createFolder (C:\\Abhishek\\Workspace\\Virtual Instructor\\AthenaVI_backend\\src\\modules\\folder\\folder.service.js:33:18)\n    at async C:\\Abhishek\\Workspace\\Virtual Instructor\\AthenaVI_backend\\src\\modules\\folder\\folder.controller.js:21:18","timestamp":"2026-03-30T10:54:36.955Z"}
{"level":"info","message":"Server running bHYon port 9000","timestamp":"2026-03-30T10:55:10.027Z"}
{"level":"info","message":"Server running bHYon port 9000","timestamp":"2026-03-30T10:55:16.089Z"}
{"level":"info","message":"Server running bHYon port 9000","timestamp":"2026-03-30T10:55:19.626Z"}
{"level":"info","message":"Server running bHYon port 9000","timestamp":"2026-03-30T10:56:14.515Z"}
{"level":"info","message":"Server running bHYon port 9000","timestamp":"2026-03-30T11:31:09.198Z"}
{"level":"info","message":"Server running bHYon port 9000","timestamp":"2026-03-30T11:31:11.046Z"}
{"level":"info","message":"Server running bHYon port 9000","timestamp":"2026-03-30T11:31:13.934Z"}
{"level":"info","message":"Server running bHYon port 9000","timestamp":"2026-03-30T11:31:24.960Z"}
{"level":"info","message":"Server running bHYon port 9000","timestamp":"2026-03-30T11:31:28.855Z"}
{"level":"error","message":"PrismaClientValidationError: \nInvalid `prisma.workspaceMember.findUnique()` invocation in\nC:\\Abhishek\\Workspace\\Virtual Instructor\\AthenaVI_backend\\src\\middlewares\\folderPermission.js:19:47\n\n  16 }\n  17 \n  18 // check membership\n→ 19 const member = await prisma.workspaceMember.findUnique({\n       where: {\n         userId_workspaceId: {\n         ~~~~~~~~~~~~~~~~~~\n           userId: \"2810bb10-1400-4065-8bab-8c60dd9f92c9\",\n           workspaceId: \"7ad5ef67-31c0-42fd-8c56-b27ad125ca4a\"\n         },\n     ?   id?: String,\n     ?   workspaceId_userId?: WorkspaceMemberWorkspaceIdUserIdCompoundUniqueInput,\n     ?   AND?: WorkspaceMemberWhereInput | WorkspaceMemberWhereInput[],\n     ?   OR?: WorkspaceMemberWhereInput[],\n     ?   NOT?: WorkspaceMemberWhereInput | WorkspaceMemberWhereInput[],\n     ?   workspaceId?: StringFilter | String,\n     ?   userId?: StringFilter | String,\n     ?   role?: EnumWorkspaceRoleFilter | WorkspaceRole,\n     ?   joinedAt?: DateTimeFilter | DateTime,\n     ?   workspace?: WorkspaceScalarRelationFilter | WorkspaceWhereInput,\n     ?   user?: UserScalarRelationFilter | UserWhereInput\n       }\n     })\n\nUnknown argument `userId_workspaceId`. Available options are marked with ?.\n    at tr (C:\\Abhishek\\Workspace\\Virtual Instructor\\AthenaVI_backend\\node_modules\\@prisma\\client\\runtime\\client.js:10:1379)\n    at qr.handleRequestError (C:\\Abhishek\\Workspace\\Virtual Instructor\\AthenaVI_backend\\node_modules\\@prisma\\client\\runtime\\client.js:65:7815)\n    at qr.handleAndLogRequestError (C:\\Abhishek\\Workspace\\Virtual Instructor\\AthenaVI_backend\\node_modules\\@prisma\\client\\runtime\\client.js:65:7467)\n    at qr.request (C:\\Abhishek\\Workspace\\Virtual Instructor\\AthenaVI_backend\\node_modules\\@prisma\\client\\runtime\\client.js:65:7174)\n    at process.processTicksAndRejections (node:internal/process/task_queues:105:5)\n    at async a (C:\\Abhishek\\Workspace\\Virtual Instructor\\AthenaVI_backend\\node_modules\\@prisma\\client\\runtime\\client.js:75:5816)\n    at async C:\\Abhishek\\Workspace\\Virtual Instructor\\AthenaVI_backend\\src\\middlewares\\folderPermission.js:19:18","timestamp":"2026-03-30T11:34:57.363Z"}
{"level":"info","message":"Server running bHYon port 9000","timestamp":"2026-03-30T11:40:14.241Z"}
{"level":"info","message":"Server running bHYon port 9000","timestamp":"2026-03-30T11:40:16.185Z"}
{"level":"info","message":"Server running bHYon port 9000","timestamp":"2026-03-30T11:40:18.193Z"}
{"level":"info","message":"Server running bHYon port 9000","timestamp":"2026-03-30T11:40:34.963Z"}
{"level":"info","message":"Server running bHYon port 9000","timestamp":"2026-03-30T11:40:38.173Z"}
{"level":"error","message":"TypeError: Cannot destructure property 'name' of 'req.body' as it is undefined.\n    at C:\\Abhishek\\Workspace\\Virtual Instructor\\AthenaVI_backend\\src\\modules\\folder\\folder.controller.js:28:11\n    at C:\\Abhishek\\Workspace\\Virtual Instructor\\AthenaVI_backend\\src\\shared\\utils\\asyncHandler.js:2:19\n    at Layer.handleRequest (C:\\Abhishek\\Workspace\\Virtual Instructor\\AthenaVI_backend\\node_modules\\router\\lib\\layer.js:152:17)\n    at next (C:\\Abhishek\\Workspace\\Virtual Instructor\\AthenaVI_backend\\node_modules\\router\\lib\\route.js:157:13)\n    at C:\\Abhishek\\Workspace\\Virtual Instructor\\AthenaVI_backend\\src\\middlewares\\folderPermission.js:41:3\n    at process.processTicksAndRejections (node:internal/process/task_queues:105:5)","timestamp":"2026-03-30T11:40:47.268Z"}
{"level":"info","message":"Server running bHYon port 9000","timestamp":"2026-03-30T11:42:56.287Z"}
{"level":"info","message":"Server running bHYon port 9000","timestamp":"2026-03-30T11:43:00.528Z"}
{"level":"info","message":"Server running bHYon port 9000","timestamp":"2026-03-30T11:43:08.793Z"}
{"level":"info","message":"Server running bHYon port 9000","timestamp":"2026-03-30T11:43:10.075Z"}
{"level":"info","message":"Server running bHYon port 9000","timestamp":"2026-03-30T11:43:23.131Z"}
{"level":"info","message":"Server running bHYon port 9000","timestamp":"2026-03-30T11:43:25.248Z"}
{"level":"info","message":"Server running bHYon port 9000","timestamp":"2026-03-30T11:43:30.733Z"}
{"level":"info","message":"Server running bHYon port 9000","timestamp":"2026-03-30T11:43:32.243Z"}
{"level":"info","message":"Server running bHYon port 9000","timestamp":"2026-03-30T11:43:38.471Z"}
{"level":"info","message":"Server running bHYon port 9000","timestamp":"2026-03-30T11:43:42.413Z"}
{"level":"info","message":"Server running bHYon port 9000","timestamp":"2026-03-30T11:43:45.176Z"}
{"level":"info","message":"Server running bHYon port 9000","timestamp":"2026-03-30T11:43:51.330Z"}
{"level":"info","message":"Server running bHYon port 9000","timestamp":"2026-03-30T11:43:54.981Z"}
{"level":"info","message":"Server running bHYon port 9000","timestamp":"2026-03-30T11:44:49.272Z"}
{"level":"info","message":"Server running bHYon port 9000","timestamp":"2026-03-30T11:44:53.223Z"}
{"level":"error","message":"Error: Folder not found\n    at C:\\Abhishek\\Workspace\\Virtual Instructor\\AthenaVI_backend\\src\\middlewares\\folderPermission.js:15:11\n    at process.processTicksAndRejections (node:internal/process/task_queues:105:5)","timestamp":"2026-03-30T11:53:56.484Z"}
{"level":"error","message":"Error: Folder not found\n    at C:\\Abhishek\\Workspace\\Virtual Instructor\\AthenaVI_backend\\src\\middlewares\\folderPermission.js:15:11\n    at process.processTicksAndRejections (node:internal/process/task_queues:105:5)","timestamp":"2026-03-30T11:54:51.116Z"}
{"level":"error","message":"Error: You do not have access to this workspace\n    at C:\\Abhishek\\Workspace\\Virtual Instructor\\AthenaVI_backend\\src\\middlewares\\folderPermission.js:28:11\n    at process.processTicksAndRejections (node:internal/process/task_queues:105:5)","timestamp":"2026-03-30T11:55:03.550Z"}
{"level":"error","message":"Error: You do not have access to this workspace\n    at C:\\Abhishek\\Workspace\\Virtual Instructor\\AthenaVI_backend\\src\\middlewares\\folderPermission.js:28:11\n    at process.processTicksAndRejections (node:internal/process/task_queues:105:5)","timestamp":"2026-03-30T11:55:28.381Z"}
{"level":"info","message":"Server running bHYon port 9000","timestamp":"2026-03-31T04:11:44.094Z"}
{"level":"info","message":"Server running bHYon port 9000","timestamp":"2026-04-07T04:54:49.950Z"}
{"level":"info","message":"Server running bHYon port 9000","timestamp":"2026-04-07T05:08:34.989Z"}
{"level":"error","message":"Error: Session expired\n    at C:\\Abhishek\\Workspace\\Virtual Instructor\\AthenaVI_backend\\src\\modules\\auth\\auth.controller.js:290:11\n    at process.processTicksAndRejections (node:internal/process/task_queues:105:5)","timestamp":"2026-04-07T05:10:24.594Z"}
{"level":"error","message":"ReferenceError: findUserById is not defined\n    at Object.uploadAsset (C:\\Abhishek\\Workspace\\Virtual Instructor\\AthenaVI_backend\\src\\modules\\asset\\asset.service.js:9:19)\n    at C:\\Abhishek\\Workspace\\Virtual Instructor\\AthenaVI_backend\\src\\modules\\asset\\asset.controller.js:12:38\n    at C:\\Abhishek\\Workspace\\Virtual Instructor\\AthenaVI_backend\\src\\shared\\utils\\asyncHandler.js:2:19\n    at Layer.handleRequest (C:\\Abhishek\\Workspace\\Virtual Instructor\\AthenaVI_backend\\node_modules\\router\\lib\\layer.js:152:17)\n    at next (C:\\Abhishek\\Workspace\\Virtual Instructor\\AthenaVI_backend\\node_modules\\router\\lib\\route.js:157:13)\n    at done (C:\\Abhishek\\Workspace\\Virtual Instructor\\AthenaVI_backend\\node_modules\\multer\\lib\\make-middleware.js:69:7)\n    at indicateDone (C:\\Abhishek\\Workspace\\Virtual Instructor\\AthenaVI_backend\\node_modules\\multer\\lib\\make-middleware.js:73:68)\n    at Multipart.<anonymous> (C:\\Abhishek\\Workspace\\Virtual Instructor\\AthenaVI_backend\\node_modules\\multer\\lib\\make-middleware.js:243:7)\n    at Multipart.emit (node:events:518:28)\n    at emitCloseNT (node:internal/streams/destroy:148:10)","timestamp":"2026-04-07T05:12:06.641Z"}
{"level":"info","message":"Server running bHYon port 9000","timestamp":"2026-04-07T05:12:25.731Z"}
{"level":"info","message":"Server running bHYon port 9000","timestamp":"2026-04-07T05:12:42.666Z"}
{"level":"info","message":"Server running bHYon port 9000","timestamp":"2026-04-07T05:12:48.325Z"}
{"level":"info","message":"Server running bHYon port 9000","timestamp":"2026-04-07T05:12:51.964Z"}
{"level":"info","message":"Server running bHYon port 9000","timestamp":"2026-04-07T05:12:58.187Z"}
{"level":"error","message":"TypeError [ERR_INVALID_ARG_TYPE]: The \"path\" argument must be of type string. Received undefined\n    at Object.extname (node:path:922:5)\n    at uploadFile (C:\\Abhishek\\Workspace\\Virtual Instructor\\AthenaVI_backend\\src\\modules\\s3\\s3.service.js:18:26)\n    at Object.uploadAsset (C:\\Abhishek\\Workspace\\Virtual Instructor\\AthenaVI_backend\\src\\modules\\asset\\asset.service.js:21:32)\n    at process.processTicksAndRejections (node:internal/process/task_queues:105:5)\n    at async C:\\Abhishek\\Workspace\\Virtual Instructor\\AthenaVI_backend\\src\\modules\\asset\\asset.controller.js:12:19","timestamp":"2026-04-07T05:13:03.346Z"}
{"level":"error","message":"ReferenceError: AppError is not defined\n    at C:\\Abhishek\\Workspace\\Virtual Instructor\\AthenaVI_backend\\src\\middlewares\\workspaceAccess.js:16:9\n    at process.processTicksAndRejections (node:internal/process/task_queues:105:5)","timestamp":"2026-04-07T05:13:40.684Z"}
{"level":"error","message":"TypeError [ERR_INVALID_ARG_TYPE]: The \"path\" argument must be of type string. Received undefined\n    at Object.extname (node:path:922:5)\n    at uploadFile (C:\\Abhishek\\Workspace\\Virtual Instructor\\AthenaVI_backend\\src\\modules\\s3\\s3.service.js:18:26)\n    at Object.uploadAsset (C:\\Abhishek\\Workspace\\Virtual Instructor\\AthenaVI_backend\\src\\modules\\asset\\asset.service.js:21:32)\n    at process.processTicksAndRejections (node:internal/process/task_queues:105:5)\n    at async C:\\Abhishek\\Workspace\\Virtual Instructor\\AthenaVI_backend\\src\\modules\\asset\\asset.controller.js:12:19","timestamp":"2026-04-07T05:13:46.873Z"}
{"level":"info","message":"Server running bHYon port 9000","timestamp":"2026-04-07T05:14:20.278Z"}
{"level":"error","message":"TypeError [ERR_INVALID_ARG_TYPE]: The \"path\" argument must be of type string. Received undefined\n    at Object.extname (node:path:922:5)\n    at uploadFile (C:\\Abhishek\\Workspace\\Virtual Instructor\\AthenaVI_backend\\src\\modules\\s3\\s3.service.js:18:26)\n    at Object.uploadAsset (C:\\Abhishek\\Workspace\\Virtual Instructor\\AthenaVI_backend\\src\\modules\\asset\\asset.service.js:21:32)\n    at process.processTicksAndRejections (node:internal/process/task_queues:105:5)\n    at async C:\\Abhishek\\Workspace\\Virtual Instructor\\AthenaVI_backend\\src\\modules\\asset\\asset.controller.js:12:19","timestamp":"2026-04-07T05:14:23.727Z"}
{"level":"error","message":"TypeError [ERR_INVALID_ARG_TYPE]: The \"path\" argument must be of type string. Received undefined\n    at Object.extname (node:path:922:5)\n    at uploadFile (C:\\Abhishek\\Workspace\\Virtual Instructor\\AthenaVI_backend\\src\\modules\\s3\\s3.service.js:18:26)\n    at Object.uploadAsset (C:\\Abhishek\\Workspace\\Virtual Instructor\\AthenaVI_backend\\src\\modules\\asset\\asset.service.js:21:32)\n    at process.processTicksAndRejections (node:internal/process/task_queues:105:5)\n    at async C:\\Abhishek\\Workspace\\Virtual Instructor\\AthenaVI_backend\\src\\modules\\asset\\asset.controller.js:12:19","timestamp":"2026-04-07T05:21:57.041Z"}
{"level":"info","message":"Server running bHYon port 9000","timestamp":"2026-04-07T05:34:34.598Z"}
{"level":"info","message":"Server running bHYon port 9000","timestamp":"2026-04-07T05:34:40.893Z"}
{"level":"info","message":"Server running bHYon port 9000","timestamp":"2026-04-07T05:34:43.616Z"}
{"level":"info","message":"Server running bHYon port 9000","timestamp":"2026-04-07T05:35:16.281Z"}
{"level":"info","message":"Server running bHYon port 9000","timestamp":"2026-04-07T05:35:21.458Z"}
{"level":"info","message":"Server running bHYon port 9000","timestamp":"2026-04-07T05:35:34.659Z"}
{"level":"info","message":"Server running bHYon port 9000","timestamp":"2026-04-07T05:35:36.365Z"}
{"level":"info","message":"Server running bHYon port 9000","timestamp":"2026-04-07T05:35:38.258Z"}
{"level":"error","message":"ReferenceError: deleteFromS3 is not defined\n    at Object.uploadAsset (C:\\Abhishek\\Workspace\\Virtual Instructor\\AthenaVI_backend\\src\\modules\\asset\\asset.service.js:42:7)\n    at process.processTicksAndRejections (node:internal/process/task_queues:105:5)\n    at async C:\\Abhishek\\Workspace\\Virtual Instructor\\AthenaVI_backend\\src\\modules\\asset\\asset.controller.js:12:19","timestamp":"2026-04-07T05:35:55.413Z"}
{"level":"info","message":"Server running bHYon port 9000","timestamp":"2026-04-07T05:36:22.000Z"}
{"level":"info","message":"Server running bHYon port 9000","timestamp":"2026-04-07T05:36:24.745Z"}
{"level":"error","message":"ReferenceError: prisma is not defined\n    at Object.uploadAsset (C:\\Abhishek\\Workspace\\Virtual Instructor\\AthenaVI_backend\\src\\modules\\asset\\asset.service.js:25:20)\n    at process.processTicksAndRejections (node:internal/process/task_queues:105:5)\n    at async C:\\Abhishek\\Workspace\\Virtual Instructor\\AthenaVI_backend\\src\\modules\\asset\\asset.controller.js:12:19","timestamp":"2026-04-07T05:36:35.637Z"}
{"level":"info","message":"Server running bHYon port 9000","timestamp":"2026-04-07T05:36:59.922Z"}
{"level":"error","message":"TypeError: Cannot read properties of undefined (reading 'create')\n    at Object.createAsset (C:\\Abhishek\\Workspace\\Virtual Instructor\\AthenaVI_backend\\src\\modules\\asset\\asset.dao.js:12:23)\n    at C:\\Abhishek\\Workspace\\Virtual Instructor\\AthenaVI_backend\\src\\modules\\asset\\asset.service.js:27:36\n    at Proxy._transactionWithCallback (C:\\Abhishek\\Workspace\\Virtual Instructor\\AthenaVI_backend\\node_modules\\@prisma\\client\\runtime\\client.js:75:4396)\n    at process.processTicksAndRejections (node:internal/process/task_queues:105:5)\n    at async Object.uploadAsset (C:\\Abhishek\\Workspace\\Virtual Instructor\\AthenaVI_backend\\src\\modules\\asset\\asset.service.js:26:20)\n    at async C:\\Abhishek\\Workspace\\Virtual Instructor\\AthenaVI_backend\\src\\modules\\asset\\asset.controller.js:12:19","timestamp":"2026-04-07T05:37:07.132Z"}
{"level":"info","message":"Server running bHYon port 9000","timestamp":"2026-04-07T05:41:26.427Z"}
{"level":"error","message":"TypeError: Cannot read properties of undefined (reading 'create')\n    at Object.createAsset (C:\\Abhishek\\Workspace\\Virtual Instructor\\AthenaVI_backend\\src\\modules\\asset\\asset.dao.js:12:23)\n    at C:\\Abhishek\\Workspace\\Virtual Instructor\\AthenaVI_backend\\src\\modules\\asset\\asset.service.js:27:36\n    at Proxy._transactionWithCallback (C:\\Abhishek\\Workspace\\Virtual Instructor\\AthenaVI_backend\\node_modules\\@prisma\\client\\runtime\\client.js:75:4396)\n    at process.processTicksAndRejections (node:internal/process/task_queues:105:5)\n    at async Object.uploadAsset (C:\\Abhishek\\Workspace\\Virtual Instructor\\AthenaVI_backend\\src\\modules\\asset\\asset.service.js:26:20)\n    at async C:\\Abhishek\\Workspace\\Virtual Instructor\\AthenaVI_backend\\src\\modules\\asset\\asset.controller.js:12:19","timestamp":"2026-04-07T05:41:40.876Z"}
{"level":"info","message":"Server running bHYon port 9000","timestamp":"2026-04-07T05:59:04.779Z"}
{"level":"info","message":"Server running bHYon port 9000","timestamp":"2026-04-07T05:59:40.523Z"}
{"level":"info","message":"Server running bHYon port 9000","timestamp":"2026-04-07T05:59:58.721Z"}
{"level":"info","message":"Server running bHYon port 9000","timestamp":"2026-04-07T06:00:00.539Z"}
{"level":"info","message":"Server running bHYon port 9000","timestamp":"2026-04-07T06:00:08.348Z"}
{"level":"error","message":"TypeError: Cannot read properties of undefined (reading 'create')\n    at Object.createAsset (C:\\Abhishek\\Workspace\\Virtual Instructor\\AthenaVI_backend\\src\\modules\\asset\\asset.dao.js:12:21)\n    at C:\\Abhishek\\Workspace\\Virtual Instructor\\AthenaVI_backend\\src\\modules\\asset\\asset.service.js:27:36\n    at Proxy._transactionWithCallback (C:\\Abhishek\\Workspace\\Virtual Instructor\\AthenaVI_backend\\node_modules\\@prisma\\client\\runtime\\client.js:75:4396)\n    at process.processTicksAndRejections (node:internal/process/task_queues:105:5)\n    at async Object.uploadAsset (C:\\Abhishek\\Workspace\\Virtual Instructor\\AthenaVI_backend\\src\\modules\\asset\\asset.service.js:26:20)\n    at async C:\\Abhishek\\Workspace\\Virtual Instructor\\AthenaVI_backend\\src\\modules\\asset\\asset.controller.js:12:19","timestamp":"2026-04-07T06:00:17.717Z"}
{"level":"info","message":"Server running bHYon port 9000","timestamp":"2026-04-07T06:04:26.695Z"}
{"level":"info","message":"Server running bHYon port 9000","timestamp":"2026-04-07T06:04:28.206Z"}
{"level":"info","message":"Server running bHYon port 9000","timestamp":"2026-04-07T06:04:32.971Z"}
{"level":"error","message":"TypeError: Cannot read properties of undefined (reading 'create')\n    at Object.createAsset (C:\\Abhishek\\Workspace\\Virtual Instructor\\AthenaVI_backend\\src\\modules\\asset\\asset.dao.js:14:21)\n    at C:\\Abhishek\\Workspace\\Virtual Instructor\\AthenaVI_backend\\src\\modules\\asset\\asset.service.js:27:36\n    at Proxy._transactionWithCallback (C:\\Abhishek\\Workspace\\Virtual Instructor\\AthenaVI_backend\\node_modules\\@prisma\\client\\runtime\\client.js:75:4396)\n    at process.processTicksAndRejections (node:internal/process/task_queues:105:5)\n    at async Object.uploadAsset (C:\\Abhishek\\Workspace\\Virtual Instructor\\AthenaVI_backend\\src\\modules\\asset\\asset.service.js:26:20)\n    at async C:\\Abhishek\\Workspace\\Virtual Instructor\\AthenaVI_backend\\src\\modules\\asset\\asset.controller.js:12:19","timestamp":"2026-04-07T06:13:55.555Z"}
{"level":"info","message":"Server running bHYon port 9000","timestamp":"2026-04-07T06:17:47.864Z"}
{"level":"info","message":"Server running bHYon port 9000","timestamp":"2026-04-07T07:14:34.751Z"}
{"level":"info","message":"Server running bHYon port 9000","timestamp":"2026-04-08T09:06:11.568Z"}
{"level":"info","message":"Server running bHYon port 9000","timestamp":"2026-04-08T09:08:32.543Z"}
{"level":"info","message":"Server running bHYon port 9000","timestamp":"2026-04-08T09:09:34.346Z"}
{"level":"info","message":"Server running bHYon port 9000","timestamp":"2026-04-08T09:10:28.704Z"}
{"level":"error","message":"PrismaClientValidationError: \nInvalid `prisma.asset.findMany()` invocation in\nC:\\Abhishek\\Workspace\\Virtual Instructor\\AthenaVI_backend\\src\\modules\\asset\\asset.dao.js:30:23\n\n  27 const limit = Math.min(Math.max(Number(take) || 20, 1), 100);\n  28 const offset = Math.max(Number(skip) || 0, 0);\n  29 \n→ 30 return prisma.asset.findMany({\n       where: {\n         workspaceId: \"7ad5ef67-31c0-42fd-8c56-b27ad125ca4a\"\n       },\n       take: 20,\n       skip: 0,\n       orderBy: {\n         createdAt: \"desc\",\n         ~~~~~~~~~\n     ?   id?: SortOrder,\n     ?   workspaceId?: SortOrder,\n     ?   uploadedBy?: SortOrder,\n     ?   size?: SortOrder,\n     ?   url?: SortOrder,\n     ?   type?: SortOrder,\n     ?   workspace?: WorkspaceOrderByWithRelationInput\n       }\n     })\n\nUnknown argument `createdAt`. Available options are marked with ?.\n    at tr (C:\\Abhishek\\Workspace\\Virtual Instructor\\AthenaVI_backend\\node_modules\\@prisma\\client\\runtime\\client.js:10:1379)\n    at qr.handleRequestError (C:\\Abhishek\\Workspace\\Virtual Instructor\\AthenaVI_backend\\node_modules\\@prisma\\client\\runtime\\client.js:65:7815)\n    at qr.handleAndLogRequestError (C:\\Abhishek\\Workspace\\Virtual Instructor\\AthenaVI_backend\\node_modules\\@prisma\\client\\runtime\\client.js:65:7467)\n    at qr.request (C:\\Abhishek\\Workspace\\Virtual Instructor\\AthenaVI_backend\\node_modules\\@prisma\\client\\runtime\\client.js:65:7174)\n    at process.processTicksAndRejections (node:internal/process/task_queues:105:5)\n    at async a (C:\\Abhishek\\Workspace\\Virtual Instructor\\AthenaVI_backend\\node_modules\\@prisma\\client\\runtime\\client.js:75:5816)\n    at async Object.getAssets (C:\\Abhishek\\Workspace\\Virtual Instructor\\AthenaVI_backend\\src\\modules\\asset\\asset.service.js:59:10)\n    at async C:\\Abhishek\\Workspace\\Virtual Instructor\\AthenaVI_backend\\src\\modules\\asset\\asset.controller.js:29:18","timestamp":"2026-04-08T09:11:03.865Z"}
{"level":"info","message":"Server running bHYon port 9000","timestamp":"2026-04-08T09:19:41.562Z"}
{"level":"error","message":"PrismaClientValidationError: \nInvalid `prisma.asset.findMany()` invocation in\nC:\\Abhishek\\Workspace\\Virtual Instructor\\AthenaVI_backend\\src\\modules\\asset\\asset.dao.js:30:23\n\n  27 const limit = Math.min(Math.max(Number(take) || 20, 1), 100);\n  28 const offset = Math.max(Number(skip) || 0, 0);\n  29 \n→ 30 return prisma.asset.findMany({\n       where: {\n         workspaceId: \"7ad5ef67-31c0-42fd-8c56-b27ad125ca4a\"\n       },\n       take: 20,\n       skip: 0,\n       orderBy: {\n         createdAt: \"desc\",\n         ~~~~~~~~~\n     ?   id?: SortOrder,\n     ?   workspaceId?: SortOrder,\n     ?   uploadedBy?: SortOrder,\n     ?   size?: SortOrder,\n     ?   url?: SortOrder,\n     ?   type?: SortOrder,\n     ?   workspace?: WorkspaceOrderByWithRelationInput\n       }\n     })\n\nUnknown argument `createdAt`. Available options are marked with ?.\n    at tr (C:\\Abhishek\\Workspace\\Virtual Instructor\\AthenaVI_backend\\node_modules\\@prisma\\client\\runtime\\client.js:10:1379)\n    at qr.handleRequestError (C:\\Abhishek\\Workspace\\Virtual Instructor\\AthenaVI_backend\\node_modules\\@prisma\\client\\runtime\\client.js:65:7815)\n    at qr.handleAndLogRequestError (C:\\Abhishek\\Workspace\\Virtual Instructor\\AthenaVI_backend\\node_modules\\@prisma\\client\\runtime\\client.js:65:7467)\n    at qr.request (C:\\Abhishek\\Workspace\\Virtual Instructor\\AthenaVI_backend\\node_modules\\@prisma\\client\\runtime\\client.js:65:7174)\n    at process.processTicksAndRejections (node:internal/process/task_queues:105:5)\n    at async a (C:\\Abhishek\\Workspace\\Virtual Instructor\\AthenaVI_backend\\node_modules\\@prisma\\client\\runtime\\client.js:75:5816)\n    at async Object.getAssets (C:\\Abhishek\\Workspace\\Virtual Instructor\\AthenaVI_backend\\src\\modules\\asset\\asset.service.js:59:10)\n    at async C:\\Abhishek\\Workspace\\Virtual Instructor\\AthenaVI_backend\\src\\modules\\asset\\asset.controller.js:29:18","timestamp":"2026-04-08T09:19:48.086Z"}
{"level":"info","message":"Server running bHYon port 9000","timestamp":"2026-04-08T09:28:57.647Z"}
{"level":"error","message":"PrismaClientValidationError: \nInvalid `prisma.asset.findMany()` invocation in\nC:\\Abhishek\\Workspace\\Virtual Instructor\\AthenaVI_backend\\src\\modules\\asset\\asset.dao.js:30:23\n\n  27 const limit = Math.min(Math.max(Number(take) || 20, 1), 100);\n  28 const offset = Math.max(Number(skip) || 0, 0);\n  29 \n→ 30 return prisma.asset.findMany({\n       where: {\n         workspaceId: \"7ad5ef67-31c0-42fd-8c56-b27ad125ca4a\"\n       },\n       take: 20,\n       skip: 0,\n       orderBy: {\n         createdAt: \"desc\",\n         ~~~~~~~~~\n     ?   id?: SortOrder,\n     ?   workspaceId?: SortOrder,\n     ?   uploadedBy?: SortOrder,\n     ?   size?: SortOrder,\n     ?   url?: SortOrder,\n     ?   type?: SortOrder,\n     ?   workspace?: WorkspaceOrderByWithRelationInput\n       }\n     })\n\nUnknown argument `createdAt`. Available options are marked with ?.\n    at tr (C:\\Abhishek\\Workspace\\Virtual Instructor\\AthenaVI_backend\\node_modules\\@prisma\\client\\runtime\\client.js:10:1379)\n    at qr.handleRequestError (C:\\Abhishek\\Workspace\\Virtual Instructor\\AthenaVI_backend\\node_modules\\@prisma\\client\\runtime\\client.js:65:7815)\n    at qr.handleAndLogRequestError (C:\\Abhishek\\Workspace\\Virtual Instructor\\AthenaVI_backend\\node_modules\\@prisma\\client\\runtime\\client.js:65:7467)\n    at qr.request (C:\\Abhishek\\Workspace\\Virtual Instructor\\AthenaVI_backend\\node_modules\\@prisma\\client\\runtime\\client.js:65:7174)\n    at process.processTicksAndRejections (node:internal/process/task_queues:105:5)\n    at async a (C:\\Abhishek\\Workspace\\Virtual Instructor\\AthenaVI_backend\\node_modules\\@prisma\\client\\runtime\\client.js:75:5816)\n    at async Object.getAssets (C:\\Abhishek\\Workspace\\Virtual Instructor\\AthenaVI_backend\\src\\modules\\asset\\asset.service.js:59:10)\n    at async C:\\Abhishek\\Workspace\\Virtual Instructor\\AthenaVI_backend\\src\\modules\\asset\\asset.controller.js:29:18","timestamp":"2026-04-08T09:29:01.872Z"}
{"level":"info","message":"Server running bHYon port 9000","timestamp":"2026-04-08T09:29:56.169Z"}
{"level":"info","message":"Server running bHYon port 9000","timestamp":"2026-04-08T10:58:03.242Z"}
{"level":"error","message":"Error: Token expired\n    at C:\\Abhishek\\Workspace\\Virtual Instructor\\AthenaVI_backend\\src\\middlewares\\auth.middlware.js:22:11\n    at C:\\Abhishek\\Workspace\\Virtual Instructor\\AthenaVI_backend\\src\\shared\\utils\\asyncHandler.js:2:19\n    at Layer.handleRequest (C:\\Abhishek\\Workspace\\Virtual Instructor\\AthenaVI_backend\\node_modules\\router\\lib\\layer.js:152:17)\n    at trimPrefix (C:\\Abhishek\\Workspace\\Virtual Instructor\\AthenaVI_backend\\node_modules\\router\\index.js:342:13)\n    at C:\\Abhishek\\Workspace\\Virtual Instructor\\AthenaVI_backend\\node_modules\\router\\index.js:297:9\n    at param (C:\\Abhishek\\Workspace\\Virtual Instructor\\AthenaVI_backend\\node_modules\\router\\index.js:600:14)\n    at param (C:\\Abhishek\\Workspace\\Virtual Instructor\\AthenaVI_backend\\node_modules\\router\\index.js:610:14)\n    at processParams (C:\\Abhishek\\Workspace\\Virtual Instructor\\AthenaVI_backend\\node_modules\\router\\index.js:664:3)\n    at next (C:\\Abhishek\\Workspace\\Virtual Instructor\\AthenaVI_backend\\node_modules\\router\\index.js:291:5)\n    at Function.handle (C:\\Abhishek\\Workspace\\Virtual Instructor\\AthenaVI_backend\\node_modules\\router\\index.js:186:3)","timestamp":"2026-04-08T10:58:29.782Z"}
{"level":"error","message":"PrismaClientKnownRequestError: \nInvalid `prisma.folder.create()` invocation in\nC:\\Abhishek\\Workspace\\Virtual Instructor\\AthenaVI_backend\\src\\modules\\folder\\folder.service.js:33:38\n\n  30 \n  31 async function createFolder(workspaceId, userId, name) {\n  32   //   await validateWorkspaceAccess(workspaceId, userId);\n→ 33   const folder = await prisma.folder.create(\nUnique constraint failed on the fields: (`name`, `\"workspaceId\"`)\n    at qr.handleRequestError (C:\\Abhishek\\Workspace\\Virtual Instructor\\AthenaVI_backend\\node_modules\\@prisma\\client\\runtime\\client.js:65:8172)\n    at qr.handleAndLogRequestError (C:\\Abhishek\\Workspace\\Virtual Instructor\\AthenaVI_backend\\node_modules\\@prisma\\client\\runtime\\client.js:65:7467)\n    at qr.request (C:\\Abhishek\\Workspace\\Virtual Instructor\\AthenaVI_backend\\node_modules\\@prisma\\client\\runtime\\client.js:65:7174)\n    at process.processTicksAndRejections (node:internal/process/task_queues:105:5)\n    at async a (C:\\Abhishek\\Workspace\\Virtual Instructor\\AthenaVI_backend\\node_modules\\@prisma\\client\\runtime\\client.js:75:5816)\n    at async Object.createFolder (C:\\Abhishek\\Workspace\\Virtual Instructor\\AthenaVI_backend\\src\\modules\\folder\\folder.service.js:33:18)\n    at async C:\\Abhishek\\Workspace\\Virtual Instructor\\AthenaVI_backend\\src\\modules\\folder\\folder.controller.js:21:18","timestamp":"2026-04-08T10:59:43.259Z"}
{"level":"info","message":"Server running bHYon port 9000","timestamp":"2026-04-08T11:08:55.781Z"}
{"level":"info","message":"Server running bHYon port 9000","timestamp":"2026-04-08T11:10:22.554Z"}
{"level":"info","message":"Server running bHYon port 9000","timestamp":"2026-04-08T11:10:37.633Z"}
{"level":"info","message":"Server running bHYon port 9000","timestamp":"2026-04-08T11:10:46.403Z"}
{"level":"info","message":"Server running bHYon port 9000","timestamp":"2026-04-08T11:10:57.051Z"}
{"level":"info","message":"Server running bHYon port 9000","timestamp":"2026-04-08T11:27:44.316Z"}
{"level":"info","message":"Server running bHYon port 9000","timestamp":"2026-04-08T11:45:28.399Z"}
{"level":"info","message":"Server running bHYon port 9000","timestamp":"2026-04-08T11:57:40.125Z"}
{"level":"info","message":"Server running bHYon port 9000","timestamp":"2026-04-08T12:00:06.531Z"}
{"level":"info","message":"Server running bHYon port 9000","timestamp":"2026-04-08T12:02:07.113Z"}
{"level":"info","message":"Server running bHYon port 9000","timestamp":"2026-04-08T12:14:19.312Z"}
{"level":"info","message":"Server running bHYon port 9000","timestamp":"2026-04-08T12:18:53.874Z"}
{"level":"error","message":"Error: read ECONNRESET\n    at TLSWrap.onStreamRead (node:internal/stream_base_commons:216:20)","timestamp":"2026-04-09T04:20:48.859Z"}
{"level":"info","message":"Server running bHYon port 9000","timestamp":"2026-04-09T04:21:06.308Z"}
{"level":"info","message":"Server running bHYon port 9000","timestamp":"2026-04-09T04:22:03.952Z"}
{"level":"info","message":"Server running bHYon port 9000","timestamp":"2026-04-09T04:23:51.703Z"}
{"level":"info","message":"Server running bHYon port 9000","timestamp":"2026-04-09T04:25:57.140Z"}
{"level":"info","message":"Server running bHYon port 9000","timestamp":"2026-04-09T04:25:57.140Z"}
{"level":"info","message":"Server running bHYon port 9000","timestamp":"2026-04-09T04:26:00.678Z"}
{"level":"info","message":"Server running bHYon port 9000","timestamp":"2026-04-09T04:26:00.693Z"}
{"level":"info","message":"Server running bHYon port 9000","timestamp":"2026-04-09T04:26:02.983Z"}
{"level":"info","message":"Server running bHYon port 9000","timestamp":"2026-04-09T04:26:03.001Z"}
{"level":"info","message":"Server running bHYon port 9000","timestamp":"2026-04-09T04:26:05.680Z"}
{"level":"info","message":"Server running bHYon port 9000","timestamp":"2026-04-09T04:26:05.680Z"}
{"level":"info","message":"Server running bHYon port 9000","timestamp":"2026-04-09T04:26:20.007Z"}
{"level":"info","message":"Server running bHYon port 9000","timestamp":"2026-04-09T04:26:20.006Z"}
{"level":"info","message":"Server running bHYon port 9000","timestamp":"2026-04-09T04:26:25.763Z"}
{"level":"info","message":"Server running bHYon port 9000","timestamp":"2026-04-09T04:26:25.765Z"}
{"level":"error","message":"TypeError: Cannot destructure property 'name' of 'req.body' as it is undefined.\n    at C:\\Abhishek\\Workspace\\Virtual Instructor\\AthenaVI_backend\\src\\modules\\asset\\asset.controller.js:10:11\n    at C:\\Abhishek\\Workspace\\Virtual Instructor\\AthenaVI_backend\\src\\shared\\utils\\asyncHandler.js:2:19\n    at Layer.handleRequest (C:\\Abhishek\\Workspace\\Virtual Instructor\\AthenaVI_backend\\node_modules\\router\\lib\\layer.js:152:17)\n    at next (C:\\Abhishek\\Workspace\\Virtual Instructor\\AthenaVI_backend\\node_modules\\router\\lib\\route.js:157:13)\n    at C:\\Abhishek\\Workspace\\Virtual Instructor\\AthenaVI_backend\\src\\middlewares\\validate.middleware.js:29:3\n    at Layer.handleRequest (C:\\Abhishek\\Workspace\\Virtual Instructor\\AthenaVI_backend\\node_modules\\router\\lib\\layer.js:152:17)\n    at next (C:\\Abhishek\\Workspace\\Virtual Instructor\\AthenaVI_backend\\node_modules\\router\\lib\\route.js:157:13)\n    at done (C:\\Abhishek\\Workspace\\Virtual Instructor\\AthenaVI_backend\\node_modules\\multer\\lib\\make-middleware.js:69:7)\n    at indicateDone (C:\\Abhishek\\Workspace\\Virtual Instructor\\AthenaVI_backend\\node_modules\\multer\\lib\\make-middleware.js:73:68)\n    at Multipart.<anonymous> (C:\\Abhishek\\Workspace\\Virtual Instructor\\AthenaVI_backend\\node_modules\\multer\\lib\\make-middleware.js:243:7)","timestamp":"2026-04-09T04:26:29.918Z"}
{"level":"info","message":"Server running bHYon port 9000","timestamp":"2026-04-09T04:27:02.694Z"}
{"level":"info","message":"Server running bHYon port 9000","timestamp":"2026-04-09T04:27:02.694Z"}
{"level":"error","message":"ReferenceError: name is not defined\n    at C:\\Abhishek\\Workspace\\Virtual Instructor\\AthenaVI_backend\\src\\modules\\asset\\asset.controller.js:17:5\n    at C:\\Abhishek\\Workspace\\Virtual Instructor\\AthenaVI_backend\\src\\shared\\utils\\asyncHandler.js:2:19\n    at Layer.handleRequest (C:\\Abhishek\\Workspace\\Virtual Instructor\\AthenaVI_backend\\node_modules\\router\\lib\\layer.js:152:17)\n    at next (C:\\Abhishek\\Workspace\\Virtual Instructor\\AthenaVI_backend\\node_modules\\router\\lib\\route.js:157:13)\n    at C:\\Abhishek\\Workspace\\Virtual Instructor\\AthenaVI_backend\\src\\middlewares\\validate.middleware.js:29:3\n    at Layer.handleRequest (C:\\Abhishek\\Workspace\\Virtual Instructor\\AthenaVI_backend\\node_modules\\router\\lib\\layer.js:152:17)\n    at next (C:\\Abhishek\\Workspace\\Virtual Instructor\\AthenaVI_backend\\node_modules\\router\\lib\\route.js:157:13)\n    at done (C:\\Abhishek\\Workspace\\Virtual Instructor\\AthenaVI_backend\\node_modules\\multer\\lib\\make-middleware.js:69:7)\n    at indicateDone (C:\\Abhishek\\Workspace\\Virtual Instructor\\AthenaVI_backend\\node_modules\\multer\\lib\\make-middleware.js:73:68)\n    at Multipart.<anonymous> (C:\\Abhishek\\Workspace\\Virtual Instructor\\AthenaVI_backend\\node_modules\\multer\\lib\\make-middleware.js:243:7)","timestamp":"2026-04-09T04:27:13.694Z"}
{"level":"info","message":"Server running bHYon port 9000","timestamp":"2026-04-09T04:29:48.439Z"}
{"level":"info","message":"Server running bHYon port 9000","timestamp":"2026-04-09T04:29:48.439Z"}
{"level":"info","message":"Server running bHYon port 9000","timestamp":"2026-04-09T04:30:22.047Z"}
{"level":"error","message":"ReferenceError: name is not defined\n    at C:\\Abhishek\\Workspace\\Virtual Instructor\\AthenaVI_backend\\src\\modules\\asset\\asset.controller.js:17:5\n    at C:\\Abhishek\\Workspace\\Virtual Instructor\\AthenaVI_backend\\src\\shared\\utils\\asyncHandler.js:2:19\n    at Layer.handleRequest (C:\\Abhishek\\Workspace\\Virtual Instructor\\AthenaVI_backend\\node_modules\\router\\lib\\layer.js:152:17)\n    at next (C:\\Abhishek\\Workspace\\Virtual Instructor\\AthenaVI_backend\\node_modules\\router\\lib\\route.js:157:13)\n    at C:\\Abhishek\\Workspace\\Virtual Instructor\\AthenaVI_backend\\src\\middlewares\\validate.middleware.js:29:3\n    at Layer.handleRequest (C:\\Abhishek\\Workspace\\Virtual Instructor\\AthenaVI_backend\\node_modules\\router\\lib\\layer.js:152:17)\n    at next (C:\\Abhishek\\Workspace\\Virtual Instructor\\AthenaVI_backend\\node_modules\\router\\lib\\route.js:157:13)\n    at done (C:\\Abhishek\\Workspace\\Virtual Instructor\\AthenaVI_backend\\node_modules\\multer\\lib\\make-middleware.js:69:7)\n    at indicateDone (C:\\Abhishek\\Workspace\\Virtual Instructor\\AthenaVI_backend\\node_modules\\multer\\lib\\make-middleware.js:73:68)\n    at Multipart.<anonymous> (C:\\Abhishek\\Workspace\\Virtual Instructor\\AthenaVI_backend\\node_modules\\multer\\lib\\make-middleware.js:243:7)","timestamp":"2026-04-09T04:30:30.027Z"}
{"level":"info","message":"Server running bHYon port 9000","timestamp":"2026-04-09T04:30:52.628Z"}
{"level":"error","message":"TypeError: Cannot destructure property 'name' of 'req.body' as it is undefined.\n    at C:\\Abhishek\\Workspace\\Virtual Instructor\\AthenaVI_backend\\src\\modules\\asset\\asset.controller.js:10:11\n    at C:\\Abhishek\\Workspace\\Virtual Instructor\\AthenaVI_backend\\src\\shared\\utils\\asyncHandler.js:2:19\n    at Layer.handleRequest (C:\\Abhishek\\Workspace\\Virtual Instructor\\AthenaVI_backend\\node_modules\\router\\lib\\layer.js:152:17)\n    at next (C:\\Abhishek\\Workspace\\Virtual Instructor\\AthenaVI_backend\\node_modules\\router\\lib\\route.js:157:13)\n    at C:\\Abhishek\\Workspace\\Virtual Instructor\\AthenaVI_backend\\src\\middlewares\\validate.middleware.js:29:3\n    at Layer.handleRequest (C:\\Abhishek\\Workspace\\Virtual Instructor\\AthenaVI_backend\\node_modules\\router\\lib\\layer.js:152:17)\n    at next (C:\\Abhishek\\Workspace\\Virtual Instructor\\AthenaVI_backend\\node_modules\\router\\lib\\route.js:157:13)\n    at done (C:\\Abhishek\\Workspace\\Virtual Instructor\\AthenaVI_backend\\node_modules\\multer\\lib\\make-middleware.js:69:7)\n    at indicateDone (C:\\Abhishek\\Workspace\\Virtual Instructor\\AthenaVI_backend\\node_modules\\multer\\lib\\make-middleware.js:73:68)\n    at Multipart.<anonymous> (C:\\Abhishek\\Workspace\\Virtual Instructor\\AthenaVI_backend\\node_modules\\multer\\lib\\make-middleware.js:243:7)","timestamp":"2026-04-09T04:30:56.652Z"}
{"level":"info","message":"Server running bHYon port 9000","timestamp":"2026-04-09T04:32:27.868Z"}
{"level":"error","message":"ReferenceError: trimmedName is not defined\n    at C:\\Abhishek\\Workspace\\Virtual Instructor\\AthenaVI_backend\\src\\modules\\asset\\asset.service.js:45:13\n    at Proxy._transactionWithCallback (C:\\Abhishek\\Workspace\\Virtual Instructor\\AthenaVI_backend\\node_modules\\@prisma\\client\\runtime\\client.js:75:4396)\n    at process.processTicksAndRejections (node:internal/process/task_queues:105:5)\n    at async Object.uploadAsset (C:\\Abhishek\\Workspace\\Virtual Instructor\\AthenaVI_backend\\src\\modules\\asset\\asset.service.js:37:20)\n    at async C:\\Abhishek\\Workspace\\Virtual Instructor\\AthenaVI_backend\\src\\modules\\asset\\asset.controller.js:13:17","timestamp":"2026-04-09T04:32:33.343Z"}
{"level":"info","message":"Server running bHYon port 9000","timestamp":"2026-04-09T04:33:04.605Z"}
{"level":"info","message":"Server running bHYon port 9000","timestamp":"2026-04-09T04:48:37.557Z"}
{"level":"info","message":"Server running bHYon port 9000","timestamp":"2026-04-09T04:48:42.194Z"}
{"level":"info","message":"Server running bHYon port 9000","timestamp":"2026-04-09T04:49:00.766Z"}
{"level":"info","message":"Server running bHYon port 9000","timestamp":"2026-04-09T04:49:11.834Z"}
{"level":"info","message":"Server running bHYon port 9000","timestamp":"2026-04-09T05:06:06.936Z"}
{"level":"info","message":"Server running bHYon port 9000","timestamp":"2026-04-09T05:11:30.226Z"}
{"level":"error","message":"Error: Invalid email or password\n    at C:\\Abhishek\\Workspace\\Virtual Instructor\\AthenaVI_backend\\src\\modules\\auth\\auth.controller.js:188:11\n    at process.processTicksAndRejections (node:internal/process/task_queues:105:5)","timestamp":"2026-04-09T05:13:13.632Z"}
{"level":"error","message":"Error: You do not have access to this workspace\n    at C:\\Abhishek\\Workspace\\Virtual Instructor\\AthenaVI_backend\\src\\middlewares\\workspaceAccess.js:22:19\n    at process.processTicksAndRejections (node:internal/process/task_queues:105:5)","timestamp":"2026-04-09T05:14:09.310Z"}
{"level":"error","message":"Error: You do not have access to this workspace\n    at C:\\Abhishek\\Workspace\\Virtual Instructor\\AthenaVI_backend\\src\\middlewares\\workspaceAccess.js:22:19\n    at process.processTicksAndRejections (node:internal/process/task_queues:105:5)","timestamp":"2026-04-09T05:14:20.240Z"}
{"level":"info","message":"Server running bHYon port 9000","timestamp":"2026-04-10T04:47:04.942Z"}
{"level":"info","message":"Server running bHYon port 9000","timestamp":"2026-04-10T05:25:58.429Z"}
{"level":"info","message":"Server running bHYon port 9000","timestamp":"2026-04-10T05:26:05.665Z"}
{"level":"error","message":"Error: Token expired\n    at C:\\Abhishek\\Workspace\\Virtual Instructor\\AthenaVI_backend\\src\\middlewares\\auth.middlware.js:22:11\n    at C:\\Abhishek\\Workspace\\Virtual Instructor\\AthenaVI_backend\\src\\shared\\utils\\asyncHandler.js:2:19\n    at Layer.handleRequest (C:\\Abhishek\\Workspace\\Virtual Instructor\\AthenaVI_backend\\node_modules\\router\\lib\\layer.js:152:17)\n    at next (C:\\Abhishek\\Workspace\\Virtual Instructor\\AthenaVI_backend\\node_modules\\router\\lib\\route.js:157:13)\n    at Route.dispatch (C:\\Abhishek\\Workspace\\Virtual Instructor\\AthenaVI_backend\\node_modules\\router\\lib\\route.js:117:3)\n    at handle (C:\\Abhishek\\Workspace\\Virtual Instructor\\AthenaVI_backend\\node_modules\\router\\index.js:435:11)\n    at Layer.handleRequest (C:\\Abhishek\\Workspace\\Virtual Instructor\\AthenaVI_backend\\node_modules\\router\\lib\\layer.js:152:17)\n    at C:\\Abhishek\\Workspace\\Virtual Instructor\\AthenaVI_backend\\node_modules\\router\\index.js:295:15\n    at processParams (C:\\Abhishek\\Workspace\\Virtual Instructor\\AthenaVI_backend\\node_modules\\router\\index.js:582:12)\n    at next (C:\\Abhishek\\Workspace\\Virtual Instructor\\AthenaVI_backend\\node_modules\\router\\index.js:291:5)","timestamp":"2026-04-10T05:26:53.489Z"}
{"level":"info","message":"Server running bHYon port 9000","timestamp":"2026-04-10T05:41:37.553Z"}
{"level":"error","message":"Error: Token expired\n    at C:\\Abhishek\\Workspace\\Virtual Instructor\\AthenaVI_backend\\src\\middlewares\\auth.middlware.js:22:11\n    at C:\\Abhishek\\Workspace\\Virtual Instructor\\AthenaVI_backend\\src\\shared\\utils\\asyncHandler.js:2:19\n    at Layer.handleRequest (C:\\Abhishek\\Workspace\\Virtual Instructor\\AthenaVI_backend\\node_modules\\router\\lib\\layer.js:152:17)\n    at next (C:\\Abhishek\\Workspace\\Virtual Instructor\\AthenaVI_backend\\node_modules\\router\\lib\\route.js:157:13)\n    at Route.dispatch (C:\\Abhishek\\Workspace\\Virtual Instructor\\AthenaVI_backend\\node_modules\\router\\lib\\route.js:117:3)\n    at handle (C:\\Abhishek\\Workspace\\Virtual Instructor\\AthenaVI_backend\\node_modules\\router\\index.js:435:11)\n    at Layer.handleRequest (C:\\Abhishek\\Workspace\\Virtual Instructor\\AthenaVI_backend\\node_modules\\router\\lib\\layer.js:152:17)\n    at C:\\Abhishek\\Workspace\\Virtual Instructor\\AthenaVI_backend\\node_modules\\router\\index.js:295:15\n    at processParams (C:\\Abhishek\\Workspace\\Virtual Instructor\\AthenaVI_backend\\node_modules\\router\\index.js:582:12)\n    at next (C:\\Abhishek\\Workspace\\Virtual Instructor\\AthenaVI_backend\\node_modules\\router\\index.js:291:5)","timestamp":"2026-04-10T05:42:52.680Z"}
{"level":"info","message":"Server running bHYon port 9000","timestamp":"2026-04-23T09:19:48.372Z"}
{"level":"info","message":"Server running bHYon port 9000","timestamp":"2026-04-23T09:23:43.533Z"}
{"level":"info","message":"Server running bHYon port 9000","timestamp":"2026-04-23T09:24:07.494Z"}
{"level":"info","message":"Server running bHYon port 9000","timestamp":"2026-04-23T09:24:09.696Z"}
{"level":"info","message":"Server running bHYon port 9000","timestamp":"2026-04-23T09:24:11.711Z"}
{"level":"info","message":"Server running bHYon port 9000","timestamp":"2026-04-23T09:24:24.171Z"}
{"level":"info","message":"Server running bHYon port 9000","timestamp":"2026-04-23T09:24:43.361Z"}
{"level":"info","message":"Server running bHYon port 9000","timestamp":"2026-04-23T09:27:01.329Z"}
{"level":"info","message":"Server running bHYon port 9000","timestamp":"2026-04-23T09:27:04.745Z"}
{"level":"info","message":"Server running bHYon port 9000","timestamp":"2026-04-23T09:27:07.491Z"}
{"level":"info","message":"Server running bHYon port 9000","timestamp":"2026-04-23T09:28:25.791Z"}
{"level":"error","message":"ReferenceError: axios is not defined\n    at C:\\Abhishek\\Workspace\\Virtual Instructor\\AthenaVI_backend\\src\\modules\\video\\video.controller.js:42:20\n    at C:\\Abhishek\\Workspace\\Virtual Instructor\\AthenaVI_backend\\src\\shared\\utils\\asyncHandler.js:2:19\n    at Layer.handleRequest (C:\\Abhishek\\Workspace\\Virtual Instructor\\AthenaVI_backend\\node_modules\\router\\lib\\layer.js:152:17)\n    at next (C:\\Abhishek\\Workspace\\Virtual Instructor\\AthenaVI_backend\\node_modules\\router\\lib\\route.js:157:13)\n    at Route.dispatch (C:\\Abhishek\\Workspace\\Virtual Instructor\\AthenaVI_backend\\node_modules\\router\\lib\\route.js:117:3)\n    at handle (C:\\Abhishek\\Workspace\\Virtual Instructor\\AthenaVI_backend\\node_modules\\router\\index.js:435:11)\n    at Layer.handleRequest (C:\\Abhishek\\Workspace\\Virtual Instructor\\AthenaVI_backend\\node_modules\\router\\lib\\layer.js:152:17)\n    at C:\\Abhishek\\Workspace\\Virtual Instructor\\AthenaVI_backend\\node_modules\\router\\index.js:295:15\n    at processParams (C:\\Abhishek\\Workspace\\Virtual Instructor\\AthenaVI_backend\\node_modules\\router\\index.js:582:12)\n    at next (C:\\Abhishek\\Workspace\\Virtual Instructor\\AthenaVI_backend\\node_modules\\router\\index.js:291:5)","timestamp":"2026-04-23T09:28:26.459Z"}
{"level":"info","message":"Server running bHYon port 9000","timestamp":"2026-04-23T09:28:57.583Z"}
{"level":"error","message":"ReferenceError: HEYGEN_API_KEY is not defined\n    at C:\\Abhishek\\Workspace\\Virtual Instructor\\AthenaVI_backend\\src\\modules\\video\\video.controller.js:81:24\n    at C:\\Abhishek\\Workspace\\Virtual Instructor\\AthenaVI_backend\\src\\shared\\utils\\asyncHandler.js:2:19\n    at Layer.handleRequest (C:\\Abhishek\\Workspace\\Virtual Instructor\\AthenaVI_backend\\node_modules\\router\\lib\\layer.js:152:17)\n    at next (C:\\Abhishek\\Workspace\\Virtual Instructor\\AthenaVI_backend\\node_modules\\router\\lib\\route.js:157:13)\n    at Route.dispatch (C:\\Abhishek\\Workspace\\Virtual Instructor\\AthenaVI_backend\\node_modules\\router\\lib\\route.js:117:3)\n    at handle (C:\\Abhishek\\Workspace\\Virtual Instructor\\AthenaVI_backend\\node_modules\\router\\index.js:435:11)\n    at Layer.handleRequest (C:\\Abhishek\\Workspace\\Virtual Instructor\\AthenaVI_backend\\node_modules\\router\\lib\\layer.js:152:17)\n    at C:\\Abhishek\\Workspace\\Virtual Instructor\\AthenaVI_backend\\node_modules\\router\\index.js:295:15\n    at processParams (C:\\Abhishek\\Workspace\\Virtual Instructor\\AthenaVI_backend\\node_modules\\router\\index.js:582:12)\n    at next (C:\\Abhishek\\Workspace\\Virtual Instructor\\AthenaVI_backend\\node_modules\\router\\index.js:291:5)","timestamp":"2026-04-23T09:29:01.998Z"}
{"level":"info","message":"Server running bHYon port 9000","timestamp":"2026-04-23T09:29:14.624Z"}
{"level":"error","message":"AxiosError: Request failed with status code 400\n    at settle (C:\\Abhishek\\Workspace\\Virtual Instructor\\AthenaVI_backend\\node_modules\\axios\\dist\\node\\axios.cjs:1970:12)\n    at IncomingMessage.handleStreamEnd (C:\\Abhishek\\Workspace\\Virtual Instructor\\AthenaVI_backend\\node_modules\\axios\\dist\\node\\axios.cjs:3377:11)\n    at IncomingMessage.emit (node:events:530:35)\n    at endReadableNT (node:internal/streams/readable:1698:12)\n    at process.processTicksAndRejections (node:internal/process/task_queues:90:21)\n    at Axios.request (C:\\Abhishek\\Workspace\\Virtual Instructor\\AthenaVI_backend\\node_modules\\axios\\dist\\node\\axios.cjs:4517:41)\n    at process.processTicksAndRejections (node:internal/process/task_queues:105:5)\n    at async C:\\Abhishek\\Workspace\\Virtual Instructor\\AthenaVI_backend\\src\\modules\\video\\video.controller.js:43:20","timestamp":"2026-04-23T09:29:18.373Z"}
{"level":"error","message":"AxiosError: Request failed with status code 400\n    at settle (C:\\Abhishek\\Workspace\\Virtual Instructor\\AthenaVI_backend\\node_modules\\axios\\dist\\node\\axios.cjs:1970:12)\n    at IncomingMessage.handleStreamEnd (C:\\Abhishek\\Workspace\\Virtual Instructor\\AthenaVI_backend\\node_modules\\axios\\dist\\node\\axios.cjs:3377:11)\n    at IncomingMessage.emit (node:events:530:35)\n    at endReadableNT (node:internal/streams/readable:1698:12)\n    at process.processTicksAndRejections (node:internal/process/task_queues:90:21)\n    at Axios.request (C:\\Abhishek\\Workspace\\Virtual Instructor\\AthenaVI_backend\\node_modules\\axios\\dist\\node\\axios.cjs:4517:41)\n    at process.processTicksAndRejections (node:internal/process/task_queues:105:5)\n    at async C:\\Abhishek\\Workspace\\Virtual Instructor\\AthenaVI_backend\\src\\modules\\video\\video.controller.js:43:20","timestamp":"2026-04-23T09:31:26.037Z"}
{"level":"info","message":"Server running bHYon port 9000","timestamp":"2026-04-23T09:31:39.029Z"}
{"level":"error","message":"AxiosError: Request failed with status code 400\n    at settle (C:\\Abhishek\\Workspace\\Virtual Instructor\\AthenaVI_backend\\node_modules\\axios\\dist\\node\\axios.cjs:1970:12)\n    at IncomingMessage.handleStreamEnd (C:\\Abhishek\\Workspace\\Virtual Instructor\\AthenaVI_backend\\node_modules\\axios\\dist\\node\\axios.cjs:3377:11)\n    at IncomingMessage.emit (node:events:530:35)\n    at endReadableNT (node:internal/streams/readable:1698:12)\n    at process.processTicksAndRejections (node:internal/process/task_queues:90:21)\n    at Axios.request (C:\\Abhishek\\Workspace\\Virtual Instructor\\AthenaVI_backend\\node_modules\\axios\\dist\\node\\axios.cjs:4517:41)\n    at process.processTicksAndRejections (node:internal/process/task_queues:105:5)\n    at async C:\\Abhishek\\Workspace\\Virtual Instructor\\AthenaVI_backend\\src\\modules\\video\\video.controller.js:43:20","timestamp":"2026-04-23T09:31:44.597Z"}
{"level":"info","message":"Server running bHYon port 9000","timestamp":"2026-04-23T09:32:24.057Z"}
{"level":"info","message":"Server running bHYon port 9000","timestamp":"2026-04-23T09:32:29.045Z"}
{"level":"info","message":"Server running bHYon port 9000","timestamp":"2026-04-23T09:32:30.800Z"}
{"level":"info","message":"Server running bHYon port 9000","timestamp":"2026-04-23T09:32:35.645Z"}
{"level":"info","message":"Server running bHYon port 9000","timestamp":"2026-04-23T09:32:37.544Z"}
{"level":"error","message":"AxiosError: Request failed with status code 400\n    at settle (C:\\Abhishek\\Workspace\\Virtual Instructor\\AthenaVI_backend\\node_modules\\axios\\dist\\node\\axios.cjs:1970:12)\n    at IncomingMessage.handleStreamEnd (C:\\Abhishek\\Workspace\\Virtual Instructor\\AthenaVI_backend\\node_modules\\axios\\dist\\node\\axios.cjs:3377:11)\n    at IncomingMessage.emit (node:events:530:35)\n    at endReadableNT (node:internal/streams/readable:1698:12)\n    at process.processTicksAndRejections (node:internal/process/task_queues:90:21)\n    at Axios.request (C:\\Abhishek\\Workspace\\Virtual Instructor\\AthenaVI_backend\\node_modules\\axios\\dist\\node\\axios.cjs:4517:41)\n    at process.processTicksAndRejections (node:internal/process/task_queues:105:5)\n    at async C:\\Abhishek\\Workspace\\Virtual Instructor\\AthenaVI_backend\\src\\modules\\video\\video.controller.js:43:20","timestamp":"2026-04-23T09:32:40.799Z"}
{"level":"info","message":"Server running bHYon port 9000","timestamp":"2026-04-23T09:37:53.247Z"}
{"level":"error","message":"AxiosError: Request failed with status code 400\n    at settle (C:\\Abhishek\\Workspace\\Virtual Instructor\\AthenaVI_backend\\node_modules\\axios\\dist\\node\\axios.cjs:1970:12)\n    at IncomingMessage.handleStreamEnd (C:\\Abhishek\\Workspace\\Virtual Instructor\\AthenaVI_backend\\node_modules\\axios\\dist\\node\\axios.cjs:3377:11)\n    at IncomingMessage.emit (node:events:530:35)\n    at endReadableNT (node:internal/streams/readable:1698:12)\n    at process.processTicksAndRejections (node:internal/process/task_queues:90:21)\n    at Axios.request (C:\\Abhishek\\Workspace\\Virtual Instructor\\AthenaVI_backend\\node_modules\\axios\\dist\\node\\axios.cjs:4517:41)\n    at process.processTicksAndRejections (node:internal/process/task_queues:105:5)\n    at async C:\\Abhishek\\Workspace\\Virtual Instructor\\AthenaVI_backend\\src\\modules\\video\\video.controller.js:98:20","timestamp":"2026-04-23T09:39:06.694Z"}
{"level":"info","message":"Server running bHYon port 9000","timestamp":"2026-04-23T09:39:15.565Z"}
{"level":"error","message":"AxiosError: Request failed with status code 400\n    at settle (C:\\Abhishek\\Workspace\\Virtual Instructor\\AthenaVI_backend\\node_modules\\axios\\dist\\node\\axios.cjs:1970:12)\n    at IncomingMessage.handleStreamEnd (C:\\Abhishek\\Workspace\\Virtual Instructor\\AthenaVI_backend\\node_modules\\axios\\dist\\node\\axios.cjs:3377:11)\n    at IncomingMessage.emit (node:events:530:35)\n    at endReadableNT (node:internal/streams/readable:1698:12)\n    at process.processTicksAndRejections (node:internal/process/task_queues:90:21)\n    at Axios.request (C:\\Abhishek\\Workspace\\Virtual Instructor\\AthenaVI_backend\\node_modules\\axios\\dist\\node\\axios.cjs:4517:41)\n    at process.processTicksAndRejections (node:internal/process/task_queues:105:5)\n    at async C:\\Abhishek\\Workspace\\Virtual Instructor\\AthenaVI_backend\\src\\modules\\video\\video.controller.js:98:20","timestamp":"2026-04-23T09:39:20.693Z"}
{"level":"info","message":"Server running bHYon port 9000","timestamp":"2026-04-23T09:39:38.834Z"}
{"level":"info","message":"Server running bHYon port 9000","timestamp":"2026-04-23T09:39:48.432Z"}
{"level":"info","message":"Server running bHYon port 9000","timestamp":"2026-04-23T09:39:51.521Z"}
{"level":"info","message":"Server running bHYon port 9000","timestamp":"2026-04-23T09:40:02.015Z"}
{"level":"info","message":"Server running bHYon port 9000","timestamp":"2026-04-23T09:40:41.737Z"}
{"level":"info","message":"Server running bHYon port 9000","timestamp":"2026-04-23T09:40:43.697Z"}
{"level":"info","message":"Server running bHYon port 9000","timestamp":"2026-04-23T09:40:47.637Z"}
{"level":"info","message":"Server running bHYon port 9000","timestamp":"2026-04-23T09:40:49.447Z"}
{"level":"info","message":"Server running bHYon port 9000","timestamp":"2026-04-23T09:40:53.651Z"}
{"level":"info","message":"Server running bHYon port 9000","timestamp":"2026-04-23T09:40:56.054Z"}
{"level":"info","message":"Server running bHYon port 9000","timestamp":"2026-04-23T09:40:59.520Z"}
{"level":"info","message":"Server running bHYon port 9000","timestamp":"2026-04-23T09:41:02.435Z"}
{"level":"info","message":"Server running bHYon port 9000","timestamp":"2026-04-23T09:41:06.229Z"}
{"level":"info","message":"Server running bHYon port 9000","timestamp":"2026-04-23T09:41:27.612Z"}
{"level":"info","message":"Server running bHYon port 9000","timestamp":"2026-04-23T09:41:54.082Z"}
{"level":"info","message":"Server running bHYon port 9000","timestamp":"2026-04-23T09:41:56.796Z"}
{"level":"info","message":"Server running bHYon port 9000","timestamp":"2026-04-23T09:42:04.137Z"}
{"level":"info","message":"Server running bHYon port 9000","timestamp":"2026-04-23T09:42:21.574Z"}
{"level":"info","message":"Server running bHYon port 9000","timestamp":"2026-04-23T09:42:35.748Z"}
{"level":"info","message":"Server running bHYon port 9000","timestamp":"2026-04-23T09:42:47.813Z"}
{"level":"info","message":"Server running bHYon port 9000","timestamp":"2026-04-23T09:46:36.224Z"}
{"level":"info","message":"Server running bHYon port 9000","timestamp":"2026-04-23T09:46:39.007Z"}
{"level":"info","message":"Server running bHYon port 9000","timestamp":"2026-04-29T10:55:54.333Z"}
{"level":"info","message":"Server running bHYon port 9000","timestamp":"2026-04-29T10:57:21.208Z"}
{"level":"info","message":"Server running bHYon port 9000","timestamp":"2026-04-29T10:57:26.894Z"}
{"level":"info","message":"Server running bHYon port 9000","timestamp":"2026-04-29T11:07:52.889Z"}
{"level":"info","message":"Server running bHYon port 9000","timestamp":"2026-04-29T11:10:17.091Z"}
{"level":"info","message":"Server running bHYon port 9000","timestamp":"2026-04-29T11:10:42.960Z"}
{"level":"info","message":"Server running bHYon port 9000","timestamp":"2026-04-29T11:20:57.835Z"}
{"level":"error","message":"Error: Validation error\n    at C:\\Abhishek\\Workspace\\Virtual Instructor\\AthenaVI_backend\\src\\middlewares\\validate.middleware.js:22:11\n    at Layer.handleRequest (C:\\Abhishek\\Workspace\\Virtual Instructor\\AthenaVI_backend\\node_modules\\router\\lib\\layer.js:152:17)\n    at next (C:\\Abhishek\\Workspace\\Virtual Instructor\\AthenaVI_backend\\node_modules\\router\\lib\\route.js:157:13)\n    at Route.dispatch (C:\\Abhishek\\Workspace\\Virtual Instructor\\AthenaVI_backend\\node_modules\\router\\lib\\route.js:117:3)\n    at handle (C:\\Abhishek\\Workspace\\Virtual Instructor\\AthenaVI_backend\\node_modules\\router\\index.js:435:11)\n    at Layer.handleRequest (C:\\Abhishek\\Workspace\\Virtual Instructor\\AthenaVI_backend\\node_modules\\router\\lib\\layer.js:152:17)\n    at C:\\Abhishek\\Workspace\\Virtual Instructor\\AthenaVI_backend\\node_modules\\router\\index.js:295:15\n    at processParams (C:\\Abhishek\\Workspace\\Virtual Instructor\\AthenaVI_backend\\node_modules\\router\\index.js:582:12)\n    at next (C:\\Abhishek\\Workspace\\Virtual Instructor\\AthenaVI_backend\\node_modules\\router\\index.js:291:5)\n    at Function.handle (C:\\Abhishek\\Workspace\\Virtual Instructor\\AthenaVI_backend\\node_modules\\router\\index.js:186:3)","timestamp":"2026-04-29T11:22:20.553Z"}
{"level":"error","message":"TypeError: Cannot read properties of undefined (reading 'findUnique')\n    at Object.findHeygenResponseByRequestHash (C:\\Abhishek\\Workspace\\Virtual Instructor\\AthenaVI_backend\\src\\modules\\video\\heygen.dao.js:4:32)\n    at Object.generateAvatarVideo (C:\\Abhishek\\Workspace\\Virtual Instructor\\AthenaVI_backend\\src\\modules\\video\\services\\heygen.service.js:26:44)\n    at C:\\Abhishek\\Workspace\\Virtual Instructor\\AthenaVI_backend\\src\\modules\\video\\video.controller.js:20:46\n    at C:\\Abhishek\\Workspace\\Virtual Instructor\\AthenaVI_backend\\src\\shared\\utils\\asyncHandler.js:2:19\n    at Layer.handleRequest (C:\\Abhishek\\Workspace\\Virtual Instructor\\AthenaVI_backend\\node_modules\\router\\lib\\layer.js:152:17)\n    at next (C:\\Abhishek\\Workspace\\Virtual Instructor\\AthenaVI_backend\\node_modules\\router\\lib\\route.js:157:13)\n    at C:\\Abhishek\\Workspace\\Virtual Instructor\\AthenaVI_backend\\src\\middlewares\\validate.middleware.js:29:3\n    at Layer.handleRequest (C:\\Abhishek\\Workspace\\Virtual Instructor\\AthenaVI_backend\\node_modules\\router\\lib\\layer.js:152:17)\n    at next (C:\\Abhishek\\Workspace\\Virtual Instructor\\AthenaVI_backend\\node_modules\\router\\lib\\route.js:157:13)\n    at Route.dispatch (C:\\Abhishek\\Workspace\\Virtual Instructor\\AthenaVI_backend\\node_modules\\router\\lib\\route.js:117:3)","timestamp":"2026-04-29T11:22:44.309Z"}
{"level":"info","message":"Server running bHYon port 9000","timestamp":"2026-04-27T04:59:16.611Z"}
{"level":"info","message":"Server running bHYon port 9000","timestamp":"2026-04-30T04:47:22.380Z"}
{"level":"info","message":"Server running bHYon port 9000","timestamp":"2026-05-01T06:33:09.199Z"}
{"level":"info","message":"Server running bHYon port 9000","timestamp":"2026-05-01T06:46:44.960Z"}
{"level":"info","message":"Server running bHYon port 9000","timestamp":"2026-05-01T06:47:18.960Z"}
{"level":"info","message":"Server running bHYon port 9000","timestamp":"2026-05-01T06:47:36.343Z"}
{"level":"info","message":"Server running bHYon port 9000","timestamp":"2026-05-01T06:47:44.997Z"}
{"level":"info","message":"Server running bHYon port 9000","timestamp":"2026-05-01T07:10:10.276Z"}
{"level":"info","message":"Server running bHYon port 9000","timestamp":"2026-05-01T07:10:19.424Z"}
{"level":"info","message":"Server running bHYon port 9000","timestamp":"2026-05-01T07:10:23.638Z"}
{"level":"info","message":"Server running bHYon port 9000","timestamp":"2026-05-01T07:20:47.304Z"}
{"level":"info","message":"Server running bHYon port 9000","timestamp":"2026-05-01T07:24:59.497Z"}
{"level":"info","message":"Server running bHYon port 9000","timestamp":"2026-05-01T07:25:42.682Z"}
{"level":"info","message":"Server running bHYon port 9000","timestamp":"2026-05-01T07:27:09.397Z"}
{"level":"info","message":"Server running bHYon port 9000","timestamp":"2026-05-01T08:28:02.403Z"}
{"level":"info","message":"Server running bHYon port 9000","timestamp":"2026-05-01T11:42:18.023Z"}
{"level":"error","message":"Error: Client IP address is not in the allowlist.\n    at #decodeSimpleError (C:\\Abhishek\\Workspace\\Virtual Instructor\\AthenaVI_backend\\node_modules\\@redis\\client\\dist\\lib\\RESP\\decoder.js:457:13)\n    at #decodeTypeValue (C:\\Abhishek\\Workspace\\Virtual Instructor\\AthenaVI_backend\\node_modules\\@redis\\client\\dist\\lib\\RESP\\decoder.js:104:91)\n    at Decoder.write (C:\\Abhishek\\Workspace\\Virtual Instructor\\AthenaVI_backend\\node_modules\\@redis\\client\\dist\\lib\\RESP\\decoder.js:74:38)\n    at RedisSocket.<anonymous> (C:\\Abhishek\\Workspace\\Virtual Instructor\\AthenaVI_backend\\node_modules\\@redis\\client\\dist\\lib\\client\\index.js:437:37)\n    at RedisSocket.emit (node:events:518:28)\n    at TLSSocket.<anonymous> (C:\\Abhishek\\Workspace\\Virtual Instructor\\AthenaVI_backend\\node_modules\\@redis\\client\\dist\\lib\\client\\socket.js:235:38)\n    at TLSSocket.emit (node:events:518:28)\n    at addChunk (node:internal/streams/readable:561:12)\n    at readableAddChunkPushByteMode (node:internal/streams/readable:512:3)\n    at Readable.push (node:internal/streams/readable:392:5)","timestamp":"2026-05-02T05:21:26.460Z"}
{"level":"error","message":"TypeError: Cannot read properties of undefined (reading 'findUnique')\n    at Object.findHeygenResponseByRequestHash (C:\\Abhishek\\Workspace\\Virtual Instructor\\AthenaVI_backend\\src\\modules\\video\\heygen.dao.js:4:32)\n    at Object.generateAvatarVideo (C:\\Abhishek\\Workspace\\Virtual Instructor\\AthenaVI_backend\\src\\modules\\video\\services\\heygen.service.js:26:44)\n    at C:\\Abhishek\\Workspace\\Virtual Instructor\\AthenaVI_backend\\src\\modules\\video\\video.controller.js:20:46\n    at C:\\Abhishek\\Workspace\\Virtual Instructor\\AthenaVI_backend\\src\\shared\\utils\\asyncHandler.js:2:19\n    at Layer.handleRequest (C:\\Abhishek\\Workspace\\Virtual Instructor\\AthenaVI_backend\\node_modules\\router\\lib\\layer.js:152:17)\n    at next (C:\\Abhishek\\Workspace\\Virtual Instructor\\AthenaVI_backend\\node_modules\\router\\lib\\route.js:157:13)\n    at C:\\Abhishek\\Workspace\\Virtual Instructor\\AthenaVI_backend\\src\\middlewares\\validate.middleware.js:29:3\n    at Layer.handleRequest (C:\\Abhishek\\Workspace\\Virtual Instructor\\AthenaVI_backend\\node_modules\\router\\lib\\layer.js:152:17)\n    at next (C:\\Abhishek\\Workspace\\Virtual Instructor\\AthenaVI_backend\\node_modules\\router\\lib\\route.js:157:13)\n    at Route.dispatch (C:\\Abhishek\\Workspace\\Virtual Instructor\\AthenaVI_backend\\node_modules\\router\\lib\\route.js:117:3)","timestamp":"2026-05-02T06:54:14.610Z"}
{"level":"info","message":"Server running bHYon port 9000","timestamp":"2026-05-02T06:55:51.536Z"}
{"level":"error","message":"Error: workspaceId, projectId, videoId, and requestHash are required\n    at Object.saveHeygenResponse (C:\\Abhishek\\Workspace\\Virtual Instructor\\AthenaVI_backend\\src\\modules\\video\\heygen.dao.js:18:11)\n    at Object.generateAvatarVideo (C:\\Abhishek\\Workspace\\Virtual Instructor\\AthenaVI_backend\\src\\modules\\video\\services\\heygen.service.js:86:28)\n    at process.processTicksAndRejections (node:internal/process/task_queues:105:5)\n    at async C:\\Abhishek\\Workspace\\Virtual Instructor\\AthenaVI_backend\\src\\modules\\video\\video.controller.js:20:26","timestamp":"2026-05-02T06:55:59.340Z"}
{"level":"info","message":"Server running bHYon port 9000","timestamp":"2026-05-02T06:57:28.349Z"}
{"level":"error","message":"Error: workspaceId, projectId, videoId, and requestHash are required\n    at Object.saveHeygenResponse (C:\\Abhishek\\Workspace\\Virtual Instructor\\AthenaVI_backend\\src\\modules\\video\\heygen.dao.js:18:11)\n    at Object.generateAvatarVideo (C:\\Abhishek\\Workspace\\Virtual Instructor\\AthenaVI_backend\\src\\modules\\video\\services\\heygen.service.js:86:28)\n    at process.processTicksAndRejections (node:internal/process/task_queues:105:5)\n    at async C:\\Abhishek\\Workspace\\Virtual Instructor\\AthenaVI_backend\\src\\modules\\video\\video.controller.js:20:26","timestamp":"2026-05-02T06:57:49.203Z"}
{"level":"info","message":"Server running bHYon port 9000","timestamp":"2026-05-02T07:00:23.702Z"}
{"level":"info","message":"Server running bHYon port 9000","timestamp":"2026-05-02T07:00:29.840Z"}
{"level":"error","message":"Error: workspaceId, projectId, videoId, and requestHash are required\n    at Object.saveHeygenResponse (C:\\Abhishek\\Workspace\\Virtual Instructor\\AthenaVI_backend\\src\\modules\\video\\heygen.dao.js:18:11)\n    at Object.generateAvatarVideo (C:\\Abhishek\\Workspace\\Virtual Instructor\\AthenaVI_backend\\src\\modules\\video\\services\\heygen.service.js:87:28)\n    at process.processTicksAndRejections (node:internal/process/task_queues:105:5)\n    at async C:\\Abhishek\\Workspace\\Virtual Instructor\\AthenaVI_backend\\src\\modules\\video\\video.controller.js:20:26","timestamp":"2026-05-02T07:00:37.147Z"}
{"level":"info","message":"Server running bHYon port 9000","timestamp":"2026-05-02T07:00:46.783Z"}
{"level":"info","message":"Server running bHYon port 9000","timestamp":"2026-05-02T07:18:12.893Z"}
{"level":"info","message":"Server running bHYon port 9000","timestamp":"2026-05-02T07:18:24.557Z"}
{"level":"info","message":"Server running bHYon port 9000","timestamp":"2026-05-02T07:18:31.543Z"}
{"level":"info","message":"Server running bHYon port 9000","timestamp":"2026-05-02T07:19:03.132Z"}
{"level":"info","message":"Server running bHYon port 9000","timestamp":"2026-05-02T07:21:30.604Z"}
{"level":"error","message":"Error: workspaceId, projectId, videoId, and requestHash are required\n    at Object.saveHeygenResponse (C:\\Abhishek\\Workspace\\Virtual Instructor\\AthenaVI_backend\\src\\modules\\video\\heygen.dao.js:19:11)\n    at Object.generateAvatarVideo (C:\\Abhishek\\Workspace\\Virtual Instructor\\AthenaVI_backend\\src\\modules\\video\\services\\heygen.service.js:87:28)\n    at process.processTicksAndRejections (node:internal/process/task_queues:105:5)\n    at async C:\\Abhishek\\Workspace\\Virtual Instructor\\AthenaVI_backend\\src\\modules\\video\\video.controller.js:20:26","timestamp":"2026-05-02T07:23:50.508Z"}
{"level":"info","message":"Server running bHYon port 9000","timestamp":"2026-05-02T07:25:32.034Z"}
{"level":"info","message":"Server running bHYon port 9000","timestamp":"2026-05-02T07:25:43.043Z"}
{"level":"info","message":"Server running bHYon port 9000","timestamp":"2026-05-02T07:25:45.563Z"}
{"level":"info","message":"Server running bHYon port 9000","timestamp":"2026-05-02T07:26:09.186Z"}
{"level":"info","message":"Server running bHYon port 9000","timestamp":"2026-05-02T07:26:18.321Z"}
{"level":"info","message":"Server running bHYon port 9000","timestamp":"2026-05-02T07:26:33.391Z"}
{"level":"info","message":"Server running bHYon port 9000","timestamp":"2026-05-02T07:26:48.191Z"}
{"level":"info","message":"Server running bHYon port 9000","timestamp":"2026-05-02T07:27:13.292Z"}
{"level":"info","message":"Server running bHYon port 9000","timestamp":"2026-05-02T07:27:27.475Z"}
{"level":"info","message":"Server running bHYon port 9000","timestamp":"2026-05-02T07:27:34.941Z"}
{"level":"info","message":"Server running bHYon port 9000","timestamp":"2026-05-02T07:28:00.936Z"}
{"level":"info","message":"Server running bHYon port 9000","timestamp":"2026-05-02T07:28:06.281Z"}
{"level":"info","message":"Server running bHYon port 9000","timestamp":"2026-05-02T07:28:18.954Z"}
{"level":"info","message":"Server running bHYon port 9000","timestamp":"2026-05-02T07:30:15.350Z"}
{"level":"info","message":"Server running bHYon port 9000","timestamp":"2026-05-02T07:30:25.304Z"}
{"level":"info","message":"Server running bHYon port 9000","timestamp":"2026-05-02T07:30:30.939Z"}
{"level":"info","message":"Server running bHYon port 9000","timestamp":"2026-05-02T07:30:43.983Z"}
{"level":"info","message":"Server running bHYon port 9000","timestamp":"2026-05-02T07:32:14.225Z"}
{"level":"info","message":"Server running bHYon port 9000","timestamp":"2026-05-02T07:32:21.607Z"}
{"level":"info","message":"Server running bHYon port 9000","timestamp":"2026-05-02T07:39:36.351Z"}
{"level":"info","message":"Server running bHYon port 9000","timestamp":"2026-05-02T09:45:18.053Z"}
{"level":"info","message":"Server running bHYon port 9000","timestamp":"2026-05-02T09:45:23.135Z"}
{"level":"info","message":"Server running bHYon port 9000","timestamp":"2026-05-02T09:45:26.504Z"}
{"level":"info","message":"Server running bHYon port 9000","timestamp":"2026-05-02T09:45:27.951Z"}
{"level":"info","message":"Server running bHYon port 9000","timestamp":"2026-05-02T09:57:33.055Z"}
{"level":"info","message":"Server running bHYon port 9000","timestamp":"2026-05-02T09:57:38.489Z"}
{"level":"info","message":"Server running bHYon port 9000","timestamp":"2026-05-02T09:57:40.216Z"}
{"level":"info","message":"Server running bHYon port 9000","timestamp":"2026-05-02T09:57:43.821Z"}
{"level":"info","message":"Server running bHYon port 9000","timestamp":"2026-05-02T09:58:05.668Z"}
{"level":"info","message":"Server running bHYon port 9000","timestamp":"2026-05-02T09:58:09.737Z"}
{"level":"info","message":"Server running bHYon port 9000","timestamp":"2026-05-02T09:58:11.337Z"}
{"level":"info","message":"Server running bHYon port 9000","timestamp":"2026-05-02T09:58:24.406Z"}
{"level":"info","message":"Server running bHYon port 9000","timestamp":"2026-05-02T09:58:27.763Z"}
{"level":"info","message":"Server running bHYon port 9000","timestamp":"2026-05-02T09:59:01.203Z"}
{"level":"info","message":"Server running bHYon port 9000","timestamp":"2026-05-02T09:59:40.183Z"}
{"level":"info","message":"Server running bHYon port 9000","timestamp":"2026-05-02T09:59:42.798Z"}
{"level":"info","message":"Server running bHYon port 9000","timestamp":"2026-05-02T10:00:32.215Z"}
{"level":"info","message":"Server running bHYon port 9000","timestamp":"2026-05-02T10:00:34.558Z"}
{"level":"info","message":"Server running bHYon port 9000","timestamp":"2026-05-02T10:00:36.329Z"}
{"level":"info","message":"Server running bHYon port 9000","timestamp":"2026-05-02T10:00:37.728Z"}
{"level":"info","message":"Server running bHYon port 9000","timestamp":"2026-05-02T10:00:45.461Z"}
{"level":"info","message":"Server running bHYon port 9000","timestamp":"2026-05-02T10:00:46.974Z"}
{"level":"info","message":"Server running bHYon port 9000","timestamp":"2026-05-02T10:00:52.898Z"}
{"level":"info","message":"Server running bHYon port 9000","timestamp":"2026-05-02T10:00:56.258Z"}
{"level":"info","message":"Server running bHYon port 9000","timestamp":"2026-05-02T10:00:58.568Z"}
{"level":"info","message":"Server running bHYon port 9000","timestamp":"2026-05-02T10:01:02.120Z"}
{"level":"info","message":"Server running bHYon port 9000","timestamp":"2026-05-02T10:01:06.595Z"}
{"level":"error","message":"Error: workspaceId, projectId, videoId, and requestHash are required\n    at Object.saveHeygenResponse (C:\\Abhishek\\Workspace\\Virtual Instructor\\AthenaVI_backend\\src\\modules\\video\\heygen.dao.js:18:11)\n    at Object.generateAvatarVideo (C:\\Abhishek\\Workspace\\Virtual Instructor\\AthenaVI_backend\\src\\modules\\video\\services\\heygen.service.js:72:46)\n    at process.processTicksAndRejections (node:internal/process/task_queues:105:5)\n    at async C:\\Abhishek\\Workspace\\Virtual Instructor\\AthenaVI_backend\\src\\modules\\video\\video.controller.js:20:26","timestamp":"2026-05-02T10:01:12.984Z"}
{"level":"info","message":"Server running bHYon port 9000","timestamp":"2026-05-02T10:02:04.742Z"}
{"level":"info","message":"Server running bHYon port 9000","timestamp":"2026-05-02T10:02:06.675Z"}
{"level":"info","message":"Server running bHYon port 9000","timestamp":"2026-05-02T10:02:09.814Z"}
{"level":"info","message":"Server running bHYon port 9000","timestamp":"2026-05-02T10:02:11.619Z"}
{"level":"info","message":"Server running bHYon port 9000","timestamp":"2026-05-02T10:02:20.134Z"}
{"level":"info","message":"Server running bHYon port 9000","timestamp":"2026-05-02T10:02:22.216Z"}
{"level":"error","message":"Error: workspaceId, projectId, videoId, and requestHash are required\n    at Object.saveHeygenResponse (C:\\Abhishek\\Workspace\\Virtual Instructor\\AthenaVI_backend\\src\\modules\\video\\heygen.dao.js:20:11)\n    at Object.generateAvatarVideo (C:\\Abhishek\\Workspace\\Virtual Instructor\\AthenaVI_backend\\src\\modules\\video\\services\\heygen.service.js:72:46)\n    at process.processTicksAndRejections (node:internal/process/task_queues:105:5)\n    at async C:\\Abhishek\\Workspace\\Virtual Instructor\\AthenaVI_backend\\src\\modules\\video\\video.controller.js:20:26","timestamp":"2026-05-02T10:02:29.692Z"}
{"level":"info","message":"Server running bHYon port 9000","timestamp":"2026-05-02T10:03:06.368Z"}
{"level":"info","message":"Server running bHYon port 9000","timestamp":"2026-05-02T10:03:09.031Z"}
{"level":"info","message":"Server running bHYon port 9000","timestamp":"2026-05-02T10:03:16.860Z"}
{"level":"info","message":"Server running bHYon port 9000","timestamp":"2026-05-02T10:03:19.840Z"}
{"level":"info","message":"Server running bHYon port 9000","timestamp":"2026-05-02T10:03:24.004Z"}
{"level":"info","message":"Server running bHYon port 9000","timestamp":"2026-05-02T10:03:33.064Z"}
{"level":"info","message":"Server running bHYon port 9000","timestamp":"2026-05-02T10:03:46.901Z"}
{"level":"info","message":"Server running bHYon port 9000","timestamp":"2026-05-02T10:03:51.820Z"}
{"level":"info","message":"Server running bHYon port 9000","timestamp":"2026-05-02T10:03:56.260Z"}
{"level":"info","message":"Server running bHYon port 9000","timestamp":"2026-05-02T10:03:58.020Z"}
{"level":"error","message":"Error: workspaceId, projectId, videoId, and requestHash are required\n    at Object.saveHeygenResponse (C:\\Abhishek\\Workspace\\Virtual Instructor\\AthenaVI_backend\\src\\modules\\video\\heygen.dao.js:20:11)\n    at Object.generateAvatarVideo (C:\\Abhishek\\Workspace\\Virtual Instructor\\AthenaVI_backend\\src\\modules\\video\\services\\heygen.service.js:72:46)\n    at process.processTicksAndRejections (node:internal/process/task_queues:105:5)\n    at async C:\\Abhishek\\Workspace\\Virtual Instructor\\AthenaVI_backend\\src\\modules\\video\\video.controller.js:20:26","timestamp":"2026-05-02T10:04:02.859Z"}
{"level":"error","message":"Error: workspaceId, projectId, videoId, and requestHash are required\n    at Object.saveHeygenResponse (C:\\Abhishek\\Workspace\\Virtual Instructor\\AthenaVI_backend\\src\\modules\\video\\heygen.dao.js:20:11)\n    at Object.generateAvatarVideo (C:\\Abhishek\\Workspace\\Virtual Instructor\\AthenaVI_backend\\src\\modules\\video\\services\\heygen.service.js:72:46)\n    at process.processTicksAndRejections (node:internal/process/task_queues:105:5)\n    at async C:\\Abhishek\\Workspace\\Virtual Instructor\\AthenaVI_backend\\src\\modules\\video\\video.controller.js:20:26","timestamp":"2026-05-02T10:04:07.869Z"}
{"level":"info","message":"Server running bHYon port 9000","timestamp":"2026-05-02T10:04:37.177Z"}
{"level":"error","message":"Error: workspaceId, projectId, videoId, and requestHash are required\n    at Object.saveHeygenResponse (C:\\Abhishek\\Workspace\\Virtual Instructor\\AthenaVI_backend\\src\\modules\\video\\heygen.dao.js:20:11)\n    at Object.generateAvatarVideo (C:\\Abhishek\\Workspace\\Virtual Instructor\\AthenaVI_backend\\src\\modules\\video\\services\\heygen.service.js:72:46)\n    at process.processTicksAndRejections (node:internal/process/task_queues:105:5)\n    at async C:\\Abhishek\\Workspace\\Virtual Instructor\\AthenaVI_backend\\src\\modules\\video\\video.controller.js:20:26","timestamp":"2026-05-02T10:04:42.324Z"}
{"level":"info","message":"Server running bHYon port 9000","timestamp":"2026-05-02T10:04:52.594Z"}
{"level":"info","message":"Server running bHYon port 9000","timestamp":"2026-05-02T10:05:00.559Z"}
{"level":"info","message":"Server running bHYon port 9000","timestamp":"2026-05-02T10:05:03.663Z"}
{"level":"info","message":"Server running bHYon port 9000","timestamp":"2026-05-02T10:05:05.752Z"}
{"level":"info","message":"Server running bHYon port 9000","timestamp":"2026-05-02T10:05:08.292Z"}
{"level":"error","message":"Error: workspaceId, projectId, videoId, and requestHash are required\n    at Object.saveHeygenResponse (C:\\Abhishek\\Workspace\\Virtual Instructor\\AthenaVI_backend\\src\\modules\\video\\heygen.dao.js:20:11)\n    at Object.generateAvatarVideo (C:\\Abhishek\\Workspace\\Virtual Instructor\\AthenaVI_backend\\src\\modules\\video\\services\\heygen.service.js:73:46)\n    at process.processTicksAndRejections (node:internal/process/task_queues:105:5)\n    at async C:\\Abhishek\\Workspace\\Virtual Instructor\\AthenaVI_backend\\src\\modules\\video\\video.controller.js:20:26","timestamp":"2026-05-02T10:05:18.161Z"}
{"level":"info","message":"Server running bHYon port 9000","timestamp":"2026-05-02T10:10:13.210Z"}
{"level":"error","message":"Error: workspaceId, projectId, videoId, and requestHash are required\n    at Object.saveHeygenResponse (C:\\Abhishek\\Workspace\\Virtual Instructor\\AthenaVI_backend\\src\\modules\\video\\heygen.dao.js:20:11)\n    at Object.generateAvatarVideo (C:\\Abhishek\\Workspace\\Virtual Instructor\\AthenaVI_backend\\src\\modules\\video\\services\\heygen.service.js:73:46)\n    at process.processTicksAndRejections (node:internal/process/task_queues:105:5)\n    at async C:\\Abhishek\\Workspace\\Virtual Instructor\\AthenaVI_backend\\src\\modules\\video\\video.controller.js:20:26","timestamp":"2026-05-02T10:10:19.181Z"}
{"level":"info","message":"Server running bHYon port 9000","timestamp":"2026-05-02T10:10:38.070Z"}
{"level":"error","message":"PrismaClientKnownRequestError: \nInvalid `prisma.heygenResponse.findUnique()` invocation in\nC:\\Abhishek\\Workspace\\Virtual Instructor\\AthenaVI_backend\\src\\modules\\video\\heygen.dao.js:4:32\n\n  1 const prisma = require('../../shared/config/prismaClient');\n  2 \n  3 const findHeygenResponseByRequestHash = async (requestHash) => {\n→ 4   return prisma.heygenResponse.findUnique(\nCan't reach database server at pg-792b027-webx.g.aivencloud.com\n    at qr.handleRequestError (C:\\Abhishek\\Workspace\\Virtual Instructor\\AthenaVI_backend\\node_modules\\@prisma\\client\\runtime\\client.js:65:8172)\n    at qr.handleAndLogRequestError (C:\\Abhishek\\Workspace\\Virtual Instructor\\AthenaVI_backend\\node_modules\\@prisma\\client\\runtime\\client.js:65:7467)\n    at qr.request (C:\\Abhishek\\Workspace\\Virtual Instructor\\AthenaVI_backend\\node_modules\\@prisma\\client\\runtime\\client.js:65:7174)\n    at process.processTicksAndRejections (node:internal/process/task_queues:105:5)\n    at async a (C:\\Abhishek\\Workspace\\Virtual Instructor\\AthenaVI_backend\\node_modules\\@prisma\\client\\runtime\\client.js:75:5816)\n    at async Object.generateAvatarVideo (C:\\Abhishek\\Workspace\\Virtual Instructor\\AthenaVI_backend\\src\\modules\\video\\services\\heygen.service.js:26:28)\n    at async C:\\Abhishek\\Workspace\\Virtual Instructor\\AthenaVI_backend\\src\\modules\\video\\video.controller.js:20:26","timestamp":"2026-05-02T10:49:02.424Z"}
{"level":"info","message":"Server running bHYon port 9000","timestamp":"2026-05-04T05:48:52.866Z"}
{"level":"info","message":"Server running bHYon port 9000","timestamp":"2026-05-05T05:23:43.069Z"}
{"level":"error","message":"Error: You do not have access to this workspace\n    at D:\\code\\AthenaVI_backend\\src\\middlewares\\requireWorkspaceRole.js:26:13\n    at process.processTicksAndRejections (node:internal/process/task_queues:104:5)","timestamp":"2026-05-05T05:56:37.009Z"}
{"level":"info","message":"Server running bHYon port 9000","timestamp":"2026-05-05T06:08:31.817Z"}
{"level":"info","message":"Server running bHYon port 9000","timestamp":"2026-05-05T06:15:35.378Z"}
{"level":"error","message":"Error: Client IP address is not in the allowlist.\n    at #decodeSimpleError (D:\\code\\AthenaVI_backend\\node_modules\\@redis\\client\\dist\\lib\\RESP\\decoder.js:457:13)\n    at #decodeTypeValue (D:\\code\\AthenaVI_backend\\node_modules\\@redis\\client\\dist\\lib\\RESP\\decoder.js:104:91)\n    at Decoder.write (D:\\code\\AthenaVI_backend\\node_modules\\@redis\\client\\dist\\lib\\RESP\\decoder.js:74:38)\n    at RedisSocket.<anonymous> (D:\\code\\AthenaVI_backend\\node_modules\\@redis\\client\\dist\\lib\\client\\index.js:437:37)\n    at RedisSocket.emit (node:events:509:28)\n    at TLSSocket.<anonymous> (D:\\code\\AthenaVI_backend\\node_modules\\@redis\\client\\dist\\lib\\client\\socket.js:235:38)\n    at TLSSocket.emit (node:events:509:28)\n    at addChunk (node:internal/streams/readable:563:12)\n    at readableAddChunkPushByteMode (node:internal/streams/readable:514:3)\n    at Readable.push (node:internal/streams/readable:394:5)","timestamp":"2026-05-05T06:15:51.327Z"}
{"level":"error","message":"Error: Client IP address is not in the allowlist.\n    at #decodeSimpleError (D:\\code\\AthenaVI_backend\\node_modules\\@redis\\client\\dist\\lib\\RESP\\decoder.js:457:13)\n    at #decodeTypeValue (D:\\code\\AthenaVI_backend\\node_modules\\@redis\\client\\dist\\lib\\RESP\\decoder.js:104:91)\n    at Decoder.write (D:\\code\\AthenaVI_backend\\node_modules\\@redis\\client\\dist\\lib\\RESP\\decoder.js:74:38)\n    at RedisSocket.<anonymous> (D:\\code\\AthenaVI_backend\\node_modules\\@redis\\client\\dist\\lib\\client\\index.js:437:37)\n    at RedisSocket.emit (node:events:509:28)\n    at TLSSocket.<anonymous> (D:\\code\\AthenaVI_backend\\node_modules\\@redis\\client\\dist\\lib\\client\\socket.js:235:38)\n    at TLSSocket.emit (node:events:509:28)\n    at addChunk (node:internal/streams/readable:563:12)\n    at readableAddChunkPushByteMode (node:internal/streams/readable:514:3)\n    at Readable.push (node:internal/streams/readable:394:5)","timestamp":"2026-05-05T06:16:12.336Z"}
{"level":"error","message":"Error: Client IP address is not in the allowlist.\n    at #decodeSimpleError (D:\\code\\AthenaVI_backend\\node_modules\\@redis\\client\\dist\\lib\\RESP\\decoder.js:457:13)\n    at #decodeTypeValue (D:\\code\\AthenaVI_backend\\node_modules\\@redis\\client\\dist\\lib\\RESP\\decoder.js:104:91)\n    at Decoder.write (D:\\code\\AthenaVI_backend\\node_modules\\@redis\\client\\dist\\lib\\RESP\\decoder.js:74:38)\n    at RedisSocket.<anonymous> (D:\\code\\AthenaVI_backend\\node_modules\\@redis\\client\\dist\\lib\\client\\index.js:437:37)\n    at RedisSocket.emit (node:events:509:28)\n    at TLSSocket.<anonymous> (D:\\code\\AthenaVI_backend\\node_modules\\@redis\\client\\dist\\lib\\client\\socket.js:235:38)\n    at TLSSocket.emit (node:events:509:28)\n    at addChunk (node:internal/streams/readable:563:12)\n    at readableAddChunkPushByteMode (node:internal/streams/readable:514:3)\n    at Readable.push (node:internal/streams/readable:394:5)","timestamp":"2026-05-05T06:16:53.603Z"}
{"level":"info","message":"Server running bHYon port 9000","timestamp":"2026-05-05T06:17:09.720Z"}
{"level":"error","message":"Error: Client IP address is not in the allowlist.\n    at #decodeSimpleError (D:\\code\\AthenaVI_backend\\node_modules\\@redis\\client\\dist\\lib\\RESP\\decoder.js:457:13)\n    at #decodeTypeValue (D:\\code\\AthenaVI_backend\\node_modules\\@redis\\client\\dist\\lib\\RESP\\decoder.js:104:91)\n    at Decoder.write (D:\\code\\AthenaVI_backend\\node_modules\\@redis\\client\\dist\\lib\\RESP\\decoder.js:74:38)\n    at RedisSocket.<anonymous> (D:\\code\\AthenaVI_backend\\node_modules\\@redis\\client\\dist\\lib\\client\\index.js:437:37)\n    at RedisSocket.emit (node:events:509:28)\n    at TLSSocket.<anonymous> (D:\\code\\AthenaVI_backend\\node_modules\\@redis\\client\\dist\\lib\\client\\socket.js:235:38)\n    at TLSSocket.emit (node:events:509:28)\n    at addChunk (node:internal/streams/readable:563:12)\n    at readableAddChunkPushByteMode (node:internal/streams/readable:514:3)\n    at Readable.push (node:internal/streams/readable:394:5)","timestamp":"2026-05-05T06:17:18.591Z"}
{"level":"info","message":"Server running bHYon port 9000","timestamp":"2026-05-05T09:48:33.397Z"}
{"level":"info","message":"Server running bHYon port 9000","timestamp":"2026-05-05T09:48:59.927Z"}
{"level":"info","message":"Server running bHYon port 9000","timestamp":"2026-05-05T09:52:51.823Z"}
{"level":"info","message":"Server running bHYon port 9000","timestamp":"2026-05-05T09:53:00.019Z"}
{"level":"info","message":"Server running bHYon port 9000","timestamp":"2026-05-05T09:53:10.402Z"}
{"level":"info","message":"Server running bHYon port 9000","timestamp":"2026-05-05T09:53:18.053Z"}
{"level":"info","message":"Server running bHYon port 9000","timestamp":"2026-05-05T09:53:22.525Z"}
{"level":"error","message":"Error: Unsupported file type; use image/jpeg, image/png, image/webp, video/mp4, or video/webm\n    at fileFilter (D:\\code\\AthenaVI_backend\\src\\middlewares\\heygenAvatarCreate.middleware.js:22:9)\n    at wrappedFileFilter (D:\\code\\AthenaVI_backend\\node_modules\\multer\\index.js:45:7)\n    at Multipart.<anonymous> (D:\\code\\AthenaVI_backend\\node_modules\\multer\\lib\\make-middleware.js:183:7)\n    at Multipart.emit (node:events:509:28)\n    at HeaderParser.cb (D:\\code\\AthenaVI_backend\\node_modules\\busboy\\lib\\types\\multipart.js:358:14)\n    at HeaderParser.push (D:\\code\\AthenaVI_backend\\node_modules\\busboy\\lib\\types\\multipart.js:162:20)\n    at SBMH.ssCb [as _cb] (D:\\code\\AthenaVI_backend\\node_modules\\busboy\\lib\\types\\multipart.js:394:37)\n    at feed (D:\\code\\AthenaVI_backend\\node_modules\\streamsearch\\lib\\sbmh.js:200:10)\n    at SBMH.push (D:\\code\\AthenaVI_backend\\node_modules\\streamsearch\\lib\\sbmh.js:104:16)\n    at Multipart._write (D:\\code\\AthenaVI_backend\\node_modules\\busboy\\lib\\types\\multipart.js:567:19)","timestamp":"2026-05-05T09:56:33.928Z"}
{"level":"info","message":"Server running bHYon port 9000","timestamp":"2026-05-06T11:11:42.606Z"}
{"level":"info","message":"Server running bHYon port 9000","timestamp":"2026-05-06T11:16:47.904Z"}
{"level":"info","message":"Server running bHYon port 9000","timestamp":"2026-05-06T11:19:18.165Z"}
{"level":"info","message":"Server running bHYon port 9000","timestamp":"2026-05-06T11:19:21.058Z"}
{"level":"info","message":"Server running bHYon port 9000","timestamp":"2026-05-06T11:20:36.925Z"}
{"level":"info","message":"Server running bHYon port 9000","timestamp":"2026-05-06T11:21:58.892Z"}
{"level":"info","message":"Server running bHYon port 9000","timestamp":"2026-05-06T11:22:00.219Z"}
{"level":"info","message":"Server running bHYon port 9000","timestamp":"2026-05-06T11:22:02.850Z"}
{"level":"info","message":"Server running bHYon port 9000","timestamp":"2026-05-06T11:22:06.633Z"}
{"level":"info","message":"Server running bHYon port 9000","timestamp":"2026-05-06T11:22:08.663Z"}
{"level":"info","message":"Server running bHYon port 9000","timestamp":"2026-05-19T07:04:13.615Z"}
{"level":"info","message":"Server running bHYon port 9000","timestamp":"2026-05-19T07:11:45.033Z"}
{"level":"info","message":"Server running bHYon port 9000","timestamp":"2026-05-25T04:16:39.754Z"}
{"level":"info","message":"Server running on port 9000","timestamp":"2026-05-25T04:28:01.404Z"}
{"intervalMs":3600000,"level":"info","message":"Account deletion job scheduled","timestamp":"2026-05-25T04:28:01.413Z"}
{"level":"info","message":"Server running on port 9000","timestamp":"2026-05-25T04:28:39.271Z"}
{"intervalMs":3600000,"level":"info","message":"Account deletion job scheduled","timestamp":"2026-05-25T04:28:39.287Z"}
{"level":"info","message":"Server running on port 9000","timestamp":"2026-05-25T04:28:54.721Z"}
{"intervalMs":3600000,"level":"info","message":"Account deletion job scheduled","timestamp":"2026-05-25T04:28:54.822Z"}
{"level":"error","message":"Error: Invalid email or password\n    at Object.loginUser (D:\\code\\AthenaVI_backend\\src\\modules\\auth\\services\\auth.service.js:82:11)\n    at process.processTicksAndRejections (node:internal/process/task_queues:104:5)\n    at async D:\\code\\AthenaVI_backend\\src\\modules\\auth\\auth.controller.js:53:5","timestamp":"2026-05-25T04:29:04.267Z"}
{"level":"error","message":"Error: Unauthorized\n    at Object.rotateRefreshToken (D:\\code\\AthenaVI_backend\\src\\modules\\auth\\services\\auth.service.js:129:11)\n    at process.processTicksAndRejections (node:internal/process/task_queues:104:5)\n    at async D:\\code\\AthenaVI_backend\\src\\modules\\auth\\auth.controller.js:69:47","timestamp":"2026-05-25T04:29:04.555Z"}
{"level":"error","message":"Error: Unauthorized\n    at Object.rotateRefreshToken (D:\\code\\AthenaVI_backend\\src\\modules\\auth\\services\\auth.service.js:129:11)\n    at process.processTicksAndRejections (node:internal/process/task_queues:104:5)\n    at async D:\\code\\AthenaVI_backend\\src\\modules\\auth\\auth.controller.js:69:47","timestamp":"2026-05-25T04:29:04.684Z"}
{"level":"error","message":"Error: Unauthorized\n    at Object.rotateRefreshToken (D:\\code\\AthenaVI_backend\\src\\modules\\auth\\services\\auth.service.js:129:11)\n    at process.processTicksAndRejections (node:internal/process/task_queues:104:5)\n    at async D:\\code\\AthenaVI_backend\\src\\modules\\auth\\auth.controller.js:69:47","timestamp":"2026-05-25T04:29:04.841Z"}
{"level":"error","message":"Error: Unauthorized\n    at Object.rotateRefreshToken (D:\\code\\AthenaVI_backend\\src\\modules\\auth\\services\\auth.service.js:129:11)\n    at process.processTicksAndRejections (node:internal/process/task_queues:104:5)\n    at async D:\\code\\AthenaVI_backend\\src\\modules\\auth\\auth.controller.js:69:47","timestamp":"2026-05-25T04:29:04.992Z"}
{"level":"error","message":"Error: Unauthorized\n    at Object.rotateRefreshToken (D:\\code\\AthenaVI_backend\\src\\modules\\auth\\services\\auth.service.js:129:11)\n    at process.processTicksAndRejections (node:internal/process/task_queues:104:5)\n    at async D:\\code\\AthenaVI_backend\\src\\modules\\auth\\auth.controller.js:69:47","timestamp":"2026-05-25T04:29:05.111Z"}
{"level":"error","message":"Error: Unauthorized\n    at Object.rotateRefreshToken (D:\\code\\AthenaVI_backend\\src\\modules\\auth\\services\\auth.service.js:129:11)\n    at process.processTicksAndRejections (node:internal/process/task_queues:104:5)\n    at async D:\\code\\AthenaVI_backend\\src\\modules\\auth\\auth.controller.js:69:47","timestamp":"2026-05-25T04:29:05.373Z"}
{"level":"error","message":"Error: Unauthorized\n    at Object.rotateRefreshToken (D:\\code\\AthenaVI_backend\\src\\modules\\auth\\services\\auth.service.js:129:11)\n    at process.processTicksAndRejections (node:internal/process/task_queues:104:5)\n    at async D:\\code\\AthenaVI_backend\\src\\modules\\auth\\auth.controller.js:69:47","timestamp":"2026-05-25T04:29:05.815Z"}
{"level":"error","message":"Error: Unauthorized\n    at Object.rotateRefreshToken (D:\\code\\AthenaVI_backend\\src\\modules\\auth\\services\\auth.service.js:129:11)\n    at process.processTicksAndRejections (node:internal/process/task_queues:104:5)\n    at async D:\\code\\AthenaVI_backend\\src\\modules\\auth\\auth.controller.js:69:47","timestamp":"2026-05-25T04:29:05.897Z"}
{"level":"error","message":"Error: Unauthorized\n    at Object.rotateRefreshToken (D:\\code\\AthenaVI_backend\\src\\modules\\auth\\services\\auth.service.js:129:11)\n    at process.processTicksAndRejections (node:internal/process/task_queues:104:5)\n    at async D:\\code\\AthenaVI_backend\\src\\modules\\auth\\auth.controller.js:69:47","timestamp":"2026-05-25T04:29:06.311Z"}
{"level":"error","message":"Error: Unauthorized\n    at Object.rotateRefreshToken (D:\\code\\AthenaVI_backend\\src\\modules\\auth\\services\\auth.service.js:129:11)\n    at process.processTicksAndRejections (node:internal/process/task_queues:104:5)\n    at async D:\\code\\AthenaVI_backend\\src\\modules\\auth\\auth.controller.js:69:47","timestamp":"2026-05-25T04:29:06.423Z"}
{"level":"error","message":"Error: Unauthorized\n    at Object.rotateRefreshToken (D:\\code\\AthenaVI_backend\\src\\modules\\auth\\services\\auth.service.js:129:11)\n    at process.processTicksAndRejections (node:internal/process/task_queues:104:5)\n    at async D:\\code\\AthenaVI_backend\\src\\modules\\auth\\auth.controller.js:69:47","timestamp":"2026-05-25T04:29:06.698Z"}
{"level":"error","message":"Error: Unauthorized\n    at Object.rotateRefreshToken (D:\\code\\AthenaVI_backend\\src\\modules\\auth\\services\\auth.service.js:129:11)\n    at process.processTicksAndRejections (node:internal/process/task_queues:104:5)\n    at async D:\\code\\AthenaVI_backend\\src\\modules\\auth\\auth.controller.js:69:47","timestamp":"2026-05-25T04:29:06.796Z"}
{"level":"error","message":"Error: Unauthorized\n    at Object.rotateRefreshToken (D:\\code\\AthenaVI_backend\\src\\modules\\auth\\services\\auth.service.js:129:11)\n    at process.processTicksAndRejections (node:internal/process/task_queues:104:5)\n    at async D:\\code\\AthenaVI_backend\\src\\modules\\auth\\auth.controller.js:69:47","timestamp":"2026-05-25T04:29:06.890Z"}
{"level":"error","message":"Error: Unauthorized\n    at Object.rotateRefreshToken (D:\\code\\AthenaVI_backend\\src\\modules\\auth\\services\\auth.service.js:129:11)\n    at process.processTicksAndRejections (node:internal/process/task_queues:104:5)\n    at async D:\\code\\AthenaVI_backend\\src\\modules\\auth\\auth.controller.js:69:47","timestamp":"2026-05-25T04:29:07.023Z"}
{"level":"error","message":"Error: Unauthorized\n    at Object.rotateRefreshToken (D:\\code\\AthenaVI_backend\\src\\modules\\auth\\services\\auth.service.js:129:11)\n    at process.processTicksAndRejections (node:internal/process/task_queues:104:5)\n    at async D:\\code\\AthenaVI_backend\\src\\modules\\auth\\auth.controller.js:69:47","timestamp":"2026-05-25T04:29:07.519Z"}
{"level":"error","message":"Error: Unauthorized\n    at Object.rotateRefreshToken (D:\\code\\AthenaVI_backend\\src\\modules\\auth\\services\\auth.service.js:129:11)\n    at process.processTicksAndRejections (node:internal/process/task_queues:104:5)\n    at async D:\\code\\AthenaVI_backend\\src\\modules\\auth\\auth.controller.js:69:47","timestamp":"2026-05-25T04:29:07.648Z"}
{"level":"error","message":"Error: Unauthorized\n    at Object.rotateRefreshToken (D:\\code\\AthenaVI_backend\\src\\modules\\auth\\services\\auth.service.js:129:11)\n    at process.processTicksAndRejections (node:internal/process/task_queues:104:5)\n    at async D:\\code\\AthenaVI_backend\\src\\modules\\auth\\auth.controller.js:69:47","timestamp":"2026-05-25T04:29:07.787Z"}
{"level":"error","message":"Error: Unauthorized\n    at Object.rotateRefreshToken (D:\\code\\AthenaVI_backend\\src\\modules\\auth\\services\\auth.service.js:129:11)\n    at process.processTicksAndRejections (node:internal/process/task_queues:104:5)\n    at async D:\\code\\AthenaVI_backend\\src\\modules\\auth\\auth.controller.js:69:47","timestamp":"2026-05-25T04:29:07.932Z"}
{"level":"error","message":"Error: Unauthorized\n    at Object.rotateRefreshToken (D:\\code\\AthenaVI_backend\\src\\modules\\auth\\services\\auth.service.js:129:11)\n    at process.processTicksAndRejections (node:internal/process/task_queues:104:5)\n    at async D:\\code\\AthenaVI_backend\\src\\modules\\auth\\auth.controller.js:69:47","timestamp":"2026-05-25T04:29:08.020Z"}
{"level":"error","message":"Error: Unauthorized\n    at Object.rotateRefreshToken (D:\\code\\AthenaVI_backend\\src\\modules\\auth\\services\\auth.service.js:129:11)\n    at process.processTicksAndRejections (node:internal/process/task_queues:104:5)\n    at async D:\\code\\AthenaVI_backend\\src\\modules\\auth\\auth.controller.js:69:47","timestamp":"2026-05-25T04:29:08.119Z"}
{"level":"error","message":"Error: Unauthorized\n    at Object.rotateRefreshToken (D:\\code\\AthenaVI_backend\\src\\modules\\auth\\services\\auth.service.js:129:11)\n    at process.processTicksAndRejections (node:internal/process/task_queues:104:5)\n    at async D:\\code\\AthenaVI_backend\\src\\modules\\auth\\auth.controller.js:69:47","timestamp":"2026-05-25T04:29:08.230Z"}
{"level":"error","message":"Error: Unauthorized\n    at Object.rotateRefreshToken (D:\\code\\AthenaVI_backend\\src\\modules\\auth\\services\\auth.service.js:129:11)\n    at process.processTicksAndRejections (node:internal/process/task_queues:104:5)\n    at async D:\\code\\AthenaVI_backend\\src\\modules\\auth\\auth.controller.js:69:47","timestamp":"2026-05-25T04:29:08.322Z"}
{"level":"error","message":"Error: Unauthorized\n    at Object.rotateRefreshToken (D:\\code\\AthenaVI_backend\\src\\modules\\auth\\services\\auth.service.js:129:11)\n    at process.processTicksAndRejections (node:internal/process/task_queues:104:5)\n    at async D:\\code\\AthenaVI_backend\\src\\modules\\auth\\auth.controller.js:69:47","timestamp":"2026-05-25T04:29:08.463Z"}
{"level":"error","message":"Error: Unauthorized\n    at Object.rotateRefreshToken (D:\\code\\AthenaVI_backend\\src\\modules\\auth\\services\\auth.service.js:129:11)\n    at process.processTicksAndRejections (node:internal/process/task_queues:104:5)\n    at async D:\\code\\AthenaVI_backend\\src\\modules\\auth\\auth.controller.js:69:47","timestamp":"2026-05-25T04:29:08.540Z"}
{"level":"error","message":"Error: Unauthorized\n    at Object.rotateRefreshToken (D:\\code\\AthenaVI_backend\\src\\modules\\auth\\services\\auth.service.js:129:11)\n    at process.processTicksAndRejections (node:internal/process/task_queues:104:5)\n    at async D:\\code\\AthenaVI_backend\\src\\modules\\auth\\auth.controller.js:69:47","timestamp":"2026-05-25T04:29:08.625Z"}
{"level":"error","message":"Error: Unauthorized\n    at Object.rotateRefreshToken (D:\\code\\AthenaVI_backend\\src\\modules\\auth\\services\\auth.service.js:129:11)\n    at process.processTicksAndRejections (node:internal/process/task_queues:104:5)\n    at async D:\\code\\AthenaVI_backend\\src\\modules\\auth\\auth.controller.js:69:47","timestamp":"2026-05-25T04:29:08.722Z"}
{"level":"error","message":"Error: Unauthorized\n    at Object.rotateRefreshToken (D:\\code\\AthenaVI_backend\\src\\modules\\auth\\services\\auth.service.js:129:11)\n    at process.processTicksAndRejections (node:internal/process/task_queues:104:5)\n    at async D:\\code\\AthenaVI_backend\\src\\modules\\auth\\auth.controller.js:69:47","timestamp":"2026-05-25T04:29:08.822Z"}
{"level":"error","message":"Error: Unauthorized\n    at Object.rotateRefreshToken (D:\\code\\AthenaVI_backend\\src\\modules\\auth\\services\\auth.service.js:129:11)\n    at process.processTicksAndRejections (node:internal/process/task_queues:104:5)\n    at async D:\\code\\AthenaVI_backend\\src\\modules\\auth\\auth.controller.js:69:47","timestamp":"2026-05-25T04:29:08.950Z"}
{"level":"error","message":"Error: Unauthorized\n    at Object.rotateRefreshToken (D:\\code\\AthenaVI_backend\\src\\modules\\auth\\services\\auth.service.js:129:11)\n    at process.processTicksAndRejections (node:internal/process/task_queues:104:5)\n    at async D:\\code\\AthenaVI_backend\\src\\modules\\auth\\auth.controller.js:69:47","timestamp":"2026-05-25T04:29:09.476Z"}
{"level":"error","message":"Error: Unauthorized\n    at Object.rotateRefreshToken (D:\\code\\AthenaVI_backend\\src\\modules\\auth\\services\\auth.service.js:129:11)\n    at process.processTicksAndRejections (node:internal/process/task_queues:104:5)\n    at async D:\\code\\AthenaVI_backend\\src\\modules\\auth\\auth.controller.js:69:47","timestamp":"2026-05-25T04:29:09.622Z"}
{"level":"error","message":"Error: Unauthorized\n    at Object.rotateRefreshToken (D:\\code\\AthenaVI_backend\\src\\modules\\auth\\services\\auth.service.js:129:11)\n    at process.processTicksAndRejections (node:internal/process/task_queues:104:5)\n    at async D:\\code\\AthenaVI_backend\\src\\modules\\auth\\auth.controller.js:69:47","timestamp":"2026-05-25T04:29:09.780Z"}
{"level":"error","message":"Error: Unauthorized\n    at Object.rotateRefreshToken (D:\\code\\AthenaVI_backend\\src\\modules\\auth\\services\\auth.service.js:129:11)\n    at process.processTicksAndRejections (node:internal/process/task_queues:104:5)\n    at async D:\\code\\AthenaVI_backend\\src\\modules\\auth\\auth.controller.js:69:47","timestamp":"2026-05-25T04:29:09.878Z"}
{"level":"error","message":"Error: Unauthorized\n    at Object.rotateRefreshToken (D:\\code\\AthenaVI_backend\\src\\modules\\auth\\services\\auth.service.js:129:11)\n    at process.processTicksAndRejections (node:internal/process/task_queues:104:5)\n    at async D:\\code\\AthenaVI_backend\\src\\modules\\auth\\auth.controller.js:69:47","timestamp":"2026-05-25T04:29:10.017Z"}
{"level":"error","message":"Error: Unauthorized\n    at Object.rotateRefreshToken (D:\\code\\AthenaVI_backend\\src\\modules\\auth\\services\\auth.service.js:129:11)\n    at process.processTicksAndRejections (node:internal/process/task_queues:104:5)\n    at async D:\\code\\AthenaVI_backend\\src\\modules\\auth\\auth.controller.js:69:47","timestamp":"2026-05-25T04:29:10.114Z"}
{"level":"error","message":"Error: Unauthorized\n    at Object.rotateRefreshToken (D:\\code\\AthenaVI_backend\\src\\modules\\auth\\services\\auth.service.js:129:11)\n    at process.processTicksAndRejections (node:internal/process/task_queues:104:5)\n    at async D:\\code\\AthenaVI_backend\\src\\modules\\auth\\auth.controller.js:69:47","timestamp":"2026-05-25T04:29:10.286Z"}
{"level":"error","message":"Error: Unauthorized\n    at Object.rotateRefreshToken (D:\\code\\AthenaVI_backend\\src\\modules\\auth\\services\\auth.service.js:129:11)\n    at process.processTicksAndRejections (node:internal/process/task_queues:104:5)\n    at async D:\\code\\AthenaVI_backend\\src\\modules\\auth\\auth.controller.js:69:47","timestamp":"2026-05-25T04:29:10.366Z"}
{"level":"error","message":"Error: Unauthorized\n    at Object.rotateRefreshToken (D:\\code\\AthenaVI_backend\\src\\modules\\auth\\services\\auth.service.js:129:11)\n    at process.processTicksAndRejections (node:internal/process/task_queues:104:5)\n    at async D:\\code\\AthenaVI_backend\\src\\modules\\auth\\auth.controller.js:69:47","timestamp":"2026-05-25T04:29:10.451Z"}
{"level":"error","message":"Error: Unauthorized\n    at Object.rotateRefreshToken (D:\\code\\AthenaVI_backend\\src\\modules\\auth\\services\\auth.service.js:129:11)\n    at process.processTicksAndRejections (node:internal/process/task_queues:104:5)\n    at async D:\\code\\AthenaVI_backend\\src\\modules\\auth\\auth.controller.js:69:47","timestamp":"2026-05-25T04:29:10.559Z"}
{"level":"error","message":"Error: Unauthorized\n    at Object.rotateRefreshToken (D:\\code\\AthenaVI_backend\\src\\modules\\auth\\services\\auth.service.js:129:11)\n    at process.processTicksAndRejections (node:internal/process/task_queues:104:5)\n    at async D:\\code\\AthenaVI_backend\\src\\modules\\auth\\auth.controller.js:69:47","timestamp":"2026-05-25T04:29:10.642Z"}
{"level":"error","message":"Error: Unauthorized\n    at Object.rotateRefreshToken (D:\\code\\AthenaVI_backend\\src\\modules\\auth\\services\\auth.service.js:129:11)\n    at process.processTicksAndRejections (node:internal/process/task_queues:104:5)\n    at async D:\\code\\AthenaVI_backend\\src\\modules\\auth\\auth.controller.js:69:47","timestamp":"2026-05-25T04:29:10.823Z"}
{"level":"error","message":"Error: Unauthorized\n    at Object.rotateRefreshToken (D:\\code\\AthenaVI_backend\\src\\modules\\auth\\services\\auth.service.js:129:11)\n    at process.processTicksAndRejections (node:internal/process/task_queues:104:5)\n    at async D:\\code\\AthenaVI_backend\\src\\modules\\auth\\auth.controller.js:69:47","timestamp":"2026-05-25T04:29:10.903Z"}
{"level":"error","message":"Error: Unauthorized\n    at Object.rotateRefreshToken (D:\\code\\AthenaVI_backend\\src\\modules\\auth\\services\\auth.service.js:129:11)\n    at process.processTicksAndRejections (node:internal/process/task_queues:104:5)\n    at async D:\\code\\AthenaVI_backend\\src\\modules\\auth\\auth.controller.js:69:47","timestamp":"2026-05-25T04:29:11.929Z"}
{"level":"error","message":"Error: Unauthorized\n    at Object.rotateRefreshToken (D:\\code\\AthenaVI_backend\\src\\modules\\auth\\services\\auth.service.js:129:11)\n    at process.processTicksAndRejections (node:internal/process/task_queues:104:5)\n    at async D:\\code\\AthenaVI_backend\\src\\modules\\auth\\auth.controller.js:69:47","timestamp":"2026-05-25T04:29:12.231Z"}
{"level":"error","message":"Error: Unauthorized\n    at Object.rotateRefreshToken (D:\\code\\AthenaVI_backend\\src\\modules\\auth\\services\\auth.service.js:129:11)\n    at process.processTicksAndRejections (node:internal/process/task_queues:104:5)\n    at async D:\\code\\AthenaVI_backend\\src\\modules\\auth\\auth.controller.js:69:47","timestamp":"2026-05-25T04:29:12.419Z"}
{"level":"error","message":"Error: Unauthorized\n    at Object.rotateRefreshToken (D:\\code\\AthenaVI_backend\\src\\modules\\auth\\services\\auth.service.js:129:11)\n    at process.processTicksAndRejections (node:internal/process/task_queues:104:5)\n    at async D:\\code\\AthenaVI_backend\\src\\modules\\auth\\auth.controller.js:69:47","timestamp":"2026-05-25T04:29:12.506Z"}
{"level":"error","message":"Error: Unauthorized\n    at Object.rotateRefreshToken (D:\\code\\AthenaVI_backend\\src\\modules\\auth\\services\\auth.service.js:129:11)\n    at process.processTicksAndRejections (node:internal/process/task_queues:104:5)\n    at async D:\\code\\AthenaVI_backend\\src\\modules\\auth\\auth.controller.js:69:47","timestamp":"2026-05-25T04:29:12.616Z"}
{"level":"error","message":"Error: Unauthorized\n    at Object.rotateRefreshToken (D:\\code\\AthenaVI_backend\\src\\modules\\auth\\services\\auth.service.js:129:11)\n    at process.processTicksAndRejections (node:internal/process/task_queues:104:5)\n    at async D:\\code\\AthenaVI_backend\\src\\modules\\auth\\auth.controller.js:69:47","timestamp":"2026-05-25T04:29:12.705Z"}
{"level":"error","message":"Error: Unauthorized\n    at Object.rotateRefreshToken (D:\\code\\AthenaVI_backend\\src\\modules\\auth\\services\\auth.service.js:129:11)\n    at process.processTicksAndRejections (node:internal/process/task_queues:104:5)\n    at async D:\\code\\AthenaVI_backend\\src\\modules\\auth\\auth.controller.js:69:47","timestamp":"2026-05-25T04:29:12.779Z"}
{"level":"error","message":"Error: Unauthorized\n    at Object.rotateRefreshToken (D:\\code\\AthenaVI_backend\\src\\modules\\auth\\services\\auth.service.js:129:11)\n    at process.processTicksAndRejections (node:internal/process/task_queues:104:5)\n    at async D:\\code\\AthenaVI_backend\\src\\modules\\auth\\auth.controller.js:69:47","timestamp":"2026-05-25T04:29:12.854Z"}
{"level":"error","message":"Error: Unauthorized\n    at Object.rotateRefreshToken (D:\\code\\AthenaVI_backend\\src\\modules\\auth\\services\\auth.service.js:129:11)\n    at process.processTicksAndRejections (node:internal/process/task_queues:104:5)\n    at async D:\\code\\AthenaVI_backend\\src\\modules\\auth\\auth.controller.js:69:47","timestamp":"2026-05-25T04:29:12.964Z"}
{"level":"error","message":"Error: Unauthorized\n    at Object.rotateRefreshToken (D:\\code\\AthenaVI_backend\\src\\modules\\auth\\services\\auth.service.js:129:11)\n    at process.processTicksAndRejections (node:internal/process/task_queues:104:5)\n    at async D:\\code\\AthenaVI_backend\\src\\modules\\auth\\auth.controller.js:69:47","timestamp":"2026-05-25T04:29:13.038Z"}
{"level":"error","message":"Error: Unauthorized\n    at Object.rotateRefreshToken (D:\\code\\AthenaVI_backend\\src\\modules\\auth\\services\\auth.service.js:129:11)\n    at process.processTicksAndRejections (node:internal/process/task_queues:104:5)\n    at async D:\\code\\AthenaVI_backend\\src\\modules\\auth\\auth.controller.js:69:47","timestamp":"2026-05-25T04:29:13.128Z"}
{"level":"error","message":"Error: Unauthorized\n    at Object.rotateRefreshToken (D:\\code\\AthenaVI_backend\\src\\modules\\auth\\services\\auth.service.js:129:11)\n    at process.processTicksAndRejections (node:internal/process/task_queues:104:5)\n    at async D:\\code\\AthenaVI_backend\\src\\modules\\auth\\auth.controller.js:69:47","timestamp":"2026-05-25T04:29:13.259Z"}
{"level":"error","message":"Error: Unauthorized\n    at Object.rotateRefreshToken (D:\\code\\AthenaVI_backend\\src\\modules\\auth\\services\\auth.service.js:129:11)\n    at process.processTicksAndRejections (node:internal/process/task_queues:104:5)\n    at async D:\\code\\AthenaVI_backend\\src\\modules\\auth\\auth.controller.js:69:47","timestamp":"2026-05-25T04:29:13.363Z"}
{"level":"error","message":"Error: Unauthorized\n    at Object.rotateRefreshToken (D:\\code\\AthenaVI_backend\\src\\modules\\auth\\services\\auth.service.js:129:11)\n    at process.processTicksAndRejections (node:internal/process/task_queues:104:5)\n    at async D:\\code\\AthenaVI_backend\\src\\modules\\auth\\auth.controller.js:69:47","timestamp":"2026-05-25T04:29:13.433Z"}
{"level":"error","message":"Error: Unauthorized\n    at Object.rotateRefreshToken (D:\\code\\AthenaVI_backend\\src\\modules\\auth\\services\\auth.service.js:129:11)\n    at process.processTicksAndRejections (node:internal/process/task_queues:104:5)\n    at async D:\\code\\AthenaVI_backend\\src\\modules\\auth\\auth.controller.js:69:47","timestamp":"2026-05-25T04:29:13.548Z"}
{"level":"error","message":"Error: Unauthorized\n    at Object.rotateRefreshToken (D:\\code\\AthenaVI_backend\\src\\modules\\auth\\services\\auth.service.js:129:11)\n    at process.processTicksAndRejections (node:internal/process/task_queues:104:5)\n    at async D:\\code\\AthenaVI_backend\\src\\modules\\auth\\auth.controller.js:69:47","timestamp":"2026-05-25T04:29:13.631Z"}
{"level":"error","message":"Error: Unauthorized\n    at Object.rotateRefreshToken (D:\\code\\AthenaVI_backend\\src\\modules\\auth\\services\\auth.service.js:129:11)\n    at process.processTicksAndRejections (node:internal/process/task_queues:104:5)\n    at async D:\\code\\AthenaVI_backend\\src\\modules\\auth\\auth.controller.js:69:47","timestamp":"2026-05-25T04:29:13.703Z"}
{"level":"error","message":"Error: Unauthorized\n    at Object.rotateRefreshToken (D:\\code\\AthenaVI_backend\\src\\modules\\auth\\services\\auth.service.js:129:11)\n    at process.processTicksAndRejections (node:internal/process/task_queues:104:5)\n    at async D:\\code\\AthenaVI_backend\\src\\modules\\auth\\auth.controller.js:69:47","timestamp":"2026-05-25T04:29:13.786Z"}
{"level":"error","message":"Error: Unauthorized\n    at Object.rotateRefreshToken (D:\\code\\AthenaVI_backend\\src\\modules\\auth\\services\\auth.service.js:129:11)\n    at process.processTicksAndRejections (node:internal/process/task_queues:104:5)\n    at async D:\\code\\AthenaVI_backend\\src\\modules\\auth\\auth.controller.js:69:47","timestamp":"2026-05-25T04:29:13.887Z"}
{"level":"error","message":"Error: Unauthorized\n    at Object.rotateRefreshToken (D:\\code\\AthenaVI_backend\\src\\modules\\auth\\services\\auth.service.js:129:11)\n    at process.processTicksAndRejections (node:internal/process/task_queues:104:5)\n    at async D:\\code\\AthenaVI_backend\\src\\modules\\auth\\auth.controller.js:69:47","timestamp":"2026-05-25T04:29:13.967Z"}
{"level":"error","message":"Error: Unauthorized\n    at Object.rotateRefreshToken (D:\\code\\AthenaVI_backend\\src\\modules\\auth\\services\\auth.service.js:129:11)\n    at process.processTicksAndRejections (node:internal/process/task_queues:104:5)\n    at async D:\\code\\AthenaVI_backend\\src\\modules\\auth\\auth.controller.js:69:47","timestamp":"2026-05-25T04:29:14.128Z"}
{"level":"error","message":"Error: Unauthorized\n    at Object.rotateRefreshToken (D:\\code\\AthenaVI_backend\\src\\modules\\auth\\services\\auth.service.js:129:11)\n    at process.processTicksAndRejections (node:internal/process/task_queues:104:5)\n    at async D:\\code\\AthenaVI_backend\\src\\modules\\auth\\auth.controller.js:69:47","timestamp":"2026-05-25T04:29:14.278Z"}
{"level":"error","message":"Error: Unauthorized\n    at Object.rotateRefreshToken (D:\\code\\AthenaVI_backend\\src\\modules\\auth\\services\\auth.service.js:129:11)\n    at process.processTicksAndRejections (node:internal/process/task_queues:104:5)\n    at async D:\\code\\AthenaVI_backend\\src\\modules\\auth\\auth.controller.js:69:47","timestamp":"2026-05-25T04:29:14.359Z"}
{"level":"error","message":"Error: Unauthorized\n    at Object.rotateRefreshToken (D:\\code\\AthenaVI_backend\\src\\modules\\auth\\services\\auth.service.js:129:11)\n    at process.processTicksAndRejections (node:internal/process/task_queues:104:5)\n    at async D:\\code\\AthenaVI_backend\\src\\modules\\auth\\auth.controller.js:69:47","timestamp":"2026-05-25T04:29:14.455Z"}
{"level":"error","message":"Error: Unauthorized\n    at Object.rotateRefreshToken (D:\\code\\AthenaVI_backend\\src\\modules\\auth\\services\\auth.service.js:129:11)\n    at process.processTicksAndRejections (node:internal/process/task_queues:104:5)\n    at async D:\\code\\AthenaVI_backend\\src\\modules\\auth\\auth.controller.js:69:47","timestamp":"2026-05-25T04:29:14.553Z"}
{"level":"error","message":"Error: Unauthorized\n    at Object.rotateRefreshToken (D:\\code\\AthenaVI_backend\\src\\modules\\auth\\services\\auth.service.js:129:11)\n    at process.processTicksAndRejections (node:internal/process/task_queues:104:5)\n    at async D:\\code\\AthenaVI_backend\\src\\modules\\auth\\auth.controller.js:69:47","timestamp":"2026-05-25T04:29:14.644Z"}
{"level":"error","message":"Error: Unauthorized\n    at Object.rotateRefreshToken (D:\\code\\AthenaVI_backend\\src\\modules\\auth\\services\\auth.service.js:129:11)\n    at process.processTicksAndRejections (node:internal/process/task_queues:104:5)\n    at async D:\\code\\AthenaVI_backend\\src\\modules\\auth\\auth.controller.js:69:47","timestamp":"2026-05-25T04:29:14.919Z"}
{"level":"error","message":"Error: Unauthorized\n    at Object.rotateRefreshToken (D:\\code\\AthenaVI_backend\\src\\modules\\auth\\services\\auth.service.js:129:11)\n    at process.processTicksAndRejections (node:internal/process/task_queues:104:5)\n    at async D:\\code\\AthenaVI_backend\\src\\modules\\auth\\auth.controller.js:69:47","timestamp":"2026-05-25T04:29:15.052Z"}
{"level":"error","message":"Error: Unauthorized\n    at Object.rotateRefreshToken (D:\\code\\AthenaVI_backend\\src\\modules\\auth\\services\\auth.service.js:129:11)\n    at process.processTicksAndRejections (node:internal/process/task_queues:104:5)\n    at async D:\\code\\AthenaVI_backend\\src\\modules\\auth\\auth.controller.js:69:47","timestamp":"2026-05-25T04:29:15.159Z"}
{"level":"error","message":"Error: Unauthorized\n    at Object.rotateRefreshToken (D:\\code\\AthenaVI_backend\\src\\modules\\auth\\services\\auth.service.js:129:11)\n    at process.processTicksAndRejections (node:internal/process/task_queues:104:5)\n    at async D:\\code\\AthenaVI_backend\\src\\modules\\auth\\auth.controller.js:69:47","timestamp":"2026-05-25T04:29:15.248Z"}
{"level":"error","message":"Error: Unauthorized\n    at Object.rotateRefreshToken (D:\\code\\AthenaVI_backend\\src\\modules\\auth\\services\\auth.service.js:129:11)\n    at process.processTicksAndRejections (node:internal/process/task_queues:104:5)\n    at async D:\\code\\AthenaVI_backend\\src\\modules\\auth\\auth.controller.js:69:47","timestamp":"2026-05-25T04:29:15.321Z"}
{"level":"error","message":"Error: Unauthorized\n    at Object.rotateRefreshToken (D:\\code\\AthenaVI_backend\\src\\modules\\auth\\services\\auth.service.js:129:11)\n    at process.processTicksAndRejections (node:internal/process/task_queues:104:5)\n    at async D:\\code\\AthenaVI_backend\\src\\modules\\auth\\auth.controller.js:69:47","timestamp":"2026-05-25T04:29:15.430Z"}
{"level":"error","message":"Error: Unauthorized\n    at Object.rotateRefreshToken (D:\\code\\AthenaVI_backend\\src\\modules\\auth\\services\\auth.service.js:129:11)\n    at process.processTicksAndRejections (node:internal/process/task_queues:104:5)\n    at async D:\\code\\AthenaVI_backend\\src\\modules\\auth\\auth.controller.js:69:47","timestamp":"2026-05-25T04:29:15.573Z"}
{"level":"error","message":"Error: Unauthorized\n    at Object.rotateRefreshToken (D:\\code\\AthenaVI_backend\\src\\modules\\auth\\services\\auth.service.js:129:11)\n    at process.processTicksAndRejections (node:internal/process/task_queues:104:5)\n    at async D:\\code\\AthenaVI_backend\\src\\modules\\auth\\auth.controller.js:69:47","timestamp":"2026-05-25T04:29:15.696Z"}
{"level":"error","message":"Error: Unauthorized\n    at Object.rotateRefreshToken (D:\\code\\AthenaVI_backend\\src\\modules\\auth\\services\\auth.service.js:129:11)\n    at process.processTicksAndRejections (node:internal/process/task_queues:104:5)\n    at async D:\\code\\AthenaVI_backend\\src\\modules\\auth\\auth.controller.js:69:47","timestamp":"2026-05-25T04:29:15.785Z"}
{"level":"error","message":"Error: Unauthorized\n    at Object.rotateRefreshToken (D:\\code\\AthenaVI_backend\\src\\modules\\auth\\services\\auth.service.js:129:11)\n    at process.processTicksAndRejections (node:internal/process/task_queues:104:5)\n    at async D:\\code\\AthenaVI_backend\\src\\modules\\auth\\auth.controller.js:69:47","timestamp":"2026-05-25T04:29:16.047Z"}
{"level":"error","message":"Error: Unauthorized\n    at Object.rotateRefreshToken (D:\\code\\AthenaVI_backend\\src\\modules\\auth\\services\\auth.service.js:129:11)\n    at process.processTicksAndRejections (node:internal/process/task_queues:104:5)\n    at async D:\\code\\AthenaVI_backend\\src\\modules\\auth\\auth.controller.js:69:47","timestamp":"2026-05-25T04:29:16.151Z"}
{"level":"error","message":"Error: Unauthorized\n    at Object.rotateRefreshToken (D:\\code\\AthenaVI_backend\\src\\modules\\auth\\services\\auth.service.js:129:11)\n    at process.processTicksAndRejections (node:internal/process/task_queues:104:5)\n    at async D:\\code\\AthenaVI_backend\\src\\modules\\auth\\auth.controller.js:69:47","timestamp":"2026-05-25T04:29:16.265Z"}
{"level":"error","message":"Error: Unauthorized\n    at Object.rotateRefreshToken (D:\\code\\AthenaVI_backend\\src\\modules\\auth\\services\\auth.service.js:129:11)\n    at process.processTicksAndRejections (node:internal/process/task_queues:104:5)\n    at async D:\\code\\AthenaVI_backend\\src\\modules\\auth\\auth.controller.js:69:47","timestamp":"2026-05-25T04:29:16.373Z"}
{"level":"error","message":"Error: Unauthorized\n    at Object.rotateRefreshToken (D:\\code\\AthenaVI_backend\\src\\modules\\auth\\services\\auth.service.js:129:11)\n    at process.processTicksAndRejections (node:internal/process/task_queues:104:5)\n    at async D:\\code\\AthenaVI_backend\\src\\modules\\auth\\auth.controller.js:69:47","timestamp":"2026-05-25T04:29:16.479Z"}
{"level":"error","message":"Error: Unauthorized\n    at Object.rotateRefreshToken (D:\\code\\AthenaVI_backend\\src\\modules\\auth\\services\\auth.service.js:129:11)\n    at process.processTicksAndRejections (node:internal/process/task_queues:104:5)\n    at async D:\\code\\AthenaVI_backend\\src\\modules\\auth\\auth.controller.js:69:47","timestamp":"2026-05-25T04:29:16.593Z"}
{"level":"error","message":"Error: Unauthorized\n    at Object.rotateRefreshToken (D:\\code\\AthenaVI_backend\\src\\modules\\auth\\services\\auth.service.js:129:11)\n    at process.processTicksAndRejections (node:internal/process/task_queues:104:5)\n    at async D:\\code\\AthenaVI_backend\\src\\modules\\auth\\auth.controller.js:69:47","timestamp":"2026-05-25T04:29:16.677Z"}
{"level":"error","message":"Error: Unauthorized\n    at Object.rotateRefreshToken (D:\\code\\AthenaVI_backend\\src\\modules\\auth\\services\\auth.service.js:129:11)\n    at process.processTicksAndRejections (node:internal/process/task_queues:104:5)\n    at async D:\\code\\AthenaVI_backend\\src\\modules\\auth\\auth.controller.js:69:47","timestamp":"2026-05-25T04:29:16.774Z"}
{"level":"error","message":"Error: Unauthorized\n    at Object.rotateRefreshToken (D:\\code\\AthenaVI_backend\\src\\modules\\auth\\services\\auth.service.js:129:11)\n    at process.processTicksAndRejections (node:internal/process/task_queues:104:5)\n    at async D:\\code\\AthenaVI_backend\\src\\modules\\auth\\auth.controller.js:69:47","timestamp":"2026-05-25T04:29:16.856Z"}
{"level":"error","message":"Error: Unauthorized\n    at Object.rotateRefreshToken (D:\\code\\AthenaVI_backend\\src\\modules\\auth\\services\\auth.service.js:129:11)\n    at process.processTicksAndRejections (node:internal/process/task_queues:104:5)\n    at async D:\\code\\AthenaVI_backend\\src\\modules\\auth\\auth.controller.js:69:47","timestamp":"2026-05-25T04:29:16.973Z"}
{"level":"error","message":"Error: Unauthorized\n    at Object.rotateRefreshToken (D:\\code\\AthenaVI_backend\\src\\modules\\auth\\services\\auth.service.js:129:11)\n    at process.processTicksAndRejections (node:internal/process/task_queues:104:5)\n    at async D:\\code\\AthenaVI_backend\\src\\modules\\auth\\auth.controller.js:69:47","timestamp":"2026-05-25T04:29:17.062Z"}
{"level":"error","message":"Error: Unauthorized\n    at Object.rotateRefreshToken (D:\\code\\AthenaVI_backend\\src\\modules\\auth\\services\\auth.service.js:129:11)\n    at process.processTicksAndRejections (node:internal/process/task_queues:104:5)\n    at async D:\\code\\AthenaVI_backend\\src\\modules\\auth\\auth.controller.js:69:47","timestamp":"2026-05-25T04:29:17.131Z"}
{"level":"error","message":"Error: Unauthorized\n    at Object.rotateRefreshToken (D:\\code\\AthenaVI_backend\\src\\modules\\auth\\services\\auth.service.js:129:11)\n    at process.processTicksAndRejections (node:internal/process/task_queues:104:5)\n    at async D:\\code\\AthenaVI_backend\\src\\modules\\auth\\auth.controller.js:69:47","timestamp":"2026-05-25T04:29:17.232Z"}
{"level":"error","message":"Error: Unauthorized\n    at Object.rotateRefreshToken (D:\\code\\AthenaVI_backend\\src\\modules\\auth\\services\\auth.service.js:129:11)\n    at process.processTicksAndRejections (node:internal/process/task_queues:104:5)\n    at async D:\\code\\AthenaVI_backend\\src\\modules\\auth\\auth.controller.js:69:47","timestamp":"2026-05-25T04:29:17.376Z"}
{"level":"error","message":"Error: Unauthorized\n    at Object.rotateRefreshToken (D:\\code\\AthenaVI_backend\\src\\modules\\auth\\services\\auth.service.js:129:11)\n    at process.processTicksAndRejections (node:internal/process/task_queues:104:5)\n    at async D:\\code\\AthenaVI_backend\\src\\modules\\auth\\auth.controller.js:69:47","timestamp":"2026-05-25T04:29:17.559Z"}
{"level":"error","message":"Error: Unauthorized\n    at Object.rotateRefreshToken (D:\\code\\AthenaVI_backend\\src\\modules\\auth\\services\\auth.service.js:129:11)\n    at process.processTicksAndRejections (node:internal/process/task_queues:104:5)\n    at async D:\\code\\AthenaVI_backend\\src\\modules\\auth\\auth.controller.js:69:47","timestamp":"2026-05-25T04:29:17.649Z"}
{"level":"error","message":"Error: Unauthorized\n    at Object.rotateRefreshToken (D:\\code\\AthenaVI_backend\\src\\modules\\auth\\services\\auth.service.js:129:11)\n    at process.processTicksAndRejections (node:internal/process/task_queues:104:5)\n    at async D:\\code\\AthenaVI_backend\\src\\modules\\auth\\auth.controller.js:69:47","timestamp":"2026-05-25T04:29:17.734Z"}
{"level":"error","message":"Error: Unauthorized\n    at Object.rotateRefreshToken (D:\\code\\AthenaVI_backend\\src\\modules\\auth\\services\\auth.service.js:129:11)\n    at process.processTicksAndRejections (node:internal/process/task_queues:104:5)\n    at async D:\\code\\AthenaVI_backend\\src\\modules\\auth\\auth.controller.js:69:47","timestamp":"2026-05-25T04:29:17.820Z"}
{"level":"error","message":"Error: Unauthorized\n    at Object.rotateRefreshToken (D:\\code\\AthenaVI_backend\\src\\modules\\auth\\services\\auth.service.js:129:11)\n    at process.processTicksAndRejections (node:internal/process/task_queues:104:5)\n    at async D:\\code\\AthenaVI_backend\\src\\modules\\auth\\auth.controller.js:69:47","timestamp":"2026-05-25T04:29:18.045Z"}
{"level":"error","message":"Error: Unauthorized\n    at Object.rotateRefreshToken (D:\\code\\AthenaVI_backend\\src\\modules\\auth\\services\\auth.service.js:129:11)\n    at process.processTicksAndRejections (node:internal/process/task_queues:104:5)\n    at async D:\\code\\AthenaVI_backend\\src\\modules\\auth\\auth.controller.js:69:47","timestamp":"2026-05-25T04:29:18.123Z"}
{"level":"error","message":"Error: Unauthorized\n    at Object.rotateRefreshToken (D:\\code\\AthenaVI_backend\\src\\modules\\auth\\services\\auth.service.js:129:11)\n    at process.processTicksAndRejections (node:internal/process/task_queues:104:5)\n    at async D:\\code\\AthenaVI_backend\\src\\modules\\auth\\auth.controller.js:69:47","timestamp":"2026-05-25T04:29:18.207Z"}
{"level":"error","message":"Error: Unauthorized\n    at Object.rotateRefreshToken (D:\\code\\AthenaVI_backend\\src\\modules\\auth\\services\\auth.service.js:129:11)\n    at process.processTicksAndRejections (node:internal/process/task_queues:104:5)\n    at async D:\\code\\AthenaVI_backend\\src\\modules\\auth\\auth.controller.js:69:47","timestamp":"2026-05-25T04:29:18.336Z"}
{"level":"error","message":"Error: Unauthorized\n    at Object.rotateRefreshToken (D:\\code\\AthenaVI_backend\\src\\modules\\auth\\services\\auth.service.js:129:11)\n    at process.processTicksAndRejections (node:internal/process/task_queues:104:5)\n    at async D:\\code\\AthenaVI_backend\\src\\modules\\auth\\auth.controller.js:69:47","timestamp":"2026-05-25T04:29:18.503Z"}
{"level":"error","message":"Error: Unauthorized\n    at Object.rotateRefreshToken (D:\\code\\AthenaVI_backend\\src\\modules\\auth\\services\\auth.service.js:129:11)\n    at process.processTicksAndRejections (node:internal/process/task_queues:104:5)\n    at async D:\\code\\AthenaVI_backend\\src\\modules\\auth\\auth.controller.js:69:47","timestamp":"2026-05-25T04:29:18.646Z"}
{"level":"error","message":"Error: Unauthorized\n    at Object.rotateRefreshToken (D:\\code\\AthenaVI_backend\\src\\modules\\auth\\services\\auth.service.js:129:11)\n    at process.processTicksAndRejections (node:internal/process/task_queues:104:5)\n    at async D:\\code\\AthenaVI_backend\\src\\modules\\auth\\auth.controller.js:69:47","timestamp":"2026-05-25T04:29:18.743Z"}
{"level":"error","message":"Error: Unauthorized\n    at Object.rotateRefreshToken (D:\\code\\AthenaVI_backend\\src\\modules\\auth\\services\\auth.service.js:129:11)\n    at process.processTicksAndRejections (node:internal/process/task_queues:104:5)\n    at async D:\\code\\AthenaVI_backend\\src\\modules\\auth\\auth.controller.js:69:47","timestamp":"2026-05-25T04:29:18.880Z"}
{"level":"error","message":"Error: Unauthorized\n    at Object.rotateRefreshToken (D:\\code\\AthenaVI_backend\\src\\modules\\auth\\services\\auth.service.js:129:11)\n    at process.processTicksAndRejections (node:internal/process/task_queues:104:5)\n    at async D:\\code\\AthenaVI_backend\\src\\modules\\auth\\auth.controller.js:69:47","timestamp":"2026-05-25T04:29:19.119Z"}
{"level":"error","message":"Error: Unauthorized\n    at Object.rotateRefreshToken (D:\\code\\AthenaVI_backend\\src\\modules\\auth\\services\\auth.service.js:129:11)\n    at process.processTicksAndRejections (node:internal/process/task_queues:104:5)\n    at async D:\\code\\AthenaVI_backend\\src\\modules\\auth\\auth.controller.js:69:47","timestamp":"2026-05-25T04:29:19.259Z"}
{"level":"error","message":"Error: Unauthorized\n    at Object.rotateRefreshToken (D:\\code\\AthenaVI_backend\\src\\modules\\auth\\services\\auth.service.js:129:11)\n    at process.processTicksAndRejections (node:internal/process/task_queues:104:5)\n    at async D:\\code\\AthenaVI_backend\\src\\modules\\auth\\auth.controller.js:69:47","timestamp":"2026-05-25T04:29:19.368Z"}
{"level":"error","message":"Error: Unauthorized\n    at Object.rotateRefreshToken (D:\\code\\AthenaVI_backend\\src\\modules\\auth\\services\\auth.service.js:129:11)\n    at process.processTicksAndRejections (node:internal/process/task_queues:104:5)\n    at async D:\\code\\AthenaVI_backend\\src\\modules\\auth\\auth.controller.js:69:47","timestamp":"2026-05-25T04:29:19.466Z"}
{"level":"error","message":"Error: Unauthorized\n    at Object.rotateRefreshToken (D:\\code\\AthenaVI_backend\\src\\modules\\auth\\services\\auth.service.js:129:11)\n    at process.processTicksAndRejections (node:internal/process/task_queues:104:5)\n    at async D:\\code\\AthenaVI_backend\\src\\modules\\auth\\auth.controller.js:69:47","timestamp":"2026-05-25T04:29:19.542Z"}
{"level":"error","message":"Error: Unauthorized\n    at Object.rotateRefreshToken (D:\\code\\AthenaVI_backend\\src\\modules\\auth\\services\\auth.service.js:129:11)\n    at process.processTicksAndRejections (node:internal/process/task_queues:104:5)\n    at async D:\\code\\AthenaVI_backend\\src\\modules\\auth\\auth.controller.js:69:47","timestamp":"2026-05-25T04:29:19.702Z"}
{"level":"error","message":"Error: Unauthorized\n    at Object.rotateRefreshToken (D:\\code\\AthenaVI_backend\\src\\modules\\auth\\services\\auth.service.js:129:11)\n    at process.processTicksAndRejections (node:internal/process/task_queues:104:5)\n    at async D:\\code\\AthenaVI_backend\\src\\modules\\auth\\auth.controller.js:69:47","timestamp":"2026-05-25T04:29:19.903Z"}
{"level":"error","message":"Error: Unauthorized\n    at Object.rotateRefreshToken (D:\\code\\AthenaVI_backend\\src\\modules\\auth\\services\\auth.service.js:129:11)\n    at process.processTicksAndRejections (node:internal/process/task_queues:104:5)\n    at async D:\\code\\AthenaVI_backend\\src\\modules\\auth\\auth.controller.js:69:47","timestamp":"2026-05-25T04:29:20.046Z"}
{"level":"error","message":"Error: Unauthorized\n    at Object.rotateRefreshToken (D:\\code\\AthenaVI_backend\\src\\modules\\auth\\services\\auth.service.js:129:11)\n    at process.processTicksAndRejections (node:internal/process/task_queues:104:5)\n    at async D:\\code\\AthenaVI_backend\\src\\modules\\auth\\auth.controller.js:69:47","timestamp":"2026-05-25T04:29:20.831Z"}
{"level":"error","message":"Error: Unauthorized\n    at Object.rotateRefreshToken (D:\\code\\AthenaVI_backend\\src\\modules\\auth\\services\\auth.service.js:129:11)\n    at process.processTicksAndRejections (node:internal/process/task_queues:104:5)\n    at async D:\\code\\AthenaVI_backend\\src\\modules\\auth\\auth.controller.js:69:47","timestamp":"2026-05-25T04:29:20.925Z"}
{"level":"error","message":"Error: Unauthorized\n    at Object.rotateRefreshToken (D:\\code\\AthenaVI_backend\\src\\modules\\auth\\services\\auth.service.js:129:11)\n    at process.processTicksAndRejections (node:internal/process/task_queues:104:5)\n    at async D:\\code\\AthenaVI_backend\\src\\modules\\auth\\auth.controller.js:69:47","timestamp":"2026-05-25T04:29:21.021Z"}
{"level":"error","message":"Error: Unauthorized\n    at Object.rotateRefreshToken (D:\\code\\AthenaVI_backend\\src\\modules\\auth\\services\\auth.service.js:129:11)\n    at process.processTicksAndRejections (node:internal/process/task_queues:104:5)\n    at async D:\\code\\AthenaVI_backend\\src\\modules\\auth\\auth.controller.js:69:47","timestamp":"2026-05-25T04:29:21.150Z"}
{"level":"error","message":"Error: Unauthorized\n    at Object.rotateRefreshToken (D:\\code\\AthenaVI_backend\\src\\modules\\auth\\services\\auth.service.js:129:11)\n    at process.processTicksAndRejections (node:internal/process/task_queues:104:5)\n    at async D:\\code\\AthenaVI_backend\\src\\modules\\auth\\auth.controller.js:69:47","timestamp":"2026-05-25T04:29:21.235Z"}
{"level":"error","message":"Error: Unauthorized\n    at Object.rotateRefreshToken (D:\\code\\AthenaVI_backend\\src\\modules\\auth\\services\\auth.service.js:129:11)\n    at process.processTicksAndRejections (node:internal/process/task_queues:104:5)\n    at async D:\\code\\AthenaVI_backend\\src\\modules\\auth\\auth.controller.js:69:47","timestamp":"2026-05-25T04:29:21.455Z"}
{"level":"error","message":"Error: Unauthorized\n    at Object.rotateRefreshToken (D:\\code\\AthenaVI_backend\\src\\modules\\auth\\services\\auth.service.js:129:11)\n    at process.processTicksAndRejections (node:internal/process/task_queues:104:5)\n    at async D:\\code\\AthenaVI_backend\\src\\modules\\auth\\auth.controller.js:69:47","timestamp":"2026-05-25T04:29:21.638Z"}
{"level":"error","message":"Error: Unauthorized\n    at Object.rotateRefreshToken (D:\\code\\AthenaVI_backend\\src\\modules\\auth\\services\\auth.service.js:129:11)\n    at process.processTicksAndRejections (node:internal/process/task_queues:104:5)\n    at async D:\\code\\AthenaVI_backend\\src\\modules\\auth\\auth.controller.js:69:47","timestamp":"2026-05-25T04:29:21.774Z"}
{"level":"error","message":"Error: Unauthorized\n    at Object.rotateRefreshToken (D:\\code\\AthenaVI_backend\\src\\modules\\auth\\services\\auth.service.js:129:11)\n    at process.processTicksAndRejections (node:internal/process/task_queues:104:5)\n    at async D:\\code\\AthenaVI_backend\\src\\modules\\auth\\auth.controller.js:69:47","timestamp":"2026-05-25T04:29:21.904Z"}
{"level":"error","message":"Error: Unauthorized\n    at Object.rotateRefreshToken (D:\\code\\AthenaVI_backend\\src\\modules\\auth\\services\\auth.service.js:129:11)\n    at process.processTicksAndRejections (node:internal/process/task_queues:104:5)\n    at async D:\\code\\AthenaVI_backend\\src\\modules\\auth\\auth.controller.js:69:47","timestamp":"2026-05-25T04:29:22.023Z"}
{"level":"error","message":"Error: Unauthorized\n    at Object.rotateRefreshToken (D:\\code\\AthenaVI_backend\\src\\modules\\auth\\services\\auth.service.js:129:11)\n    at process.processTicksAndRejections (node:internal/process/task_queues:104:5)\n    at async D:\\code\\AthenaVI_backend\\src\\modules\\auth\\auth.controller.js:69:47","timestamp":"2026-05-25T04:29:22.139Z"}
{"level":"error","message":"Error: Unauthorized\n    at Object.rotateRefreshToken (D:\\code\\AthenaVI_backend\\src\\modules\\auth\\services\\auth.service.js:129:11)\n    at process.processTicksAndRejections (node:internal/process/task_queues:104:5)\n    at async D:\\code\\AthenaVI_backend\\src\\modules\\auth\\auth.controller.js:69:47","timestamp":"2026-05-25T04:29:22.308Z"}
{"level":"error","message":"Error: Unauthorized\n    at Object.rotateRefreshToken (D:\\code\\AthenaVI_backend\\src\\modules\\auth\\services\\auth.service.js:129:11)\n    at process.processTicksAndRejections (node:internal/process/task_queues:104:5)\n    at async D:\\code\\AthenaVI_backend\\src\\modules\\auth\\auth.controller.js:69:47","timestamp":"2026-05-25T04:29:22.392Z"}
{"level":"error","message":"Error: Unauthorized\n    at Object.rotateRefreshToken (D:\\code\\AthenaVI_backend\\src\\modules\\auth\\services\\auth.service.js:129:11)\n    at process.processTicksAndRejections (node:internal/process/task_queues:104:5)\n    at async D:\\code\\AthenaVI_backend\\src\\modules\\auth\\auth.controller.js:69:47","timestamp":"2026-05-25T04:29:22.497Z"}
{"level":"error","message":"Error: Unauthorized\n    at Object.rotateRefreshToken (D:\\code\\AthenaVI_backend\\src\\modules\\auth\\services\\auth.service.js:129:11)\n    at process.processTicksAndRejections (node:internal/process/task_queues:104:5)\n    at async D:\\code\\AthenaVI_backend\\src\\modules\\auth\\auth.controller.js:69:47","timestamp":"2026-05-25T04:29:22.624Z"}
{"level":"error","message":"Error: Unauthorized\n    at Object.rotateRefreshToken (D:\\code\\AthenaVI_backend\\src\\modules\\auth\\services\\auth.service.js:129:11)\n    at process.processTicksAndRejections (node:internal/process/task_queues:104:5)\n    at async D:\\code\\AthenaVI_backend\\src\\modules\\auth\\auth.controller.js:69:47","timestamp":"2026-05-25T04:29:22.777Z"}
{"level":"error","message":"Error: Unauthorized\n    at Object.rotateRefreshToken (D:\\code\\AthenaVI_backend\\src\\modules\\auth\\services\\auth.service.js:129:11)\n    at process.processTicksAndRejections (node:internal/process/task_queues:104:5)\n    at async D:\\code\\AthenaVI_backend\\src\\modules\\auth\\auth.controller.js:69:47","timestamp":"2026-05-25T04:29:22.851Z"}
{"level":"error","message":"Error: Unauthorized\n    at Object.rotateRefreshToken (D:\\code\\AthenaVI_backend\\src\\modules\\auth\\services\\auth.service.js:129:11)\n    at process.processTicksAndRejections (node:internal/process/task_queues:104:5)\n    at async D:\\code\\AthenaVI_backend\\src\\modules\\auth\\auth.controller.js:69:47","timestamp":"2026-05-25T04:29:22.954Z"}
{"level":"error","message":"Error: Unauthorized\n    at Object.rotateRefreshToken (D:\\code\\AthenaVI_backend\\src\\modules\\auth\\services\\auth.service.js:129:11)\n    at process.processTicksAndRejections (node:internal/process/task_queues:104:5)\n    at async D:\\code\\AthenaVI_backend\\src\\modules\\auth\\auth.controller.js:69:47","timestamp":"2026-05-25T04:29:23.056Z"}
{"level":"error","message":"Error: Unauthorized\n    at Object.rotateRefreshToken (D:\\code\\AthenaVI_backend\\src\\modules\\auth\\services\\auth.service.js:129:11)\n    at process.processTicksAndRejections (node:internal/process/task_queues:104:5)\n    at async D:\\code\\AthenaVI_backend\\src\\modules\\auth\\auth.controller.js:69:47","timestamp":"2026-05-25T04:29:23.140Z"}
{"level":"error","message":"Error: Unauthorized\n    at Object.rotateRefreshToken (D:\\code\\AthenaVI_backend\\src\\modules\\auth\\services\\auth.service.js:129:11)\n    at process.processTicksAndRejections (node:internal/process/task_queues:104:5)\n    at async D:\\code\\AthenaVI_backend\\src\\modules\\auth\\auth.controller.js:69:47","timestamp":"2026-05-25T04:29:23.236Z"}
{"level":"error","message":"Error: Unauthorized\n    at Object.rotateRefreshToken (D:\\code\\AthenaVI_backend\\src\\modules\\auth\\services\\auth.service.js:129:11)\n    at process.processTicksAndRejections (node:internal/process/task_queues:104:5)\n    at async D:\\code\\AthenaVI_backend\\src\\modules\\auth\\auth.controller.js:69:47","timestamp":"2026-05-25T04:29:23.353Z"}
{"level":"error","message":"Error: Unauthorized\n    at Object.rotateRefreshToken (D:\\code\\AthenaVI_backend\\src\\modules\\auth\\services\\auth.service.js:129:11)\n    at process.processTicksAndRejections (node:internal/process/task_queues:104:5)\n    at async D:\\code\\AthenaVI_backend\\src\\modules\\auth\\auth.controller.js:69:47","timestamp":"2026-05-25T04:29:23.459Z"}
{"level":"error","message":"Error: Unauthorized\n    at Object.rotateRefreshToken (D:\\code\\AthenaVI_backend\\src\\modules\\auth\\services\\auth.service.js:129:11)\n    at process.processTicksAndRejections (node:internal/process/task_queues:104:5)\n    at async D:\\code\\AthenaVI_backend\\src\\modules\\auth\\auth.controller.js:69:47","timestamp":"2026-05-25T04:29:23.551Z"}
{"level":"error","message":"Error: Unauthorized\n    at Object.rotateRefreshToken (D:\\code\\AthenaVI_backend\\src\\modules\\auth\\services\\auth.service.js:129:11)\n    at process.processTicksAndRejections (node:internal/process/task_queues:104:5)\n    at async D:\\code\\AthenaVI_backend\\src\\modules\\auth\\auth.controller.js:69:47","timestamp":"2026-05-25T04:29:23.668Z"}
{"level":"error","message":"Error: Unauthorized\n    at Object.rotateRefreshToken (D:\\code\\AthenaVI_backend\\src\\modules\\auth\\services\\auth.service.js:129:11)\n    at process.processTicksAndRejections (node:internal/process/task_queues:104:5)\n    at async D:\\code\\AthenaVI_backend\\src\\modules\\auth\\auth.controller.js:69:47","timestamp":"2026-05-25T04:29:23.752Z"}
{"level":"error","message":"Error: Unauthorized\n    at Object.rotateRefreshToken (D:\\code\\AthenaVI_backend\\src\\modules\\auth\\services\\auth.service.js:129:11)\n    at process.processTicksAndRejections (node:internal/process/task_queues:104:5)\n    at async D:\\code\\AthenaVI_backend\\src\\modules\\auth\\auth.controller.js:69:47","timestamp":"2026-05-25T04:29:23.821Z"}
{"level":"error","message":"Error: Unauthorized\n    at Object.rotateRefreshToken (D:\\code\\AthenaVI_backend\\src\\modules\\auth\\services\\auth.service.js:129:11)\n    at process.processTicksAndRejections (node:internal/process/task_queues:104:5)\n    at async D:\\code\\AthenaVI_backend\\src\\modules\\auth\\auth.controller.js:69:47","timestamp":"2026-05-25T04:29:23.921Z"}
{"level":"error","message":"Error: Unauthorized\n    at Object.rotateRefreshToken (D:\\code\\AthenaVI_backend\\src\\modules\\auth\\services\\auth.service.js:129:11)\n    at process.processTicksAndRejections (node:internal/process/task_queues:104:5)\n    at async D:\\code\\AthenaVI_backend\\src\\modules\\auth\\auth.controller.js:69:47","timestamp":"2026-05-25T04:29:24.090Z"}
{"level":"error","message":"Error: Unauthorized\n    at Object.rotateRefreshToken (D:\\code\\AthenaVI_backend\\src\\modules\\auth\\services\\auth.service.js:129:11)\n    at process.processTicksAndRejections (node:internal/process/task_queues:104:5)\n    at async D:\\code\\AthenaVI_backend\\src\\modules\\auth\\auth.controller.js:69:47","timestamp":"2026-05-25T04:29:24.208Z"}
{"level":"error","message":"Error: Unauthorized\n    at Object.rotateRefreshToken (D:\\code\\AthenaVI_backend\\src\\modules\\auth\\services\\auth.service.js:129:11)\n    at process.processTicksAndRejections (node:internal/process/task_queues:104:5)\n    at async D:\\code\\AthenaVI_backend\\src\\modules\\auth\\auth.controller.js:69:47","timestamp":"2026-05-25T04:29:24.342Z"}
{"level":"error","message":"Error: Unauthorized\n    at Object.rotateRefreshToken (D:\\code\\AthenaVI_backend\\src\\modules\\auth\\services\\auth.service.js:129:11)\n    at process.processTicksAndRejections (node:internal/process/task_queues:104:5)\n    at async D:\\code\\AthenaVI_backend\\src\\modules\\auth\\auth.controller.js:69:47","timestamp":"2026-05-25T04:29:24.459Z"}
{"level":"error","message":"Error: Unauthorized\n    at Object.rotateRefreshToken (D:\\code\\AthenaVI_backend\\src\\modules\\auth\\services\\auth.service.js:129:11)\n    at process.processTicksAndRejections (node:internal/process/task_queues:104:5)\n    at async D:\\code\\AthenaVI_backend\\src\\modules\\auth\\auth.controller.js:69:47","timestamp":"2026-05-25T04:29:24.619Z"}
{"level":"error","message":"Error: Unauthorized\n    at Object.rotateRefreshToken (D:\\code\\AthenaVI_backend\\src\\modules\\auth\\services\\auth.service.js:129:11)\n    at process.processTicksAndRejections (node:internal/process/task_queues:104:5)\n    at async D:\\code\\AthenaVI_backend\\src\\modules\\auth\\auth.controller.js:69:47","timestamp":"2026-05-25T04:29:24.769Z"}
{"level":"error","message":"Error: Unauthorized\n    at Object.rotateRefreshToken (D:\\code\\AthenaVI_backend\\src\\modules\\auth\\services\\auth.service.js:129:11)\n    at process.processTicksAndRejections (node:internal/process/task_queues:104:5)\n    at async D:\\code\\AthenaVI_backend\\src\\modules\\auth\\auth.controller.js:69:47","timestamp":"2026-05-25T04:29:24.903Z"}
{"level":"error","message":"Error: Unauthorized\n    at Object.rotateRefreshToken (D:\\code\\AthenaVI_backend\\src\\modules\\auth\\services\\auth.service.js:129:11)\n    at process.processTicksAndRejections (node:internal/process/task_queues:104:5)\n    at async D:\\code\\AthenaVI_backend\\src\\modules\\auth\\auth.controller.js:69:47","timestamp":"2026-05-25T04:29:25.036Z"}
{"level":"error","message":"Error: Unauthorized\n    at Object.rotateRefreshToken (D:\\code\\AthenaVI_backend\\src\\modules\\auth\\services\\auth.service.js:129:11)\n    at process.processTicksAndRejections (node:internal/process/task_queues:104:5)\n    at async D:\\code\\AthenaVI_backend\\src\\modules\\auth\\auth.controller.js:69:47","timestamp":"2026-05-25T04:29:25.137Z"}
{"level":"error","message":"Error: Unauthorized\n    at Object.rotateRefreshToken (D:\\code\\AthenaVI_backend\\src\\modules\\auth\\services\\auth.service.js:129:11)\n    at process.processTicksAndRejections (node:internal/process/task_queues:104:5)\n    at async D:\\code\\AthenaVI_backend\\src\\modules\\auth\\auth.controller.js:69:47","timestamp":"2026-05-25T04:29:25.373Z"}
{"level":"error","message":"Error: Unauthorized\n    at Object.rotateRefreshToken (D:\\code\\AthenaVI_backend\\src\\modules\\auth\\services\\auth.service.js:129:11)\n    at process.processTicksAndRejections (node:internal/process/task_queues:104:5)\n    at async D:\\code\\AthenaVI_backend\\src\\modules\\auth\\auth.controller.js:69:47","timestamp":"2026-05-25T04:29:25.487Z"}
{"level":"error","message":"Error: Unauthorized\n    at Object.rotateRefreshToken (D:\\code\\AthenaVI_backend\\src\\modules\\auth\\services\\auth.service.js:129:11)\n    at process.processTicksAndRejections (node:internal/process/task_queues:104:5)\n    at async D:\\code\\AthenaVI_backend\\src\\modules\\auth\\auth.controller.js:69:47","timestamp":"2026-05-25T04:29:25.603Z"}
{"level":"error","message":"Error: Unauthorized\n    at Object.rotateRefreshToken (D:\\code\\AthenaVI_backend\\src\\modules\\auth\\services\\auth.service.js:129:11)\n    at process.processTicksAndRejections (node:internal/process/task_queues:104:5)\n    at async D:\\code\\AthenaVI_backend\\src\\modules\\auth\\auth.controller.js:69:47","timestamp":"2026-05-25T04:29:25.707Z"}
{"level":"error","message":"Error: Unauthorized\n    at Object.rotateRefreshToken (D:\\code\\AthenaVI_backend\\src\\modules\\auth\\services\\auth.service.js:129:11)\n    at process.processTicksAndRejections (node:internal/process/task_queues:104:5)\n    at async D:\\code\\AthenaVI_backend\\src\\modules\\auth\\auth.controller.js:69:47","timestamp":"2026-05-25T04:29:25.799Z"}
{"level":"error","message":"Error: Unauthorized\n    at Object.rotateRefreshToken (D:\\code\\AthenaVI_backend\\src\\modules\\auth\\services\\auth.service.js:129:11)\n    at process.processTicksAndRejections (node:internal/process/task_queues:104:5)\n    at async D:\\code\\AthenaVI_backend\\src\\modules\\auth\\auth.controller.js:69:47","timestamp":"2026-05-25T04:29:25.892Z"}
{"level":"error","message":"Error: Unauthorized\n    at Object.rotateRefreshToken (D:\\code\\AthenaVI_backend\\src\\modules\\auth\\services\\auth.service.js:129:11)\n    at process.processTicksAndRejections (node:internal/process/task_queues:104:5)\n    at async D:\\code\\AthenaVI_backend\\src\\modules\\auth\\auth.controller.js:69:47","timestamp":"2026-05-25T04:29:25.976Z"}
{"level":"error","message":"Error: Unauthorized\n    at Object.rotateRefreshToken (D:\\code\\AthenaVI_backend\\src\\modules\\auth\\services\\auth.service.js:129:11)\n    at process.processTicksAndRejections (node:internal/process/task_queues:104:5)\n    at async D:\\code\\AthenaVI_backend\\src\\modules\\auth\\auth.controller.js:69:47","timestamp":"2026-05-25T04:29:26.070Z"}
{"level":"error","message":"Error: Unauthorized\n    at Object.rotateRefreshToken (D:\\code\\AthenaVI_backend\\src\\modules\\auth\\services\\auth.service.js:129:11)\n    at process.processTicksAndRejections (node:internal/process/task_queues:104:5)\n    at async D:\\code\\AthenaVI_backend\\src\\modules\\auth\\auth.controller.js:69:47","timestamp":"2026-05-25T04:29:26.166Z"}
{"level":"error","message":"Error: Unauthorized\n    at Object.rotateRefreshToken (D:\\code\\AthenaVI_backend\\src\\modules\\auth\\services\\auth.service.js:129:11)\n    at process.processTicksAndRejections (node:internal/process/task_queues:104:5)\n    at async D:\\code\\AthenaVI_backend\\src\\modules\\auth\\auth.controller.js:69:47","timestamp":"2026-05-25T04:29:26.272Z"}
{"level":"error","message":"Error: Unauthorized\n    at Object.rotateRefreshToken (D:\\code\\AthenaVI_backend\\src\\modules\\auth\\services\\auth.service.js:129:11)\n    at process.processTicksAndRejections (node:internal/process/task_queues:104:5)\n    at async D:\\code\\AthenaVI_backend\\src\\modules\\auth\\auth.controller.js:69:47","timestamp":"2026-05-25T04:29:26.406Z"}
{"level":"error","message":"Error: Unauthorized\n    at Object.rotateRefreshToken (D:\\code\\AthenaVI_backend\\src\\modules\\auth\\services\\auth.service.js:129:11)\n    at process.processTicksAndRejections (node:internal/process/task_queues:104:5)\n    at async D:\\code\\AthenaVI_backend\\src\\modules\\auth\\auth.controller.js:69:47","timestamp":"2026-05-25T04:29:26.553Z"}
{"level":"error","message":"Error: Unauthorized\n    at Object.rotateRefreshToken (D:\\code\\AthenaVI_backend\\src\\modules\\auth\\services\\auth.service.js:129:11)\n    at process.processTicksAndRejections (node:internal/process/task_queues:104:5)\n    at async D:\\code\\AthenaVI_backend\\src\\modules\\auth\\auth.controller.js:69:47","timestamp":"2026-05-25T04:29:26.652Z"}
{"level":"error","message":"Error: Unauthorized\n    at Object.rotateRefreshToken (D:\\code\\AthenaVI_backend\\src\\modules\\auth\\services\\auth.service.js:129:11)\n    at process.processTicksAndRejections (node:internal/process/task_queues:104:5)\n    at async D:\\code\\AthenaVI_backend\\src\\modules\\auth\\auth.controller.js:69:47","timestamp":"2026-05-25T04:29:26.771Z"}
{"level":"error","message":"Error: Unauthorized\n    at Object.rotateRefreshToken (D:\\code\\AthenaVI_backend\\src\\modules\\auth\\services\\auth.service.js:129:11)\n    at process.processTicksAndRejections (node:internal/process/task_queues:104:5)\n    at async D:\\code\\AthenaVI_backend\\src\\modules\\auth\\auth.controller.js:69:47","timestamp":"2026-05-25T04:29:26.896Z"}
{"level":"error","message":"Error: Unauthorized\n    at Object.rotateRefreshToken (D:\\code\\AthenaVI_backend\\src\\modules\\auth\\services\\auth.service.js:129:11)\n    at process.processTicksAndRejections (node:internal/process/task_queues:104:5)\n    at async D:\\code\\AthenaVI_backend\\src\\modules\\auth\\auth.controller.js:69:47","timestamp":"2026-05-25T04:29:27.001Z"}
{"level":"error","message":"Error: Unauthorized\n    at Object.rotateRefreshToken (D:\\code\\AthenaVI_backend\\src\\modules\\auth\\services\\auth.service.js:129:11)\n    at process.processTicksAndRejections (node:internal/process/task_queues:104:5)\n    at async D:\\code\\AthenaVI_backend\\src\\modules\\auth\\auth.controller.js:69:47","timestamp":"2026-05-25T04:29:27.089Z"}
{"level":"error","message":"Error: Unauthorized\n    at Object.rotateRefreshToken (D:\\code\\AthenaVI_backend\\src\\modules\\auth\\services\\auth.service.js:129:11)\n    at process.processTicksAndRejections (node:internal/process/task_queues:104:5)\n    at async D:\\code\\AthenaVI_backend\\src\\modules\\auth\\auth.controller.js:69:47","timestamp":"2026-05-25T04:29:27.165Z"}
{"level":"error","message":"Error: Unauthorized\n    at Object.rotateRefreshToken (D:\\code\\AthenaVI_backend\\src\\modules\\auth\\services\\auth.service.js:129:11)\n    at process.processTicksAndRejections (node:internal/process/task_queues:104:5)\n    at async D:\\code\\AthenaVI_backend\\src\\modules\\auth\\auth.controller.js:69:47","timestamp":"2026-05-25T04:29:27.301Z"}
{"level":"error","message":"Error: Unauthorized\n    at Object.rotateRefreshToken (D:\\code\\AthenaVI_backend\\src\\modules\\auth\\services\\auth.service.js:129:11)\n    at process.processTicksAndRejections (node:internal/process/task_queues:104:5)\n    at async D:\\code\\AthenaVI_backend\\src\\modules\\auth\\auth.controller.js:69:47","timestamp":"2026-05-25T04:29:27.411Z"}
{"level":"error","message":"Error: Unauthorized\n    at Object.rotateRefreshToken (D:\\code\\AthenaVI_backend\\src\\modules\\auth\\services\\auth.service.js:129:11)\n    at process.processTicksAndRejections (node:internal/process/task_queues:104:5)\n    at async D:\\code\\AthenaVI_backend\\src\\modules\\auth\\auth.controller.js:69:47","timestamp":"2026-05-25T04:29:27.500Z"}
{"level":"error","message":"Error: Unauthorized\n    at Object.rotateRefreshToken (D:\\code\\AthenaVI_backend\\src\\modules\\auth\\services\\auth.service.js:129:11)\n    at process.processTicksAndRejections (node:internal/process/task_queues:104:5)\n    at async D:\\code\\AthenaVI_backend\\src\\modules\\auth\\auth.controller.js:69:47","timestamp":"2026-05-25T04:29:27.585Z"}
{"level":"error","message":"Error: Unauthorized\n    at Object.rotateRefreshToken (D:\\code\\AthenaVI_backend\\src\\modules\\auth\\services\\auth.service.js:129:11)\n    at process.processTicksAndRejections (node:internal/process/task_queues:104:5)\n    at async D:\\code\\AthenaVI_backend\\src\\modules\\auth\\auth.controller.js:69:47","timestamp":"2026-05-25T04:29:27.694Z"}
{"level":"error","message":"Error: Unauthorized\n    at Object.rotateRefreshToken (D:\\code\\AthenaVI_backend\\src\\modules\\auth\\services\\auth.service.js:129:11)\n    at process.processTicksAndRejections (node:internal/process/task_queues:104:5)\n    at async D:\\code\\AthenaVI_backend\\src\\modules\\auth\\auth.controller.js:69:47","timestamp":"2026-05-25T04:29:27.803Z"}
{"level":"error","message":"Error: Unauthorized\n    at Object.rotateRefreshToken (D:\\code\\AthenaVI_backend\\src\\modules\\auth\\services\\auth.service.js:129:11)\n    at process.processTicksAndRejections (node:internal/process/task_queues:104:5)\n    at async D:\\code\\AthenaVI_backend\\src\\modules\\auth\\auth.controller.js:69:47","timestamp":"2026-05-25T04:29:27.902Z"}
{"level":"error","message":"Error: Unauthorized\n    at Object.rotateRefreshToken (D:\\code\\AthenaVI_backend\\src\\modules\\auth\\services\\auth.service.js:129:11)\n    at process.processTicksAndRejections (node:internal/process/task_queues:104:5)\n    at async D:\\code\\AthenaVI_backend\\src\\modules\\auth\\auth.controller.js:69:47","timestamp":"2026-05-25T04:29:27.990Z"}
{"level":"error","message":"Error: Unauthorized\n    at Object.rotateRefreshToken (D:\\code\\AthenaVI_backend\\src\\modules\\auth\\services\\auth.service.js:129:11)\n    at process.processTicksAndRejections (node:internal/process/task_queues:104:5)\n    at async D:\\code\\AthenaVI_backend\\src\\modules\\auth\\auth.controller.js:69:47","timestamp":"2026-05-25T04:29:28.128Z"}
{"level":"error","message":"Error: Unauthorized\n    at Object.rotateRefreshToken (D:\\code\\AthenaVI_backend\\src\\modules\\auth\\services\\auth.service.js:129:11)\n    at process.processTicksAndRejections (node:internal/process/task_queues:104:5)\n    at async D:\\code\\AthenaVI_backend\\src\\modules\\auth\\auth.controller.js:69:47","timestamp":"2026-05-25T04:29:28.221Z"}
{"level":"error","message":"Error: Unauthorized\n    at Object.rotateRefreshToken (D:\\code\\AthenaVI_backend\\src\\modules\\auth\\services\\auth.service.js:129:11)\n    at process.processTicksAndRejections (node:internal/process/task_queues:104:5)\n    at async D:\\code\\AthenaVI_backend\\src\\modules\\auth\\auth.controller.js:69:47","timestamp":"2026-05-25T04:29:28.306Z"}
{"level":"error","message":"Error: Unauthorized\n    at Object.rotateRefreshToken (D:\\code\\AthenaVI_backend\\src\\modules\\auth\\services\\auth.service.js:129:11)\n    at process.processTicksAndRejections (node:internal/process/task_queues:104:5)\n    at async D:\\code\\AthenaVI_backend\\src\\modules\\auth\\auth.controller.js:69:47","timestamp":"2026-05-25T04:29:28.439Z"}
{"level":"error","message":"Error: Unauthorized\n    at Object.rotateRefreshToken (D:\\code\\AthenaVI_backend\\src\\modules\\auth\\services\\auth.service.js:129:11)\n    at process.processTicksAndRejections (node:internal/process/task_queues:104:5)\n    at async D:\\code\\AthenaVI_backend\\src\\modules\\auth\\auth.controller.js:69:47","timestamp":"2026-05-25T04:29:28.548Z"}
{"level":"error","message":"Error: Unauthorized\n    at Object.rotateRefreshToken (D:\\code\\AthenaVI_backend\\src\\modules\\auth\\services\\auth.service.js:129:11)\n    at process.processTicksAndRejections (node:internal/process/task_queues:104:5)\n    at async D:\\code\\AthenaVI_backend\\src\\modules\\auth\\auth.controller.js:69:47","timestamp":"2026-05-25T04:29:28.674Z"}
{"level":"error","message":"Error: Unauthorized\n    at Object.rotateRefreshToken (D:\\code\\AthenaVI_backend\\src\\modules\\auth\\services\\auth.service.js:129:11)\n    at process.processTicksAndRejections (node:internal/process/task_queues:104:5)\n    at async D:\\code\\AthenaVI_backend\\src\\modules\\auth\\auth.controller.js:69:47","timestamp":"2026-05-25T04:29:28.782Z"}
{"level":"error","message":"Error: Unauthorized\n    at Object.rotateRefreshToken (D:\\code\\AthenaVI_backend\\src\\modules\\auth\\services\\auth.service.js:129:11)\n    at process.processTicksAndRejections (node:internal/process/task_queues:104:5)\n    at async D:\\code\\AthenaVI_backend\\src\\modules\\auth\\auth.controller.js:69:47","timestamp":"2026-05-25T04:29:28.892Z"}
{"level":"error","message":"Error: Unauthorized\n    at Object.rotateRefreshToken (D:\\code\\AthenaVI_backend\\src\\modules\\auth\\services\\auth.service.js:129:11)\n    at process.processTicksAndRejections (node:internal/process/task_queues:104:5)\n    at async D:\\code\\AthenaVI_backend\\src\\modules\\auth\\auth.controller.js:69:47","timestamp":"2026-05-25T04:29:28.992Z"}
{"level":"error","message":"Error: Unauthorized\n    at Object.rotateRefreshToken (D:\\code\\AthenaVI_backend\\src\\modules\\auth\\services\\auth.service.js:129:11)\n    at process.processTicksAndRejections (node:internal/process/task_queues:104:5)\n    at async D:\\code\\AthenaVI_backend\\src\\modules\\auth\\auth.controller.js:69:47","timestamp":"2026-05-25T04:29:29.091Z"}
{"level":"error","message":"Error: Unauthorized\n    at Object.rotateRefreshToken (D:\\code\\AthenaVI_backend\\src\\modules\\auth\\services\\auth.service.js:129:11)\n    at process.processTicksAndRejections (node:internal/process/task_queues:104:5)\n    at async D:\\code\\AthenaVI_backend\\src\\modules\\auth\\auth.controller.js:69:47","timestamp":"2026-05-25T04:29:29.186Z"}
{"level":"error","message":"Error: Unauthorized\n    at Object.rotateRefreshToken (D:\\code\\AthenaVI_backend\\src\\modules\\auth\\services\\auth.service.js:129:11)\n    at process.processTicksAndRejections (node:internal/process/task_queues:104:5)\n    at async D:\\code\\AthenaVI_backend\\src\\modules\\auth\\auth.controller.js:69:47","timestamp":"2026-05-25T04:29:29.287Z"}
{"level":"error","message":"Error: Unauthorized\n    at Object.rotateRefreshToken (D:\\code\\AthenaVI_backend\\src\\modules\\auth\\services\\auth.service.js:129:11)\n    at process.processTicksAndRejections (node:internal/process/task_queues:104:5)\n    at async D:\\code\\AthenaVI_backend\\src\\modules\\auth\\auth.controller.js:69:47","timestamp":"2026-05-25T04:29:29.372Z"}
{"level":"error","message":"Error: Unauthorized\n    at Object.rotateRefreshToken (D:\\code\\AthenaVI_backend\\src\\modules\\auth\\services\\auth.service.js:129:11)\n    at process.processTicksAndRejections (node:internal/process/task_queues:104:5)\n    at async D:\\code\\AthenaVI_backend\\src\\modules\\auth\\auth.controller.js:69:47","timestamp":"2026-05-25T04:29:29.461Z"}
{"level":"error","message":"Error: Unauthorized\n    at Object.rotateRefreshToken (D:\\code\\AthenaVI_backend\\src\\modules\\auth\\services\\auth.service.js:129:11)\n    at process.processTicksAndRejections (node:internal/process/task_queues:104:5)\n    at async D:\\code\\AthenaVI_backend\\src\\modules\\auth\\auth.controller.js:69:47","timestamp":"2026-05-25T04:29:29.552Z"}
{"level":"error","message":"Error: Unauthorized\n    at Object.rotateRefreshToken (D:\\code\\AthenaVI_backend\\src\\modules\\auth\\services\\auth.service.js:129:11)\n    at process.processTicksAndRejections (node:internal/process/task_queues:104:5)\n    at async D:\\code\\AthenaVI_backend\\src\\modules\\auth\\auth.controller.js:69:47","timestamp":"2026-05-25T04:29:29.689Z"}
{"level":"error","message":"Error: Unauthorized\n    at Object.rotateRefreshToken (D:\\code\\AthenaVI_backend\\src\\modules\\auth\\services\\auth.service.js:129:11)\n    at process.processTicksAndRejections (node:internal/process/task_queues:104:5)\n    at async D:\\code\\AthenaVI_backend\\src\\modules\\auth\\auth.controller.js:69:47","timestamp":"2026-05-25T04:29:29.785Z"}
{"level":"error","message":"Error: Unauthorized\n    at Object.rotateRefreshToken (D:\\code\\AthenaVI_backend\\src\\modules\\auth\\services\\auth.service.js:129:11)\n    at process.processTicksAndRejections (node:internal/process/task_queues:104:5)\n    at async D:\\code\\AthenaVI_backend\\src\\modules\\auth\\auth.controller.js:69:47","timestamp":"2026-05-25T04:29:29.882Z"}
{"level":"error","message":"Error: Unauthorized\n    at Object.rotateRefreshToken (D:\\code\\AthenaVI_backend\\src\\modules\\auth\\services\\auth.service.js:129:11)\n    at process.processTicksAndRejections (node:internal/process/task_queues:104:5)\n    at async D:\\code\\AthenaVI_backend\\src\\modules\\auth\\auth.controller.js:69:47","timestamp":"2026-05-25T04:29:30.061Z"}
{"level":"error","message":"Error: Unauthorized\n    at Object.rotateRefreshToken (D:\\code\\AthenaVI_backend\\src\\modules\\auth\\services\\auth.service.js:129:11)\n    at process.processTicksAndRejections (node:internal/process/task_queues:104:5)\n    at async D:\\code\\AthenaVI_backend\\src\\modules\\auth\\auth.controller.js:69:47","timestamp":"2026-05-25T04:29:30.173Z"}
{"level":"error","message":"Error: Unauthorized\n    at Object.rotateRefreshToken (D:\\code\\AthenaVI_backend\\src\\modules\\auth\\services\\auth.service.js:129:11)\n    at process.processTicksAndRejections (node:internal/process/task_queues:104:5)\n    at async D:\\code\\AthenaVI_backend\\src\\modules\\auth\\auth.controller.js:69:47","timestamp":"2026-05-25T04:29:30.277Z"}
{"level":"error","message":"Error: Unauthorized\n    at Object.rotateRefreshToken (D:\\code\\AthenaVI_backend\\src\\modules\\auth\\services\\auth.service.js:129:11)\n    at process.processTicksAndRejections (node:internal/process/task_queues:104:5)\n    at async D:\\code\\AthenaVI_backend\\src\\modules\\auth\\auth.controller.js:69:47","timestamp":"2026-05-25T04:29:30.389Z"}
{"level":"error","message":"Error: Unauthorized\n    at Object.rotateRefreshToken (D:\\code\\AthenaVI_backend\\src\\modules\\auth\\services\\auth.service.js:129:11)\n    at process.processTicksAndRejections (node:internal/process/task_queues:104:5)\n    at async D:\\code\\AthenaVI_backend\\src\\modules\\auth\\auth.controller.js:69:47","timestamp":"2026-05-25T04:29:30.518Z"}
{"level":"error","message":"Error: Unauthorized\n    at Object.rotateRefreshToken (D:\\code\\AthenaVI_backend\\src\\modules\\auth\\services\\auth.service.js:129:11)\n    at process.processTicksAndRejections (node:internal/process/task_queues:104:5)\n    at async D:\\code\\AthenaVI_backend\\src\\modules\\auth\\auth.controller.js:69:47","timestamp":"2026-05-25T04:29:30.614Z"}
{"level":"error","message":"Error: Unauthorized\n    at Object.rotateRefreshToken (D:\\code\\AthenaVI_backend\\src\\modules\\auth\\services\\auth.service.js:129:11)\n    at process.processTicksAndRejections (node:internal/process/task_queues:104:5)\n    at async D:\\code\\AthenaVI_backend\\src\\modules\\auth\\auth.controller.js:69:47","timestamp":"2026-05-25T04:29:30.737Z"}
{"level":"error","message":"Error: Invalid email or password\n    at Object.loginUser (D:\\code\\AthenaVI_backend\\src\\modules\\auth\\services\\auth.service.js:82:11)\n    at process.processTicksAndRejections (node:internal/process/task_queues:104:5)\n    at async D:\\code\\AthenaVI_backend\\src\\modules\\auth\\auth.controller.js:53:5","timestamp":"2026-05-25T04:29:55.114Z"}
{"level":"error","message":"Error: Unauthorized\n    at Object.rotateRefreshToken (D:\\code\\AthenaVI_backend\\src\\modules\\auth\\services\\auth.service.js:129:11)\n    at process.processTicksAndRejections (node:internal/process/task_queues:104:5)\n    at async D:\\code\\AthenaVI_backend\\src\\modules\\auth\\auth.controller.js:69:47","timestamp":"2026-05-25T04:29:55.382Z"}
{"level":"error","message":"Error: Unauthorized\n    at Object.rotateRefreshToken (D:\\code\\AthenaVI_backend\\src\\modules\\auth\\services\\auth.service.js:129:11)\n    at process.processTicksAndRejections (node:internal/process/task_queues:104:5)\n    at async D:\\code\\AthenaVI_backend\\src\\modules\\auth\\auth.controller.js:69:47","timestamp":"2026-05-25T04:29:56.155Z"}
{"level":"error","message":"Error: Unauthorized\n    at Object.rotateRefreshToken (D:\\code\\AthenaVI_backend\\src\\modules\\auth\\services\\auth.service.js:129:11)\n    at process.processTicksAndRejections (node:internal/process/task_queues:104:5)\n    at async D:\\code\\AthenaVI_backend\\src\\modules\\auth\\auth.controller.js:69:47","timestamp":"2026-05-25T04:29:56.379Z"}
{"level":"error","message":"Error: Unauthorized\n    at Object.rotateRefreshToken (D:\\code\\AthenaVI_backend\\src\\modules\\auth\\services\\auth.service.js:129:11)\n    at process.processTicksAndRejections (node:internal/process/task_queues:104:5)\n    at async D:\\code\\AthenaVI_backend\\src\\modules\\auth\\auth.controller.js:69:47","timestamp":"2026-05-25T04:29:56.926Z"}
{"level":"error","message":"Error: Unauthorized\n    at Object.rotateRefreshToken (D:\\code\\AthenaVI_backend\\src\\modules\\auth\\services\\auth.service.js:129:11)\n    at process.processTicksAndRejections (node:internal/process/task_queues:104:5)\n    at async D:\\code\\AthenaVI_backend\\src\\modules\\auth\\auth.controller.js:69:47","timestamp":"2026-05-25T04:29:57.108Z"}
{"level":"error","message":"Error: Unauthorized\n    at Object.rotateRefreshToken (D:\\code\\AthenaVI_backend\\src\\modules\\auth\\services\\auth.service.js:129:11)\n    at process.processTicksAndRejections (node:internal/process/task_queues:104:5)\n    at async D:\\code\\AthenaVI_backend\\src\\modules\\auth\\auth.controller.js:69:47","timestamp":"2026-05-25T04:29:57.220Z"}
{"level":"error","message":"Error: Unauthorized\n    at Object.rotateRefreshToken (D:\\code\\AthenaVI_backend\\src\\modules\\auth\\services\\auth.service.js:129:11)\n    at process.processTicksAndRejections (node:internal/process/task_queues:104:5)\n    at async D:\\code\\AthenaVI_backend\\src\\modules\\auth\\auth.controller.js:69:47","timestamp":"2026-05-25T04:29:57.311Z"}
{"level":"error","message":"Error: Unauthorized\n    at Object.rotateRefreshToken (D:\\code\\AthenaVI_backend\\src\\modules\\auth\\services\\auth.service.js:129:11)\n    at process.processTicksAndRejections (node:internal/process/task_queues:104:5)\n    at async D:\\code\\AthenaVI_backend\\src\\modules\\auth\\auth.controller.js:69:47","timestamp":"2026-05-25T04:29:57.406Z"}
{"level":"error","message":"Error: Unauthorized\n    at Object.rotateRefreshToken (D:\\code\\AthenaVI_backend\\src\\modules\\auth\\services\\auth.service.js:129:11)\n    at process.processTicksAndRejections (node:internal/process/task_queues:104:5)\n    at async D:\\code\\AthenaVI_backend\\src\\modules\\auth\\auth.controller.js:69:47","timestamp":"2026-05-25T04:29:57.497Z"}
{"level":"error","message":"Error: Unauthorized\n    at Object.rotateRefreshToken (D:\\code\\AthenaVI_backend\\src\\modules\\auth\\services\\auth.service.js:129:11)\n    at process.processTicksAndRejections (node:internal/process/task_queues:104:5)\n    at async D:\\code\\AthenaVI_backend\\src\\modules\\auth\\auth.controller.js:69:47","timestamp":"2026-05-25T04:29:57.625Z"}
{"level":"error","message":"Error: Unauthorized\n    at Object.rotateRefreshToken (D:\\code\\AthenaVI_backend\\src\\modules\\auth\\services\\auth.service.js:129:11)\n    at process.processTicksAndRejections (node:internal/process/task_queues:104:5)\n    at async D:\\code\\AthenaVI_backend\\src\\modules\\auth\\auth.controller.js:69:47","timestamp":"2026-05-25T04:29:57.715Z"}
{"level":"error","message":"Error: Unauthorized\n    at Object.rotateRefreshToken (D:\\code\\AthenaVI_backend\\src\\modules\\auth\\services\\auth.service.js:129:11)\n    at process.processTicksAndRejections (node:internal/process/task_queues:104:5)\n    at async D:\\code\\AthenaVI_backend\\src\\modules\\auth\\auth.controller.js:69:47","timestamp":"2026-05-25T04:29:57.851Z"}
{"level":"error","message":"Error: Unauthorized\n    at Object.rotateRefreshToken (D:\\code\\AthenaVI_backend\\src\\modules\\auth\\services\\auth.service.js:129:11)\n    at process.processTicksAndRejections (node:internal/process/task_queues:104:5)\n    at async D:\\code\\AthenaVI_backend\\src\\modules\\auth\\auth.controller.js:69:47","timestamp":"2026-05-25T04:29:57.956Z"}
{"level":"error","message":"Error: Unauthorized\n    at Object.rotateRefreshToken (D:\\code\\AthenaVI_backend\\src\\modules\\auth\\services\\auth.service.js:129:11)\n    at process.processTicksAndRejections (node:internal/process/task_queues:104:5)\n    at async D:\\code\\AthenaVI_backend\\src\\modules\\auth\\auth.controller.js:69:47","timestamp":"2026-05-25T04:29:58.120Z"}
{"level":"error","message":"Error: Unauthorized\n    at Object.rotateRefreshToken (D:\\code\\AthenaVI_backend\\src\\modules\\auth\\services\\auth.service.js:129:11)\n    at process.processTicksAndRejections (node:internal/process/task_queues:104:5)\n    at async D:\\code\\AthenaVI_backend\\src\\modules\\auth\\auth.controller.js:69:47","timestamp":"2026-05-25T04:29:58.211Z"}
{"level":"error","message":"Error: Unauthorized\n    at Object.rotateRefreshToken (D:\\code\\AthenaVI_backend\\src\\modules\\auth\\services\\auth.service.js:129:11)\n    at process.processTicksAndRejections (node:internal/process/task_queues:104:5)\n    at async D:\\code\\AthenaVI_backend\\src\\modules\\auth\\auth.controller.js:69:47","timestamp":"2026-05-25T04:29:58.298Z"}
{"level":"error","message":"Error: Unauthorized\n    at Object.rotateRefreshToken (D:\\code\\AthenaVI_backend\\src\\modules\\auth\\services\\auth.service.js:129:11)\n    at process.processTicksAndRejections (node:internal/process/task_queues:104:5)\n    at async D:\\code\\AthenaVI_backend\\src\\modules\\auth\\auth.controller.js:69:47","timestamp":"2026-05-25T04:29:58.422Z"}
{"level":"error","message":"Error: Unauthorized\n    at Object.rotateRefreshToken (D:\\code\\AthenaVI_backend\\src\\modules\\auth\\services\\auth.service.js:129:11)\n    at process.processTicksAndRejections (node:internal/process/task_queues:104:5)\n    at async D:\\code\\AthenaVI_backend\\src\\modules\\auth\\auth.controller.js:69:47","timestamp":"2026-05-25T04:29:58.493Z"}
{"level":"error","message":"Error: Unauthorized\n    at Object.rotateRefreshToken (D:\\code\\AthenaVI_backend\\src\\modules\\auth\\services\\auth.service.js:129:11)\n    at process.processTicksAndRejections (node:internal/process/task_queues:104:5)\n    at async D:\\code\\AthenaVI_backend\\src\\modules\\auth\\auth.controller.js:69:47","timestamp":"2026-05-25T04:29:58.605Z"}
{"level":"error","message":"Error: Unauthorized\n    at Object.rotateRefreshToken (D:\\code\\AthenaVI_backend\\src\\modules\\auth\\services\\auth.service.js:129:11)\n    at process.processTicksAndRejections (node:internal/process/task_queues:104:5)\n    at async D:\\code\\AthenaVI_backend\\src\\modules\\auth\\auth.controller.js:69:47","timestamp":"2026-05-25T04:29:58.738Z"}
{"level":"error","message":"Error: Unauthorized\n    at Object.rotateRefreshToken (D:\\code\\AthenaVI_backend\\src\\modules\\auth\\services\\auth.service.js:129:11)\n    at process.processTicksAndRejections (node:internal/process/task_queues:104:5)\n    at async D:\\code\\AthenaVI_backend\\src\\modules\\auth\\auth.controller.js:69:47","timestamp":"2026-05-25T04:29:59.123Z"}
{"level":"error","message":"Error: Unauthorized\n    at Object.rotateRefreshToken (D:\\code\\AthenaVI_backend\\src\\modules\\auth\\services\\auth.service.js:129:11)\n    at process.processTicksAndRejections (node:internal/process/task_queues:104:5)\n    at async D:\\code\\AthenaVI_backend\\src\\modules\\auth\\auth.controller.js:69:47","timestamp":"2026-05-25T04:29:59.336Z"}
{"level":"error","message":"Error: Unauthorized\n    at Object.rotateRefreshToken (D:\\code\\AthenaVI_backend\\src\\modules\\auth\\services\\auth.service.js:129:11)\n    at process.processTicksAndRejections (node:internal/process/task_queues:104:5)\n    at async D:\\code\\AthenaVI_backend\\src\\modules\\auth\\auth.controller.js:69:47","timestamp":"2026-05-25T04:29:59.505Z"}
{"level":"error","message":"Error: Unauthorized\n    at Object.rotateRefreshToken (D:\\code\\AthenaVI_backend\\src\\modules\\auth\\services\\auth.service.js:129:11)\n    at process.processTicksAndRejections (node:internal/process/task_queues:104:5)\n    at async D:\\code\\AthenaVI_backend\\src\\modules\\auth\\auth.controller.js:69:47","timestamp":"2026-05-25T04:29:59.615Z"}
{"level":"error","message":"Error: Unauthorized\n    at Object.rotateRefreshToken (D:\\code\\AthenaVI_backend\\src\\modules\\auth\\services\\auth.service.js:129:11)\n    at process.processTicksAndRejections (node:internal/process/task_queues:104:5)\n    at async D:\\code\\AthenaVI_backend\\src\\modules\\auth\\auth.controller.js:69:47","timestamp":"2026-05-25T04:29:59.729Z"}
{"level":"error","message":"Error: Unauthorized\n    at Object.rotateRefreshToken (D:\\code\\AthenaVI_backend\\src\\modules\\auth\\services\\auth.service.js:129:11)\n    at process.processTicksAndRejections (node:internal/process/task_queues:104:5)\n    at async D:\\code\\AthenaVI_backend\\src\\modules\\auth\\auth.controller.js:69:47","timestamp":"2026-05-25T04:29:59.816Z"}
{"level":"error","message":"Error: Unauthorized\n    at Object.rotateRefreshToken (D:\\code\\AthenaVI_backend\\src\\modules\\auth\\services\\auth.service.js:129:11)\n    at process.processTicksAndRejections (node:internal/process/task_queues:104:5)\n    at async D:\\code\\AthenaVI_backend\\src\\modules\\auth\\auth.controller.js:69:47","timestamp":"2026-05-25T04:29:59.909Z"}
{"level":"error","message":"Error: Unauthorized\n    at Object.rotateRefreshToken (D:\\code\\AthenaVI_backend\\src\\modules\\auth\\services\\auth.service.js:129:11)\n    at process.processTicksAndRejections (node:internal/process/task_queues:104:5)\n    at async D:\\code\\AthenaVI_backend\\src\\modules\\auth\\auth.controller.js:69:47","timestamp":"2026-05-25T04:30:00.025Z"}
{"level":"error","message":"Error: Unauthorized\n    at Object.rotateRefreshToken (D:\\code\\AthenaVI_backend\\src\\modules\\auth\\services\\auth.service.js:129:11)\n    at process.processTicksAndRejections (node:internal/process/task_queues:104:5)\n    at async D:\\code\\AthenaVI_backend\\src\\modules\\auth\\auth.controller.js:69:47","timestamp":"2026-05-25T04:30:00.138Z"}
{"level":"error","message":"Error: Unauthorized\n    at Object.rotateRefreshToken (D:\\code\\AthenaVI_backend\\src\\modules\\auth\\services\\auth.service.js:129:11)\n    at process.processTicksAndRejections (node:internal/process/task_queues:104:5)\n    at async D:\\code\\AthenaVI_backend\\src\\modules\\auth\\auth.controller.js:69:47","timestamp":"2026-05-25T04:30:00.245Z"}
{"level":"error","message":"Error: Unauthorized\n    at Object.rotateRefreshToken (D:\\code\\AthenaVI_backend\\src\\modules\\auth\\services\\auth.service.js:129:11)\n    at process.processTicksAndRejections (node:internal/process/task_queues:104:5)\n    at async D:\\code\\AthenaVI_backend\\src\\modules\\auth\\auth.controller.js:69:47","timestamp":"2026-05-25T04:30:00.331Z"}
{"level":"error","message":"Error: Unauthorized\n    at Object.rotateRefreshToken (D:\\code\\AthenaVI_backend\\src\\modules\\auth\\services\\auth.service.js:129:11)\n    at process.processTicksAndRejections (node:internal/process/task_queues:104:5)\n    at async D:\\code\\AthenaVI_backend\\src\\modules\\auth\\auth.controller.js:69:47","timestamp":"2026-05-25T04:30:00.565Z"}
{"level":"error","message":"Error: Unauthorized\n    at Object.rotateRefreshToken (D:\\code\\AthenaVI_backend\\src\\modules\\auth\\services\\auth.service.js:129:11)\n    at process.processTicksAndRejections (node:internal/process/task_queues:104:5)\n    at async D:\\code\\AthenaVI_backend\\src\\modules\\auth\\auth.controller.js:69:47","timestamp":"2026-05-25T04:30:00.660Z"}
{"level":"error","message":"Error: Unauthorized\n    at Object.rotateRefreshToken (D:\\code\\AthenaVI_backend\\src\\modules\\auth\\services\\auth.service.js:129:11)\n    at process.processTicksAndRejections (node:internal/process/task_queues:104:5)\n    at async D:\\code\\AthenaVI_backend\\src\\modules\\auth\\auth.controller.js:69:47","timestamp":"2026-05-25T04:30:00.831Z"}
{"level":"error","message":"Error: Unauthorized\n    at Object.rotateRefreshToken (D:\\code\\AthenaVI_backend\\src\\modules\\auth\\services\\auth.service.js:129:11)\n    at process.processTicksAndRejections (node:internal/process/task_queues:104:5)\n    at async D:\\code\\AthenaVI_backend\\src\\modules\\auth\\auth.controller.js:69:47","timestamp":"2026-05-25T04:30:00.913Z"}
{"level":"error","message":"Error: Unauthorized\n    at Object.rotateRefreshToken (D:\\code\\AthenaVI_backend\\src\\modules\\auth\\services\\auth.service.js:129:11)\n    at process.processTicksAndRejections (node:internal/process/task_queues:104:5)\n    at async D:\\code\\AthenaVI_backend\\src\\modules\\auth\\auth.controller.js:69:47","timestamp":"2026-05-25T04:30:01.041Z"}
{"level":"error","message":"Error: Unauthorized\n    at Object.rotateRefreshToken (D:\\code\\AthenaVI_backend\\src\\modules\\auth\\services\\auth.service.js:129:11)\n    at process.processTicksAndRejections (node:internal/process/task_queues:104:5)\n    at async D:\\code\\AthenaVI_backend\\src\\modules\\auth\\auth.controller.js:69:47","timestamp":"2026-05-25T04:30:01.142Z"}
{"level":"error","message":"Error: Unauthorized\n    at Object.rotateRefreshToken (D:\\code\\AthenaVI_backend\\src\\modules\\auth\\services\\auth.service.js:129:11)\n    at process.processTicksAndRejections (node:internal/process/task_queues:104:5)\n    at async D:\\code\\AthenaVI_backend\\src\\modules\\auth\\auth.controller.js:69:47","timestamp":"2026-05-25T04:30:01.238Z"}
{"level":"error","message":"Error: Unauthorized\n    at Object.rotateRefreshToken (D:\\code\\AthenaVI_backend\\src\\modules\\auth\\services\\auth.service.js:129:11)\n    at process.processTicksAndRejections (node:internal/process/task_queues:104:5)\n    at async D:\\code\\AthenaVI_backend\\src\\modules\\auth\\auth.controller.js:69:47","timestamp":"2026-05-25T04:30:01.353Z"}
{"level":"error","message":"Error: Unauthorized\n    at Object.rotateRefreshToken (D:\\code\\AthenaVI_backend\\src\\modules\\auth\\services\\auth.service.js:129:11)\n    at process.processTicksAndRejections (node:internal/process/task_queues:104:5)\n    at async D:\\code\\AthenaVI_backend\\src\\modules\\auth\\auth.controller.js:69:47","timestamp":"2026-05-25T04:30:01.493Z"}
{"level":"error","message":"Error: Unauthorized\n    at Object.rotateRefreshToken (D:\\code\\AthenaVI_backend\\src\\modules\\auth\\services\\auth.service.js:129:11)\n    at process.processTicksAndRejections (node:internal/process/task_queues:104:5)\n    at async D:\\code\\AthenaVI_backend\\src\\modules\\auth\\auth.controller.js:69:47","timestamp":"2026-05-25T04:30:01.597Z"}
{"level":"error","message":"Error: Unauthorized\n    at Object.rotateRefreshToken (D:\\code\\AthenaVI_backend\\src\\modules\\auth\\services\\auth.service.js:129:11)\n    at process.processTicksAndRejections (node:internal/process/task_queues:104:5)\n    at async D:\\code\\AthenaVI_backend\\src\\modules\\auth\\auth.controller.js:69:47","timestamp":"2026-05-25T04:30:01.727Z"}
{"level":"error","message":"Error: Unauthorized\n    at Object.rotateRefreshToken (D:\\code\\AthenaVI_backend\\src\\modules\\auth\\services\\auth.service.js:129:11)\n    at process.processTicksAndRejections (node:internal/process/task_queues:104:5)\n    at async D:\\code\\AthenaVI_backend\\src\\modules\\auth\\auth.controller.js:69:47","timestamp":"2026-05-25T04:30:01.811Z"}
{"level":"error","message":"Error: Unauthorized\n    at Object.rotateRefreshToken (D:\\code\\AthenaVI_backend\\src\\modules\\auth\\services\\auth.service.js:129:11)\n    at process.processTicksAndRejections (node:internal/process/task_queues:104:5)\n    at async D:\\code\\AthenaVI_backend\\src\\modules\\auth\\auth.controller.js:69:47","timestamp":"2026-05-25T04:30:01.926Z"}
{"level":"error","message":"Error: Unauthorized\n    at Object.rotateRefreshToken (D:\\code\\AthenaVI_backend\\src\\modules\\auth\\services\\auth.service.js:129:11)\n    at process.processTicksAndRejections (node:internal/process/task_queues:104:5)\n    at async D:\\code\\AthenaVI_backend\\src\\modules\\auth\\auth.controller.js:69:47","timestamp":"2026-05-25T04:30:02.003Z"}
{"level":"error","message":"Error: Unauthorized\n    at Object.rotateRefreshToken (D:\\code\\AthenaVI_backend\\src\\modules\\auth\\services\\auth.service.js:129:11)\n    at process.processTicksAndRejections (node:internal/process/task_queues:104:5)\n    at async D:\\code\\AthenaVI_backend\\src\\modules\\auth\\auth.controller.js:69:47","timestamp":"2026-05-25T04:30:02.104Z"}
{"level":"error","message":"Error: Unauthorized\n    at Object.rotateRefreshToken (D:\\code\\AthenaVI_backend\\src\\modules\\auth\\services\\auth.service.js:129:11)\n    at process.processTicksAndRejections (node:internal/process/task_queues:104:5)\n    at async D:\\code\\AthenaVI_backend\\src\\modules\\auth\\auth.controller.js:69:47","timestamp":"2026-05-25T04:30:02.198Z"}
{"level":"error","message":"Error: Unauthorized\n    at Object.rotateRefreshToken (D:\\code\\AthenaVI_backend\\src\\modules\\auth\\services\\auth.service.js:129:11)\n    at process.processTicksAndRejections (node:internal/process/task_queues:104:5)\n    at async D:\\code\\AthenaVI_backend\\src\\modules\\auth\\auth.controller.js:69:47","timestamp":"2026-05-25T04:30:02.284Z"}
{"level":"error","message":"Error: Unauthorized\n    at Object.rotateRefreshToken (D:\\code\\AthenaVI_backend\\src\\modules\\auth\\services\\auth.service.js:129:11)\n    at process.processTicksAndRejections (node:internal/process/task_queues:104:5)\n    at async D:\\code\\AthenaVI_backend\\src\\modules\\auth\\auth.controller.js:69:47","timestamp":"2026-05-25T04:30:02.373Z"}
{"level":"error","message":"Error: Unauthorized\n    at Object.rotateRefreshToken (D:\\code\\AthenaVI_backend\\src\\modules\\auth\\services\\auth.service.js:129:11)\n    at process.processTicksAndRejections (node:internal/process/task_queues:104:5)\n    at async D:\\code\\AthenaVI_backend\\src\\modules\\auth\\auth.controller.js:69:47","timestamp":"2026-05-25T04:30:02.460Z"}
{"level":"error","message":"Error: Unauthorized\n    at Object.rotateRefreshToken (D:\\code\\AthenaVI_backend\\src\\modules\\auth\\services\\auth.service.js:129:11)\n    at process.processTicksAndRejections (node:internal/process/task_queues:104:5)\n    at async D:\\code\\AthenaVI_backend\\src\\modules\\auth\\auth.controller.js:69:47","timestamp":"2026-05-25T04:30:02.541Z"}
{"level":"error","message":"Error: Unauthorized\n    at Object.rotateRefreshToken (D:\\code\\AthenaVI_backend\\src\\modules\\auth\\services\\auth.service.js:129:11)\n    at process.processTicksAndRejections (node:internal/process/task_queues:104:5)\n    at async D:\\code\\AthenaVI_backend\\src\\modules\\auth\\auth.controller.js:69:47","timestamp":"2026-05-25T04:30:02.654Z"}
{"level":"error","message":"Error: Unauthorized\n    at Object.rotateRefreshToken (D:\\code\\AthenaVI_backend\\src\\modules\\auth\\services\\auth.service.js:129:11)\n    at process.processTicksAndRejections (node:internal/process/task_queues:104:5)\n    at async D:\\code\\AthenaVI_backend\\src\\modules\\auth\\auth.controller.js:69:47","timestamp":"2026-05-25T04:30:02.752Z"}
{"level":"error","message":"Error: Unauthorized\n    at Object.rotateRefreshToken (D:\\code\\AthenaVI_backend\\src\\modules\\auth\\services\\auth.service.js:129:11)\n    at process.processTicksAndRejections (node:internal/process/task_queues:104:5)\n    at async D:\\code\\AthenaVI_backend\\src\\modules\\auth\\auth.controller.js:69:47","timestamp":"2026-05-25T04:30:02.839Z"}
{"level":"error","message":"Error: Unauthorized\n    at Object.rotateRefreshToken (D:\\code\\AthenaVI_backend\\src\\modules\\auth\\services\\auth.service.js:129:11)\n    at process.processTicksAndRejections (node:internal/process/task_queues:104:5)\n    at async D:\\code\\AthenaVI_backend\\src\\modules\\auth\\auth.controller.js:69:47","timestamp":"2026-05-25T04:30:02.987Z"}
{"level":"error","message":"Error: Unauthorized\n    at Object.rotateRefreshToken (D:\\code\\AthenaVI_backend\\src\\modules\\auth\\services\\auth.service.js:129:11)\n    at process.processTicksAndRejections (node:internal/process/task_queues:104:5)\n    at async D:\\code\\AthenaVI_backend\\src\\modules\\auth\\auth.controller.js:69:47","timestamp":"2026-05-25T04:30:03.078Z"}
{"level":"error","message":"Error: Unauthorized\n    at Object.rotateRefreshToken (D:\\code\\AthenaVI_backend\\src\\modules\\auth\\services\\auth.service.js:129:11)\n    at process.processTicksAndRejections (node:internal/process/task_queues:104:5)\n    at async D:\\code\\AthenaVI_backend\\src\\modules\\auth\\auth.controller.js:69:47","timestamp":"2026-05-25T04:30:03.257Z"}
{"level":"error","message":"Error: Unauthorized\n    at Object.rotateRefreshToken (D:\\code\\AthenaVI_backend\\src\\modules\\auth\\services\\auth.service.js:129:11)\n    at process.processTicksAndRejections (node:internal/process/task_queues:104:5)\n    at async D:\\code\\AthenaVI_backend\\src\\modules\\auth\\auth.controller.js:69:47","timestamp":"2026-05-25T04:30:03.562Z"}
{"level":"error","message":"Error: Unauthorized\n    at Object.rotateRefreshToken (D:\\code\\AthenaVI_backend\\src\\modules\\auth\\services\\auth.service.js:129:11)\n    at process.processTicksAndRejections (node:internal/process/task_queues:104:5)\n    at async D:\\code\\AthenaVI_backend\\src\\modules\\auth\\auth.controller.js:69:47","timestamp":"2026-05-25T04:30:03.722Z"}
{"level":"error","message":"Error: Unauthorized\n    at Object.rotateRefreshToken (D:\\code\\AthenaVI_backend\\src\\modules\\auth\\services\\auth.service.js:129:11)\n    at process.processTicksAndRejections (node:internal/process/task_queues:104:5)\n    at async D:\\code\\AthenaVI_backend\\src\\modules\\auth\\auth.controller.js:69:47","timestamp":"2026-05-25T04:30:03.925Z"}
{"level":"error","message":"Error: Unauthorized\n    at Object.rotateRefreshToken (D:\\code\\AthenaVI_backend\\src\\modules\\auth\\services\\auth.service.js:129:11)\n    at process.processTicksAndRejections (node:internal/process/task_queues:104:5)\n    at async D:\\code\\AthenaVI_backend\\src\\modules\\auth\\auth.controller.js:69:47","timestamp":"2026-05-25T04:30:04.037Z"}
{"level":"error","message":"Error: Unauthorized\n    at Object.rotateRefreshToken (D:\\code\\AthenaVI_backend\\src\\modules\\auth\\services\\auth.service.js:129:11)\n    at process.processTicksAndRejections (node:internal/process/task_queues:104:5)\n    at async D:\\code\\AthenaVI_backend\\src\\modules\\auth\\auth.controller.js:69:47","timestamp":"2026-05-25T04:30:04.146Z"}
{"level":"error","message":"Error: Unauthorized\n    at Object.rotateRefreshToken (D:\\code\\AthenaVI_backend\\src\\modules\\auth\\services\\auth.service.js:129:11)\n    at process.processTicksAndRejections (node:internal/process/task_queues:104:5)\n    at async D:\\code\\AthenaVI_backend\\src\\modules\\auth\\auth.controller.js:69:47","timestamp":"2026-05-25T04:30:04.358Z"}
{"level":"error","message":"Error: Unauthorized\n    at Object.rotateRefreshToken (D:\\code\\AthenaVI_backend\\src\\modules\\auth\\services\\auth.service.js:129:11)\n    at process.processTicksAndRejections (node:internal/process/task_queues:104:5)\n    at async D:\\code\\AthenaVI_backend\\src\\modules\\auth\\auth.controller.js:69:47","timestamp":"2026-05-25T04:30:04.493Z"}
{"level":"error","message":"Error: Unauthorized\n    at Object.rotateRefreshToken (D:\\code\\AthenaVI_backend\\src\\modules\\auth\\services\\auth.service.js:129:11)\n    at process.processTicksAndRejections (node:internal/process/task_queues:104:5)\n    at async D:\\code\\AthenaVI_backend\\src\\modules\\auth\\auth.controller.js:69:47","timestamp":"2026-05-25T04:30:04.691Z"}
{"level":"error","message":"Error: Unauthorized\n    at Object.rotateRefreshToken (D:\\code\\AthenaVI_backend\\src\\modules\\auth\\services\\auth.service.js:129:11)\n    at process.processTicksAndRejections (node:internal/process/task_queues:104:5)\n    at async D:\\code\\AthenaVI_backend\\src\\modules\\auth\\auth.controller.js:69:47","timestamp":"2026-05-25T04:30:04.790Z"}
{"level":"error","message":"Error: Unauthorized\n    at Object.rotateRefreshToken (D:\\code\\AthenaVI_backend\\src\\modules\\auth\\services\\auth.service.js:129:11)\n    at process.processTicksAndRejections (node:internal/process/task_queues:104:5)\n    at async D:\\code\\AthenaVI_backend\\src\\modules\\auth\\auth.controller.js:69:47","timestamp":"2026-05-25T04:30:04.892Z"}
{"level":"error","message":"Error: Unauthorized\n    at Object.rotateRefreshToken (D:\\code\\AthenaVI_backend\\src\\modules\\auth\\services\\auth.service.js:129:11)\n    at process.processTicksAndRejections (node:internal/process/task_queues:104:5)\n    at async D:\\code\\AthenaVI_backend\\src\\modules\\auth\\auth.controller.js:69:47","timestamp":"2026-05-25T04:30:05.036Z"}
{"level":"error","message":"Error: Unauthorized\n    at Object.rotateRefreshToken (D:\\code\\AthenaVI_backend\\src\\modules\\auth\\services\\auth.service.js:129:11)\n    at process.processTicksAndRejections (node:internal/process/task_queues:104:5)\n    at async D:\\code\\AthenaVI_backend\\src\\modules\\auth\\auth.controller.js:69:47","timestamp":"2026-05-25T04:30:05.156Z"}
{"level":"error","message":"Error: Unauthorized\n    at Object.rotateRefreshToken (D:\\code\\AthenaVI_backend\\src\\modules\\auth\\services\\auth.service.js:129:11)\n    at process.processTicksAndRejections (node:internal/process/task_queues:104:5)\n    at async D:\\code\\AthenaVI_backend\\src\\modules\\auth\\auth.controller.js:69:47","timestamp":"2026-05-25T04:30:05.260Z"}
{"level":"error","message":"Error: Unauthorized\n    at Object.rotateRefreshToken (D:\\code\\AthenaVI_backend\\src\\modules\\auth\\services\\auth.service.js:129:11)\n    at process.processTicksAndRejections (node:internal/process/task_queues:104:5)\n    at async D:\\code\\AthenaVI_backend\\src\\modules\\auth\\auth.controller.js:69:47","timestamp":"2026-05-25T04:30:05.347Z"}
{"level":"error","message":"Error: Unauthorized\n    at Object.rotateRefreshToken (D:\\code\\AthenaVI_backend\\src\\modules\\auth\\services\\auth.service.js:129:11)\n    at process.processTicksAndRejections (node:internal/process/task_queues:104:5)\n    at async D:\\code\\AthenaVI_backend\\src\\modules\\auth\\auth.controller.js:69:47","timestamp":"2026-05-25T04:30:05.486Z"}
{"level":"error","message":"Error: Unauthorized\n    at Object.rotateRefreshToken (D:\\code\\AthenaVI_backend\\src\\modules\\auth\\services\\auth.service.js:129:11)\n    at process.processTicksAndRejections (node:internal/process/task_queues:104:5)\n    at async D:\\code\\AthenaVI_backend\\src\\modules\\auth\\auth.controller.js:69:47","timestamp":"2026-05-25T04:30:05.592Z"}
{"level":"error","message":"Error: Unauthorized\n    at Object.rotateRefreshToken (D:\\code\\AthenaVI_backend\\src\\modules\\auth\\services\\auth.service.js:129:11)\n    at process.processTicksAndRejections (node:internal/process/task_queues:104:5)\n    at async D:\\code\\AthenaVI_backend\\src\\modules\\auth\\auth.controller.js:69:47","timestamp":"2026-05-25T04:30:05.758Z"}
{"level":"error","message":"Error: Unauthorized\n    at Object.rotateRefreshToken (D:\\code\\AthenaVI_backend\\src\\modules\\auth\\services\\auth.service.js:129:11)\n    at process.processTicksAndRejections (node:internal/process/task_queues:104:5)\n    at async D:\\code\\AthenaVI_backend\\src\\modules\\auth\\auth.controller.js:69:47","timestamp":"2026-05-25T04:30:05.872Z"}
{"level":"error","message":"Error: Unauthorized\n    at Object.rotateRefreshToken (D:\\code\\AthenaVI_backend\\src\\modules\\auth\\services\\auth.service.js:129:11)\n    at process.processTicksAndRejections (node:internal/process/task_queues:104:5)\n    at async D:\\code\\AthenaVI_backend\\src\\modules\\auth\\auth.controller.js:69:47","timestamp":"2026-05-25T04:30:05.963Z"}
{"level":"error","message":"Error: Unauthorized\n    at Object.rotateRefreshToken (D:\\code\\AthenaVI_backend\\src\\modules\\auth\\services\\auth.service.js:129:11)\n    at process.processTicksAndRejections (node:internal/process/task_queues:104:5)\n    at async D:\\code\\AthenaVI_backend\\src\\modules\\auth\\auth.controller.js:69:47","timestamp":"2026-05-25T04:30:06.094Z"}
{"level":"error","message":"Error: Unauthorized\n    at Object.rotateRefreshToken (D:\\code\\AthenaVI_backend\\src\\modules\\auth\\services\\auth.service.js:129:11)\n    at process.processTicksAndRejections (node:internal/process/task_queues:104:5)\n    at async D:\\code\\AthenaVI_backend\\src\\modules\\auth\\auth.controller.js:69:47","timestamp":"2026-05-25T04:30:06.240Z"}
{"level":"error","message":"Error: Unauthorized\n    at Object.rotateRefreshToken (D:\\code\\AthenaVI_backend\\src\\modules\\auth\\services\\auth.service.js:129:11)\n    at process.processTicksAndRejections (node:internal/process/task_queues:104:5)\n    at async D:\\code\\AthenaVI_backend\\src\\modules\\auth\\auth.controller.js:69:47","timestamp":"2026-05-25T04:30:06.374Z"}
{"level":"error","message":"Error: Unauthorized\n    at Object.rotateRefreshToken (D:\\code\\AthenaVI_backend\\src\\modules\\auth\\services\\auth.service.js:129:11)\n    at process.processTicksAndRejections (node:internal/process/task_queues:104:5)\n    at async D:\\code\\AthenaVI_backend\\src\\modules\\auth\\auth.controller.js:69:47","timestamp":"2026-05-25T04:30:06.552Z"}
{"level":"error","message":"Error: Unauthorized\n    at Object.rotateRefreshToken (D:\\code\\AthenaVI_backend\\src\\modules\\auth\\services\\auth.service.js:129:11)\n    at process.processTicksAndRejections (node:internal/process/task_queues:104:5)\n    at async D:\\code\\AthenaVI_backend\\src\\modules\\auth\\auth.controller.js:69:47","timestamp":"2026-05-25T04:30:06.734Z"}
{"level":"error","message":"Error: Unauthorized\n    at Object.rotateRefreshToken (D:\\code\\AthenaVI_backend\\src\\modules\\auth\\services\\auth.service.js:129:11)\n    at process.processTicksAndRejections (node:internal/process/task_queues:104:5)\n    at async D:\\code\\AthenaVI_backend\\src\\modules\\auth\\auth.controller.js:69:47","timestamp":"2026-05-25T04:30:06.842Z"}
{"level":"error","message":"Error: Unauthorized\n    at Object.rotateRefreshToken (D:\\code\\AthenaVI_backend\\src\\modules\\auth\\services\\auth.service.js:129:11)\n    at process.processTicksAndRejections (node:internal/process/task_queues:104:5)\n    at async D:\\code\\AthenaVI_backend\\src\\modules\\auth\\auth.controller.js:69:47","timestamp":"2026-05-25T04:30:07.054Z"}
{"level":"error","message":"Error: Unauthorized\n    at Object.rotateRefreshToken (D:\\code\\AthenaVI_backend\\src\\modules\\auth\\services\\auth.service.js:129:11)\n    at process.processTicksAndRejections (node:internal/process/task_queues:104:5)\n    at async D:\\code\\AthenaVI_backend\\src\\modules\\auth\\auth.controller.js:69:47","timestamp":"2026-05-25T04:30:07.156Z"}
{"level":"error","message":"Error: Unauthorized\n    at Object.rotateRefreshToken (D:\\code\\AthenaVI_backend\\src\\modules\\auth\\services\\auth.service.js:129:11)\n    at process.processTicksAndRejections (node:internal/process/task_queues:104:5)\n    at async D:\\code\\AthenaVI_backend\\src\\modules\\auth\\auth.controller.js:69:47","timestamp":"2026-05-25T04:30:07.246Z"}
{"level":"error","message":"Error: Unauthorized\n    at Object.rotateRefreshToken (D:\\code\\AthenaVI_backend\\src\\modules\\auth\\services\\auth.service.js:129:11)\n    at process.processTicksAndRejections (node:internal/process/task_queues:104:5)\n    at async D:\\code\\AthenaVI_backend\\src\\modules\\auth\\auth.controller.js:69:47","timestamp":"2026-05-25T04:30:07.388Z"}
{"level":"error","message":"Error: Unauthorized\n    at Object.rotateRefreshToken (D:\\code\\AthenaVI_backend\\src\\modules\\auth\\services\\auth.service.js:129:11)\n    at process.processTicksAndRejections (node:internal/process/task_queues:104:5)\n    at async D:\\code\\AthenaVI_backend\\src\\modules\\auth\\auth.controller.js:69:47","timestamp":"2026-05-25T04:30:07.481Z"}
{"level":"error","message":"Error: Unauthorized\n    at Object.rotateRefreshToken (D:\\code\\AthenaVI_backend\\src\\modules\\auth\\services\\auth.service.js:129:11)\n    at process.processTicksAndRejections (node:internal/process/task_queues:104:5)\n    at async D:\\code\\AthenaVI_backend\\src\\modules\\auth\\auth.controller.js:69:47","timestamp":"2026-05-25T04:30:07.603Z"}
{"level":"error","message":"Error: Unauthorized\n    at Object.rotateRefreshToken (D:\\code\\AthenaVI_backend\\src\\modules\\auth\\services\\auth.service.js:129:11)\n    at process.processTicksAndRejections (node:internal/process/task_queues:104:5)\n    at async D:\\code\\AthenaVI_backend\\src\\modules\\auth\\auth.controller.js:69:47","timestamp":"2026-05-25T04:30:07.840Z"}
{"level":"error","message":"Error: Unauthorized\n    at Object.rotateRefreshToken (D:\\code\\AthenaVI_backend\\src\\modules\\auth\\services\\auth.service.js:129:11)\n    at process.processTicksAndRejections (node:internal/process/task_queues:104:5)\n    at async D:\\code\\AthenaVI_backend\\src\\modules\\auth\\auth.controller.js:69:47","timestamp":"2026-05-25T04:30:07.991Z"}
{"level":"error","message":"Error: Unauthorized\n    at Object.rotateRefreshToken (D:\\code\\AthenaVI_backend\\src\\modules\\auth\\services\\auth.service.js:129:11)\n    at process.processTicksAndRejections (node:internal/process/task_queues:104:5)\n    at async D:\\code\\AthenaVI_backend\\src\\modules\\auth\\auth.controller.js:69:47","timestamp":"2026-05-25T04:30:08.130Z"}
{"level":"error","message":"Error: Unauthorized\n    at Object.rotateRefreshToken (D:\\code\\AthenaVI_backend\\src\\modules\\auth\\services\\auth.service.js:129:11)\n    at process.processTicksAndRejections (node:internal/process/task_queues:104:5)\n    at async D:\\code\\AthenaVI_backend\\src\\modules\\auth\\auth.controller.js:69:47","timestamp":"2026-05-25T04:30:08.253Z"}
{"level":"error","message":"Error: Unauthorized\n    at Object.rotateRefreshToken (D:\\code\\AthenaVI_backend\\src\\modules\\auth\\services\\auth.service.js:129:11)\n    at process.processTicksAndRejections (node:internal/process/task_queues:104:5)\n    at async D:\\code\\AthenaVI_backend\\src\\modules\\auth\\auth.controller.js:69:47","timestamp":"2026-05-25T04:30:08.375Z"}
{"level":"error","message":"Error: Unauthorized\n    at Object.rotateRefreshToken (D:\\code\\AthenaVI_backend\\src\\modules\\auth\\services\\auth.service.js:129:11)\n    at process.processTicksAndRejections (node:internal/process/task_queues:104:5)\n    at async D:\\code\\AthenaVI_backend\\src\\modules\\auth\\auth.controller.js:69:47","timestamp":"2026-05-25T04:30:08.473Z"}
{"level":"error","message":"Error: Unauthorized\n    at Object.rotateRefreshToken (D:\\code\\AthenaVI_backend\\src\\modules\\auth\\services\\auth.service.js:129:11)\n    at process.processTicksAndRejections (node:internal/process/task_queues:104:5)\n    at async D:\\code\\AthenaVI_backend\\src\\modules\\auth\\auth.controller.js:69:47","timestamp":"2026-05-25T04:30:08.566Z"}
{"level":"error","message":"Error: Unauthorized\n    at Object.rotateRefreshToken (D:\\code\\AthenaVI_backend\\src\\modules\\auth\\services\\auth.service.js:129:11)\n    at process.processTicksAndRejections (node:internal/process/task_queues:104:5)\n    at async D:\\code\\AthenaVI_backend\\src\\modules\\auth\\auth.controller.js:69:47","timestamp":"2026-05-25T04:30:08.659Z"}
{"level":"error","message":"Error: Unauthorized\n    at Object.rotateRefreshToken (D:\\code\\AthenaVI_backend\\src\\modules\\auth\\services\\auth.service.js:129:11)\n    at process.processTicksAndRejections (node:internal/process/task_queues:104:5)\n    at async D:\\code\\AthenaVI_backend\\src\\modules\\auth\\auth.controller.js:69:47","timestamp":"2026-05-25T04:30:08.751Z"}
{"level":"error","message":"Error: Unauthorized\n    at Object.rotateRefreshToken (D:\\code\\AthenaVI_backend\\src\\modules\\auth\\services\\auth.service.js:129:11)\n    at process.processTicksAndRejections (node:internal/process/task_queues:104:5)\n    at async D:\\code\\AthenaVI_backend\\src\\modules\\auth\\auth.controller.js:69:47","timestamp":"2026-05-25T04:30:08.827Z"}
{"level":"error","message":"Error: Unauthorized\n    at Object.rotateRefreshToken (D:\\code\\AthenaVI_backend\\src\\modules\\auth\\services\\auth.service.js:129:11)\n    at process.processTicksAndRejections (node:internal/process/task_queues:104:5)\n    at async D:\\code\\AthenaVI_backend\\src\\modules\\auth\\auth.controller.js:69:47","timestamp":"2026-05-25T04:30:08.984Z"}
{"level":"error","message":"Error: Unauthorized\n    at Object.rotateRefreshToken (D:\\code\\AthenaVI_backend\\src\\modules\\auth\\services\\auth.service.js:129:11)\n    at process.processTicksAndRejections (node:internal/process/task_queues:104:5)\n    at async D:\\code\\AthenaVI_backend\\src\\modules\\auth\\auth.controller.js:69:47","timestamp":"2026-05-25T04:30:09.133Z"}
{"level":"error","message":"Error: Unauthorized\n    at Object.rotateRefreshToken (D:\\code\\AthenaVI_backend\\src\\modules\\auth\\services\\auth.service.js:129:11)\n    at process.processTicksAndRejections (node:internal/process/task_queues:104:5)\n    at async D:\\code\\AthenaVI_backend\\src\\modules\\auth\\auth.controller.js:69:47","timestamp":"2026-05-25T04:30:09.404Z"}
{"level":"error","message":"Error: Unauthorized\n    at Object.rotateRefreshToken (D:\\code\\AthenaVI_backend\\src\\modules\\auth\\services\\auth.service.js:129:11)\n    at process.processTicksAndRejections (node:internal/process/task_queues:104:5)\n    at async D:\\code\\AthenaVI_backend\\src\\modules\\auth\\auth.controller.js:69:47","timestamp":"2026-05-25T04:30:09.686Z"}
{"level":"error","message":"Error: Unauthorized\n    at Object.rotateRefreshToken (D:\\code\\AthenaVI_backend\\src\\modules\\auth\\services\\auth.service.js:129:11)\n    at process.processTicksAndRejections (node:internal/process/task_queues:104:5)\n    at async D:\\code\\AthenaVI_backend\\src\\modules\\auth\\auth.controller.js:69:47","timestamp":"2026-05-25T04:30:09.780Z"}
{"level":"error","message":"Error: Unauthorized\n    at Object.rotateRefreshToken (D:\\code\\AthenaVI_backend\\src\\modules\\auth\\services\\auth.service.js:129:11)\n    at process.processTicksAndRejections (node:internal/process/task_queues:104:5)\n    at async D:\\code\\AthenaVI_backend\\src\\modules\\auth\\auth.controller.js:69:47","timestamp":"2026-05-25T04:30:09.903Z"}
{"level":"error","message":"Error: Unauthorized\n    at Object.rotateRefreshToken (D:\\code\\AthenaVI_backend\\src\\modules\\auth\\services\\auth.service.js:129:11)\n    at process.processTicksAndRejections (node:internal/process/task_queues:104:5)\n    at async D:\\code\\AthenaVI_backend\\src\\modules\\auth\\auth.controller.js:69:47","timestamp":"2026-05-25T04:30:09.997Z"}
{"level":"error","message":"Error: Unauthorized\n    at Object.rotateRefreshToken (D:\\code\\AthenaVI_backend\\src\\modules\\auth\\services\\auth.service.js:129:11)\n    at process.processTicksAndRejections (node:internal/process/task_queues:104:5)\n    at async D:\\code\\AthenaVI_backend\\src\\modules\\auth\\auth.controller.js:69:47","timestamp":"2026-05-25T04:30:10.073Z"}
{"level":"error","message":"Error: Unauthorized\n    at Object.rotateRefreshToken (D:\\code\\AthenaVI_backend\\src\\modules\\auth\\services\\auth.service.js:129:11)\n    at process.processTicksAndRejections (node:internal/process/task_queues:104:5)\n    at async D:\\code\\AthenaVI_backend\\src\\modules\\auth\\auth.controller.js:69:47","timestamp":"2026-05-25T04:30:10.202Z"}
{"level":"error","message":"Error: Unauthorized\n    at Object.rotateRefreshToken (D:\\code\\AthenaVI_backend\\src\\modules\\auth\\services\\auth.service.js:129:11)\n    at process.processTicksAndRejections (node:internal/process/task_queues:104:5)\n    at async D:\\code\\AthenaVI_backend\\src\\modules\\auth\\auth.controller.js:69:47","timestamp":"2026-05-25T04:30:10.326Z"}
{"level":"error","message":"Error: Unauthorized\n    at Object.rotateRefreshToken (D:\\code\\AthenaVI_backend\\src\\modules\\auth\\services\\auth.service.js:129:11)\n    at process.processTicksAndRejections (node:internal/process/task_queues:104:5)\n    at async D:\\code\\AthenaVI_backend\\src\\modules\\auth\\auth.controller.js:69:47","timestamp":"2026-05-25T04:30:10.437Z"}
{"level":"error","message":"Error: Unauthorized\n    at Object.rotateRefreshToken (D:\\code\\AthenaVI_backend\\src\\modules\\auth\\services\\auth.service.js:129:11)\n    at process.processTicksAndRejections (node:internal/process/task_queues:104:5)\n    at async D:\\code\\AthenaVI_backend\\src\\modules\\auth\\auth.controller.js:69:47","timestamp":"2026-05-25T04:30:10.505Z"}
{"level":"error","message":"Error: Unauthorized\n    at Object.rotateRefreshToken (D:\\code\\AthenaVI_backend\\src\\modules\\auth\\services\\auth.service.js:129:11)\n    at process.processTicksAndRejections (node:internal/process/task_queues:104:5)\n    at async D:\\code\\AthenaVI_backend\\src\\modules\\auth\\auth.controller.js:69:47","timestamp":"2026-05-25T04:30:10.627Z"}
{"level":"error","message":"Error: Unauthorized\n    at Object.rotateRefreshToken (D:\\code\\AthenaVI_backend\\src\\modules\\auth\\services\\auth.service.js:129:11)\n    at process.processTicksAndRejections (node:internal/process/task_queues:104:5)\n    at async D:\\code\\AthenaVI_backend\\src\\modules\\auth\\auth.controller.js:69:47","timestamp":"2026-05-25T04:30:10.728Z"}
{"level":"error","message":"Error: Unauthorized\n    at Object.rotateRefreshToken (D:\\code\\AthenaVI_backend\\src\\modules\\auth\\services\\auth.service.js:129:11)\n    at process.processTicksAndRejections (node:internal/process/task_queues:104:5)\n    at async D:\\code\\AthenaVI_backend\\src\\modules\\auth\\auth.controller.js:69:47","timestamp":"2026-05-25T04:30:10.840Z"}
{"level":"error","message":"Error: Unauthorized\n    at Object.rotateRefreshToken (D:\\code\\AthenaVI_backend\\src\\modules\\auth\\services\\auth.service.js:129:11)\n    at process.processTicksAndRejections (node:internal/process/task_queues:104:5)\n    at async D:\\code\\AthenaVI_backend\\src\\modules\\auth\\auth.controller.js:69:47","timestamp":"2026-05-25T04:30:10.918Z"}
{"level":"error","message":"Error: Unauthorized\n    at Object.rotateRefreshToken (D:\\code\\AthenaVI_backend\\src\\modules\\auth\\services\\auth.service.js:129:11)\n    at process.processTicksAndRejections (node:internal/process/task_queues:104:5)\n    at async D:\\code\\AthenaVI_backend\\src\\modules\\auth\\auth.controller.js:69:47","timestamp":"2026-05-25T04:30:11.026Z"}
{"level":"error","message":"Error: Unauthorized\n    at Object.rotateRefreshToken (D:\\code\\AthenaVI_backend\\src\\modules\\auth\\services\\auth.service.js:129:11)\n    at process.processTicksAndRejections (node:internal/process/task_queues:104:5)\n    at async D:\\code\\AthenaVI_backend\\src\\modules\\auth\\auth.controller.js:69:47","timestamp":"2026-05-25T04:30:11.191Z"}
{"level":"error","message":"Error: Unauthorized\n    at Object.rotateRefreshToken (D:\\code\\AthenaVI_backend\\src\\modules\\auth\\services\\auth.service.js:129:11)\n    at process.processTicksAndRejections (node:internal/process/task_queues:104:5)\n    at async D:\\code\\AthenaVI_backend\\src\\modules\\auth\\auth.controller.js:69:47","timestamp":"2026-05-25T04:30:11.277Z"}
{"level":"error","message":"Error: Unauthorized\n    at Object.rotateRefreshToken (D:\\code\\AthenaVI_backend\\src\\modules\\auth\\services\\auth.service.js:129:11)\n    at process.processTicksAndRejections (node:internal/process/task_queues:104:5)\n    at async D:\\code\\AthenaVI_backend\\src\\modules\\auth\\auth.controller.js:69:47","timestamp":"2026-05-25T04:30:11.375Z"}
{"level":"error","message":"Error: Unauthorized\n    at Object.rotateRefreshToken (D:\\code\\AthenaVI_backend\\src\\modules\\auth\\services\\auth.service.js:129:11)\n    at process.processTicksAndRejections (node:internal/process/task_queues:104:5)\n    at async D:\\code\\AthenaVI_backend\\src\\modules\\auth\\auth.controller.js:69:47","timestamp":"2026-05-25T04:30:11.458Z"}
{"level":"error","message":"Error: Unauthorized\n    at Object.rotateRefreshToken (D:\\code\\AthenaVI_backend\\src\\modules\\auth\\services\\auth.service.js:129:11)\n    at process.processTicksAndRejections (node:internal/process/task_queues:104:5)\n    at async D:\\code\\AthenaVI_backend\\src\\modules\\auth\\auth.controller.js:69:47","timestamp":"2026-05-25T04:30:11.540Z"}
{"level":"error","message":"Error: Unauthorized\n    at Object.rotateRefreshToken (D:\\code\\AthenaVI_backend\\src\\modules\\auth\\services\\auth.service.js:129:11)\n    at process.processTicksAndRejections (node:internal/process/task_queues:104:5)\n    at async D:\\code\\AthenaVI_backend\\src\\modules\\auth\\auth.controller.js:69:47","timestamp":"2026-05-25T04:30:11.628Z"}
{"level":"error","message":"Error: Unauthorized\n    at Object.rotateRefreshToken (D:\\code\\AthenaVI_backend\\src\\modules\\auth\\services\\auth.service.js:129:11)\n    at process.processTicksAndRejections (node:internal/process/task_queues:104:5)\n    at async D:\\code\\AthenaVI_backend\\src\\modules\\auth\\auth.controller.js:69:47","timestamp":"2026-05-25T04:30:11.717Z"}
{"level":"error","message":"Error: Unauthorized\n    at Object.rotateRefreshToken (D:\\code\\AthenaVI_backend\\src\\modules\\auth\\services\\auth.service.js:129:11)\n    at process.processTicksAndRejections (node:internal/process/task_queues:104:5)\n    at async D:\\code\\AthenaVI_backend\\src\\modules\\auth\\auth.controller.js:69:47","timestamp":"2026-05-25T04:30:11.805Z"}
{"level":"error","message":"Error: Unauthorized\n    at Object.rotateRefreshToken (D:\\code\\AthenaVI_backend\\src\\modules\\auth\\services\\auth.service.js:129:11)\n    at process.processTicksAndRejections (node:internal/process/task_queues:104:5)\n    at async D:\\code\\AthenaVI_backend\\src\\modules\\auth\\auth.controller.js:69:47","timestamp":"2026-05-25T04:30:11.907Z"}
{"level":"error","message":"Error: Unauthorized\n    at Object.rotateRefreshToken (D:\\code\\AthenaVI_backend\\src\\modules\\auth\\services\\auth.service.js:129:11)\n    at process.processTicksAndRejections (node:internal/process/task_queues:104:5)\n    at async D:\\code\\AthenaVI_backend\\src\\modules\\auth\\auth.controller.js:69:47","timestamp":"2026-05-25T04:30:12.019Z"}
{"level":"error","message":"Error: Unauthorized\n    at Object.rotateRefreshToken (D:\\code\\AthenaVI_backend\\src\\modules\\auth\\services\\auth.service.js:129:11)\n    at process.processTicksAndRejections (node:internal/process/task_queues:104:5)\n    at async D:\\code\\AthenaVI_backend\\src\\modules\\auth\\auth.controller.js:69:47","timestamp":"2026-05-25T04:30:12.150Z"}
{"level":"error","message":"Error: Unauthorized\n    at Object.rotateRefreshToken (D:\\code\\AthenaVI_backend\\src\\modules\\auth\\services\\auth.service.js:129:11)\n    at process.processTicksAndRejections (node:internal/process/task_queues:104:5)\n    at async D:\\code\\AthenaVI_backend\\src\\modules\\auth\\auth.controller.js:69:47","timestamp":"2026-05-25T04:30:12.228Z"}
{"level":"error","message":"Error: Unauthorized\n    at Object.rotateRefreshToken (D:\\code\\AthenaVI_backend\\src\\modules\\auth\\services\\auth.service.js:129:11)\n    at process.processTicksAndRejections (node:internal/process/task_queues:104:5)\n    at async D:\\code\\AthenaVI_backend\\src\\modules\\auth\\auth.controller.js:69:47","timestamp":"2026-05-25T04:30:12.330Z"}
{"level":"error","message":"Error: Unauthorized\n    at Object.rotateRefreshToken (D:\\code\\AthenaVI_backend\\src\\modules\\auth\\services\\auth.service.js:129:11)\n    at process.processTicksAndRejections (node:internal/process/task_queues:104:5)\n    at async D:\\code\\AthenaVI_backend\\src\\modules\\auth\\auth.controller.js:69:47","timestamp":"2026-05-25T04:30:12.422Z"}
{"level":"error","message":"Error: Unauthorized\n    at Object.rotateRefreshToken (D:\\code\\AthenaVI_backend\\src\\modules\\auth\\services\\auth.service.js:129:11)\n    at process.processTicksAndRejections (node:internal/process/task_queues:104:5)\n    at async D:\\code\\AthenaVI_backend\\src\\modules\\auth\\auth.controller.js:69:47","timestamp":"2026-05-25T04:30:12.526Z"}
{"level":"error","message":"Error: Unauthorized\n    at Object.rotateRefreshToken (D:\\code\\AthenaVI_backend\\src\\modules\\auth\\services\\auth.service.js:129:11)\n    at process.processTicksAndRejections (node:internal/process/task_queues:104:5)\n    at async D:\\code\\AthenaVI_backend\\src\\modules\\auth\\auth.controller.js:69:47","timestamp":"2026-05-25T04:30:12.605Z"}
{"level":"error","message":"Error: Unauthorized\n    at Object.rotateRefreshToken (D:\\code\\AthenaVI_backend\\src\\modules\\auth\\services\\auth.service.js:129:11)\n    at process.processTicksAndRejections (node:internal/process/task_queues:104:5)\n    at async D:\\code\\AthenaVI_backend\\src\\modules\\auth\\auth.controller.js:69:47","timestamp":"2026-05-25T04:30:12.684Z"}
{"level":"error","message":"Error: Unauthorized\n    at Object.rotateRefreshToken (D:\\code\\AthenaVI_backend\\src\\modules\\auth\\services\\auth.service.js:129:11)\n    at process.processTicksAndRejections (node:internal/process/task_queues:104:5)\n    at async D:\\code\\AthenaVI_backend\\src\\modules\\auth\\auth.controller.js:69:47","timestamp":"2026-05-25T04:30:12.774Z"}
{"level":"error","message":"Error: Unauthorized\n    at Object.rotateRefreshToken (D:\\code\\AthenaVI_backend\\src\\modules\\auth\\services\\auth.service.js:129:11)\n    at process.processTicksAndRejections (node:internal/process/task_queues:104:5)\n    at async D:\\code\\AthenaVI_backend\\src\\modules\\auth\\auth.controller.js:69:47","timestamp":"2026-05-25T04:30:12.855Z"}
{"level":"error","message":"Error: Unauthorized\n    at Object.rotateRefreshToken (D:\\code\\AthenaVI_backend\\src\\modules\\auth\\services\\auth.service.js:129:11)\n    at process.processTicksAndRejections (node:internal/process/task_queues:104:5)\n    at async D:\\code\\AthenaVI_backend\\src\\modules\\auth\\auth.controller.js:69:47","timestamp":"2026-05-25T04:30:12.948Z"}
{"level":"error","message":"Error: Unauthorized\n    at Object.rotateRefreshToken (D:\\code\\AthenaVI_backend\\src\\modules\\auth\\services\\auth.service.js:129:11)\n    at process.processTicksAndRejections (node:internal/process/task_queues:104:5)\n    at async D:\\code\\AthenaVI_backend\\src\\modules\\auth\\auth.controller.js:69:47","timestamp":"2026-05-25T04:30:13.028Z"}
{"level":"error","message":"Error: Unauthorized\n    at Object.rotateRefreshToken (D:\\code\\AthenaVI_backend\\src\\modules\\auth\\services\\auth.service.js:129:11)\n    at process.processTicksAndRejections (node:internal/process/task_queues:104:5)\n    at async D:\\code\\AthenaVI_backend\\src\\modules\\auth\\auth.controller.js:69:47","timestamp":"2026-05-25T04:30:13.115Z"}
{"level":"error","message":"Error: Unauthorized\n    at Object.rotateRefreshToken (D:\\code\\AthenaVI_backend\\src\\modules\\auth\\services\\auth.service.js:129:11)\n    at process.processTicksAndRejections (node:internal/process/task_queues:104:5)\n    at async D:\\code\\AthenaVI_backend\\src\\modules\\auth\\auth.controller.js:69:47","timestamp":"2026-05-25T04:30:13.206Z"}
{"level":"error","message":"Error: Unauthorized\n    at Object.rotateRefreshToken (D:\\code\\AthenaVI_backend\\src\\modules\\auth\\services\\auth.service.js:129:11)\n    at process.processTicksAndRejections (node:internal/process/task_queues:104:5)\n    at async D:\\code\\AthenaVI_backend\\src\\modules\\auth\\auth.controller.js:69:47","timestamp":"2026-05-25T04:30:13.283Z"}
{"level":"error","message":"Error: Unauthorized\n    at Object.rotateRefreshToken (D:\\code\\AthenaVI_backend\\src\\modules\\auth\\services\\auth.service.js:129:11)\n    at process.processTicksAndRejections (node:internal/process/task_queues:104:5)\n    at async D:\\code\\AthenaVI_backend\\src\\modules\\auth\\auth.controller.js:69:47","timestamp":"2026-05-25T04:30:13.375Z"}
{"level":"error","message":"Error: Unauthorized\n    at Object.rotateRefreshToken (D:\\code\\AthenaVI_backend\\src\\modules\\auth\\services\\auth.service.js:129:11)\n    at process.processTicksAndRejections (node:internal/process/task_queues:104:5)\n    at async D:\\code\\AthenaVI_backend\\src\\modules\\auth\\auth.controller.js:69:47","timestamp":"2026-05-25T04:30:13.477Z"}
{"level":"error","message":"Error: Unauthorized\n    at Object.rotateRefreshToken (D:\\code\\AthenaVI_backend\\src\\modules\\auth\\services\\auth.service.js:129:11)\n    at process.processTicksAndRejections (node:internal/process/task_queues:104:5)\n    at async D:\\code\\AthenaVI_backend\\src\\modules\\auth\\auth.controller.js:69:47","timestamp":"2026-05-25T04:30:13.565Z"}
{"level":"error","message":"Error: Unauthorized\n    at Object.rotateRefreshToken (D:\\code\\AthenaVI_backend\\src\\modules\\auth\\services\\auth.service.js:129:11)\n    at process.processTicksAndRejections (node:internal/process/task_queues:104:5)\n    at async D:\\code\\AthenaVI_backend\\src\\modules\\auth\\auth.controller.js:69:47","timestamp":"2026-05-25T04:30:13.649Z"}
{"level":"error","message":"Error: Unauthorized\n    at Object.rotateRefreshToken (D:\\code\\AthenaVI_backend\\src\\modules\\auth\\services\\auth.service.js:129:11)\n    at process.processTicksAndRejections (node:internal/process/task_queues:104:5)\n    at async D:\\code\\AthenaVI_backend\\src\\modules\\auth\\auth.controller.js:69:47","timestamp":"2026-05-25T04:30:13.729Z"}
{"level":"error","message":"Error: Unauthorized\n    at Object.rotateRefreshToken (D:\\code\\AthenaVI_backend\\src\\modules\\auth\\services\\auth.service.js:129:11)\n    at process.processTicksAndRejections (node:internal/process/task_queues:104:5)\n    at async D:\\code\\AthenaVI_backend\\src\\modules\\auth\\auth.controller.js:69:47","timestamp":"2026-05-25T04:30:13.816Z"}
{"level":"error","message":"Error: Unauthorized\n    at Object.rotateRefreshToken (D:\\code\\AthenaVI_backend\\src\\modules\\auth\\services\\auth.service.js:129:11)\n    at process.processTicksAndRejections (node:internal/process/task_queues:104:5)\n    at async D:\\code\\AthenaVI_backend\\src\\modules\\auth\\auth.controller.js:69:47","timestamp":"2026-05-25T04:30:13.897Z"}
{"level":"error","message":"Error: Unauthorized\n    at Object.rotateRefreshToken (D:\\code\\AthenaVI_backend\\src\\modules\\auth\\services\\auth.service.js:129:11)\n    at process.processTicksAndRejections (node:internal/process/task_queues:104:5)\n    at async D:\\code\\AthenaVI_backend\\src\\modules\\auth\\auth.controller.js:69:47","timestamp":"2026-05-25T04:30:13.975Z"}
{"level":"error","message":"Error: Unauthorized\n    at Object.rotateRefreshToken (D:\\code\\AthenaVI_backend\\src\\modules\\auth\\services\\auth.service.js:129:11)\n    at process.processTicksAndRejections (node:internal/process/task_queues:104:5)\n    at async D:\\code\\AthenaVI_backend\\src\\modules\\auth\\auth.controller.js:69:47","timestamp":"2026-05-25T04:30:14.067Z"}
{"level":"error","message":"Error: Unauthorized\n    at Object.rotateRefreshToken (D:\\code\\AthenaVI_backend\\src\\modules\\auth\\services\\auth.service.js:129:11)\n    at process.processTicksAndRejections (node:internal/process/task_queues:104:5)\n    at async D:\\code\\AthenaVI_backend\\src\\modules\\auth\\auth.controller.js:69:47","timestamp":"2026-05-25T04:30:14.139Z"}
{"level":"error","message":"Error: Unauthorized\n    at Object.rotateRefreshToken (D:\\code\\AthenaVI_backend\\src\\modules\\auth\\services\\auth.service.js:129:11)\n    at process.processTicksAndRejections (node:internal/process/task_queues:104:5)\n    at async D:\\code\\AthenaVI_backend\\src\\modules\\auth\\auth.controller.js:69:47","timestamp":"2026-05-25T04:30:14.238Z"}
{"level":"error","message":"Error: Unauthorized\n    at Object.rotateRefreshToken (D:\\code\\AthenaVI_backend\\src\\modules\\auth\\services\\auth.service.js:129:11)\n    at process.processTicksAndRejections (node:internal/process/task_queues:104:5)\n    at async D:\\code\\AthenaVI_backend\\src\\modules\\auth\\auth.controller.js:69:47","timestamp":"2026-05-25T04:30:14.318Z"}
{"level":"error","message":"Error: Unauthorized\n    at Object.rotateRefreshToken (D:\\code\\AthenaVI_backend\\src\\modules\\auth\\services\\auth.service.js:129:11)\n    at process.processTicksAndRejections (node:internal/process/task_queues:104:5)\n    at async D:\\code\\AthenaVI_backend\\src\\modules\\auth\\auth.controller.js:69:47","timestamp":"2026-05-25T04:30:14.390Z"}
{"level":"error","message":"Error: Unauthorized\n    at Object.rotateRefreshToken (D:\\code\\AthenaVI_backend\\src\\modules\\auth\\services\\auth.service.js:129:11)\n    at process.processTicksAndRejections (node:internal/process/task_queues:104:5)\n    at async D:\\code\\AthenaVI_backend\\src\\modules\\auth\\auth.controller.js:69:47","timestamp":"2026-05-25T04:30:14.465Z"}
{"level":"error","message":"Error: Unauthorized\n    at Object.rotateRefreshToken (D:\\code\\AthenaVI_backend\\src\\modules\\auth\\services\\auth.service.js:129:11)\n    at process.processTicksAndRejections (node:internal/process/task_queues:104:5)\n    at async D:\\code\\AthenaVI_backend\\src\\modules\\auth\\auth.controller.js:69:47","timestamp":"2026-05-25T04:30:14.540Z"}
{"level":"error","message":"Error: Unauthorized\n    at Object.rotateRefreshToken (D:\\code\\AthenaVI_backend\\src\\modules\\auth\\services\\auth.service.js:129:11)\n    at process.processTicksAndRejections (node:internal/process/task_queues:104:5)\n    at async D:\\code\\AthenaVI_backend\\src\\modules\\auth\\auth.controller.js:69:47","timestamp":"2026-05-25T04:30:14.644Z"}
{"level":"error","message":"Error: Unauthorized\n    at Object.rotateRefreshToken (D:\\code\\AthenaVI_backend\\src\\modules\\auth\\services\\auth.service.js:129:11)\n    at process.processTicksAndRejections (node:internal/process/task_queues:104:5)\n    at async D:\\code\\AthenaVI_backend\\src\\modules\\auth\\auth.controller.js:69:47","timestamp":"2026-05-25T04:30:14.734Z"}
{"level":"error","message":"Error: Unauthorized\n    at Object.rotateRefreshToken (D:\\code\\AthenaVI_backend\\src\\modules\\auth\\services\\auth.service.js:129:11)\n    at process.processTicksAndRejections (node:internal/process/task_queues:104:5)\n    at async D:\\code\\AthenaVI_backend\\src\\modules\\auth\\auth.controller.js:69:47","timestamp":"2026-05-25T04:30:14.822Z"}
{"level":"error","message":"Error: Unauthorized\n    at Object.rotateRefreshToken (D:\\code\\AthenaVI_backend\\src\\modules\\auth\\services\\auth.service.js:129:11)\n    at process.processTicksAndRejections (node:internal/process/task_queues:104:5)\n    at async D:\\code\\AthenaVI_backend\\src\\modules\\auth\\auth.controller.js:69:47","timestamp":"2026-05-25T04:30:14.907Z"}
{"level":"error","message":"Error: Unauthorized\n    at Object.rotateRefreshToken (D:\\code\\AthenaVI_backend\\src\\modules\\auth\\services\\auth.service.js:129:11)\n    at process.processTicksAndRejections (node:internal/process/task_queues:104:5)\n    at async D:\\code\\AthenaVI_backend\\src\\modules\\auth\\auth.controller.js:69:47","timestamp":"2026-05-25T04:30:15.054Z"}
{"level":"error","message":"Error: Unauthorized\n    at Object.rotateRefreshToken (D:\\code\\AthenaVI_backend\\src\\modules\\auth\\services\\auth.service.js:129:11)\n    at process.processTicksAndRejections (node:internal/process/task_queues:104:5)\n    at async D:\\code\\AthenaVI_backend\\src\\modules\\auth\\auth.controller.js:69:47","timestamp":"2026-05-25T04:30:15.133Z"}
{"level":"error","message":"Error: Unauthorized\n    at Object.rotateRefreshToken (D:\\code\\AthenaVI_backend\\src\\modules\\auth\\services\\auth.service.js:129:11)\n    at process.processTicksAndRejections (node:internal/process/task_queues:104:5)\n    at async D:\\code\\AthenaVI_backend\\src\\modules\\auth\\auth.controller.js:69:47","timestamp":"2026-05-25T04:30:15.205Z"}
{"level":"error","message":"Error: Unauthorized\n    at Object.rotateRefreshToken (D:\\code\\AthenaVI_backend\\src\\modules\\auth\\services\\auth.service.js:129:11)\n    at process.processTicksAndRejections (node:internal/process/task_queues:104:5)\n    at async D:\\code\\AthenaVI_backend\\src\\modules\\auth\\auth.controller.js:69:47","timestamp":"2026-05-25T04:30:15.306Z"}
{"level":"error","message":"Error: Unauthorized\n    at Object.rotateRefreshToken (D:\\code\\AthenaVI_backend\\src\\modules\\auth\\services\\auth.service.js:129:11)\n    at process.processTicksAndRejections (node:internal/process/task_queues:104:5)\n    at async D:\\code\\AthenaVI_backend\\src\\modules\\auth\\auth.controller.js:69:47","timestamp":"2026-05-25T04:30:15.413Z"}
{"level":"error","message":"Error: Unauthorized\n    at Object.rotateRefreshToken (D:\\code\\AthenaVI_backend\\src\\modules\\auth\\services\\auth.service.js:129:11)\n    at process.processTicksAndRejections (node:internal/process/task_queues:104:5)\n    at async D:\\code\\AthenaVI_backend\\src\\modules\\auth\\auth.controller.js:69:47","timestamp":"2026-05-25T04:30:15.532Z"}
{"level":"error","message":"Error: Unauthorized\n    at Object.rotateRefreshToken (D:\\code\\AthenaVI_backend\\src\\modules\\auth\\services\\auth.service.js:129:11)\n    at process.processTicksAndRejections (node:internal/process/task_queues:104:5)\n    at async D:\\code\\AthenaVI_backend\\src\\modules\\auth\\auth.controller.js:69:47","timestamp":"2026-05-25T04:30:15.639Z"}
{"level":"error","message":"Error: Unauthorized\n    at Object.rotateRefreshToken (D:\\code\\AthenaVI_backend\\src\\modules\\auth\\services\\auth.service.js:129:11)\n    at process.processTicksAndRejections (node:internal/process/task_queues:104:5)\n    at async D:\\code\\AthenaVI_backend\\src\\modules\\auth\\auth.controller.js:69:47","timestamp":"2026-05-25T04:30:15.774Z"}
{"level":"error","message":"Error: Unauthorized\n    at Object.rotateRefreshToken (D:\\code\\AthenaVI_backend\\src\\modules\\auth\\services\\auth.service.js:129:11)\n    at process.processTicksAndRejections (node:internal/process/task_queues:104:5)\n    at async D:\\code\\AthenaVI_backend\\src\\modules\\auth\\auth.controller.js:69:47","timestamp":"2026-05-25T04:30:15.881Z"}
{"level":"error","message":"Error: Unauthorized\n    at Object.rotateRefreshToken (D:\\code\\AthenaVI_backend\\src\\modules\\auth\\services\\auth.service.js:129:11)\n    at process.processTicksAndRejections (node:internal/process/task_queues:104:5)\n    at async D:\\code\\AthenaVI_backend\\src\\modules\\auth\\auth.controller.js:69:47","timestamp":"2026-05-25T04:30:16.042Z"}
{"level":"error","message":"Error: Unauthorized\n    at Object.rotateRefreshToken (D:\\code\\AthenaVI_backend\\src\\modules\\auth\\services\\auth.service.js:129:11)\n    at process.processTicksAndRejections (node:internal/process/task_queues:104:5)\n    at async D:\\code\\AthenaVI_backend\\src\\modules\\auth\\auth.controller.js:69:47","timestamp":"2026-05-25T04:30:16.158Z"}
{"level":"error","message":"Error: Unauthorized\n    at Object.rotateRefreshToken (D:\\code\\AthenaVI_backend\\src\\modules\\auth\\services\\auth.service.js:129:11)\n    at process.processTicksAndRejections (node:internal/process/task_queues:104:5)\n    at async D:\\code\\AthenaVI_backend\\src\\modules\\auth\\auth.controller.js:69:47","timestamp":"2026-05-25T04:30:16.437Z"}
{"level":"error","message":"Error: Unauthorized\n    at Object.rotateRefreshToken (D:\\code\\AthenaVI_backend\\src\\modules\\auth\\services\\auth.service.js:129:11)\n    at process.processTicksAndRejections (node:internal/process/task_queues:104:5)\n    at async D:\\code\\AthenaVI_backend\\src\\modules\\auth\\auth.controller.js:69:47","timestamp":"2026-05-25T04:30:16.732Z"}
{"level":"error","message":"Error: Unauthorized\n    at Object.rotateRefreshToken (D:\\code\\AthenaVI_backend\\src\\modules\\auth\\services\\auth.service.js:129:11)\n    at process.processTicksAndRejections (node:internal/process/task_queues:104:5)\n    at async D:\\code\\AthenaVI_backend\\src\\modules\\auth\\auth.controller.js:69:47","timestamp":"2026-05-25T04:30:16.879Z"}
{"level":"error","message":"Error: Unauthorized\n    at Object.rotateRefreshToken (D:\\code\\AthenaVI_backend\\src\\modules\\auth\\services\\auth.service.js:129:11)\n    at process.processTicksAndRejections (node:internal/process/task_queues:104:5)\n    at async D:\\code\\AthenaVI_backend\\src\\modules\\auth\\auth.controller.js:69:47","timestamp":"2026-05-25T04:30:17.154Z"}
{"level":"error","message":"Error: Unauthorized\n    at Object.rotateRefreshToken (D:\\code\\AthenaVI_backend\\src\\modules\\auth\\services\\auth.service.js:129:11)\n    at process.processTicksAndRejections (node:internal/process/task_queues:104:5)\n    at async D:\\code\\AthenaVI_backend\\src\\modules\\auth\\auth.controller.js:69:47","timestamp":"2026-05-25T04:30:17.335Z"}
{"level":"error","message":"Error: Unauthorized\n    at Object.rotateRefreshToken (D:\\code\\AthenaVI_backend\\src\\modules\\auth\\services\\auth.service.js:129:11)\n    at process.processTicksAndRejections (node:internal/process/task_queues:104:5)\n    at async D:\\code\\AthenaVI_backend\\src\\modules\\auth\\auth.controller.js:69:47","timestamp":"2026-05-25T04:30:17.540Z"}
{"level":"error","message":"Error: Unauthorized\n    at Object.rotateRefreshToken (D:\\code\\AthenaVI_backend\\src\\modules\\auth\\services\\auth.service.js:129:11)\n    at process.processTicksAndRejections (node:internal/process/task_queues:104:5)\n    at async D:\\code\\AthenaVI_backend\\src\\modules\\auth\\auth.controller.js:69:47","timestamp":"2026-05-25T04:30:17.648Z"}
{"level":"error","message":"Error: Unauthorized\n    at Object.rotateRefreshToken (D:\\code\\AthenaVI_backend\\src\\modules\\auth\\services\\auth.service.js:129:11)\n    at process.processTicksAndRejections (node:internal/process/task_queues:104:5)\n    at async D:\\code\\AthenaVI_backend\\src\\modules\\auth\\auth.controller.js:69:47","timestamp":"2026-05-25T04:30:17.733Z"}
{"level":"error","message":"Error: Unauthorized\n    at Object.rotateRefreshToken (D:\\code\\AthenaVI_backend\\src\\modules\\auth\\services\\auth.service.js:129:11)\n    at process.processTicksAndRejections (node:internal/process/task_queues:104:5)\n    at async D:\\code\\AthenaVI_backend\\src\\modules\\auth\\auth.controller.js:69:47","timestamp":"2026-05-25T04:30:17.914Z"}
{"level":"error","message":"Error: Unauthorized\n    at Object.rotateRefreshToken (D:\\code\\AthenaVI_backend\\src\\modules\\auth\\services\\auth.service.js:129:11)\n    at process.processTicksAndRejections (node:internal/process/task_queues:104:5)\n    at async D:\\code\\AthenaVI_backend\\src\\modules\\auth\\auth.controller.js:69:47","timestamp":"2026-05-25T04:30:18.030Z"}
{"level":"error","message":"Error: Unauthorized\n    at Object.rotateRefreshToken (D:\\code\\AthenaVI_backend\\src\\modules\\auth\\services\\auth.service.js:129:11)\n    at process.processTicksAndRejections (node:internal/process/task_queues:104:5)\n    at async D:\\code\\AthenaVI_backend\\src\\modules\\auth\\auth.controller.js:69:47","timestamp":"2026-05-25T04:30:18.375Z"}
{"level":"error","message":"Error: Unauthorized\n    at Object.rotateRefreshToken (D:\\code\\AthenaVI_backend\\src\\modules\\auth\\services\\auth.service.js:129:11)\n    at process.processTicksAndRejections (node:internal/process/task_queues:104:5)\n    at async D:\\code\\AthenaVI_backend\\src\\modules\\auth\\auth.controller.js:69:47","timestamp":"2026-05-25T04:30:18.478Z"}
{"level":"error","message":"Error: Unauthorized\n    at Object.rotateRefreshToken (D:\\code\\AthenaVI_backend\\src\\modules\\auth\\services\\auth.service.js:129:11)\n    at process.processTicksAndRejections (node:internal/process/task_queues:104:5)\n    at async D:\\code\\AthenaVI_backend\\src\\modules\\auth\\auth.controller.js:69:47","timestamp":"2026-05-25T04:30:18.584Z"}
{"level":"error","message":"Error: Unauthorized\n    at Object.rotateRefreshToken (D:\\code\\AthenaVI_backend\\src\\modules\\auth\\services\\auth.service.js:129:11)\n    at process.processTicksAndRejections (node:internal/process/task_queues:104:5)\n    at async D:\\code\\AthenaVI_backend\\src\\modules\\auth\\auth.controller.js:69:47","timestamp":"2026-05-25T04:30:18.679Z"}
{"level":"error","message":"Error: Unauthorized\n    at Object.rotateRefreshToken (D:\\code\\AthenaVI_backend\\src\\modules\\auth\\services\\auth.service.js:129:11)\n    at process.processTicksAndRejections (node:internal/process/task_queues:104:5)\n    at async D:\\code\\AthenaVI_backend\\src\\modules\\auth\\auth.controller.js:69:47","timestamp":"2026-05-25T04:30:18.769Z"}
{"level":"error","message":"Error: Unauthorized\n    at Object.rotateRefreshToken (D:\\code\\AthenaVI_backend\\src\\modules\\auth\\services\\auth.service.js:129:11)\n    at process.processTicksAndRejections (node:internal/process/task_queues:104:5)\n    at async D:\\code\\AthenaVI_backend\\src\\modules\\auth\\auth.controller.js:69:47","timestamp":"2026-05-25T04:30:18.857Z"}
{"level":"error","message":"Error: Unauthorized\n    at Object.rotateRefreshToken (D:\\code\\AthenaVI_backend\\src\\modules\\auth\\services\\auth.service.js:129:11)\n    at process.processTicksAndRejections (node:internal/process/task_queues:104:5)\n    at async D:\\code\\AthenaVI_backend\\src\\modules\\auth\\auth.controller.js:69:47","timestamp":"2026-05-25T04:30:18.968Z"}
{"level":"error","message":"Error: Unauthorized\n    at Object.rotateRefreshToken (D:\\code\\AthenaVI_backend\\src\\modules\\auth\\services\\auth.service.js:129:11)\n    at process.processTicksAndRejections (node:internal/process/task_queues:104:5)\n    at async D:\\code\\AthenaVI_backend\\src\\modules\\auth\\auth.controller.js:69:47","timestamp":"2026-05-25T04:30:19.082Z"}
{"level":"error","message":"Error: Unauthorized\n    at Object.rotateRefreshToken (D:\\code\\AthenaVI_backend\\src\\modules\\auth\\services\\auth.service.js:129:11)\n    at process.processTicksAndRejections (node:internal/process/task_queues:104:5)\n    at async D:\\code\\AthenaVI_backend\\src\\modules\\auth\\auth.controller.js:69:47","timestamp":"2026-05-25T04:30:19.203Z"}
{"level":"error","message":"Error: Unauthorized\n    at Object.rotateRefreshToken (D:\\code\\AthenaVI_backend\\src\\modules\\auth\\services\\auth.service.js:129:11)\n    at process.processTicksAndRejections (node:internal/process/task_queues:104:5)\n    at async D:\\code\\AthenaVI_backend\\src\\modules\\auth\\auth.controller.js:69:47","timestamp":"2026-05-25T04:30:19.319Z"}
{"level":"error","message":"Error: Unauthorized\n    at Object.rotateRefreshToken (D:\\code\\AthenaVI_backend\\src\\modules\\auth\\services\\auth.service.js:129:11)\n    at process.processTicksAndRejections (node:internal/process/task_queues:104:5)\n    at async D:\\code\\AthenaVI_backend\\src\\modules\\auth\\auth.controller.js:69:47","timestamp":"2026-05-25T04:30:19.429Z"}
{"level":"error","message":"Error: Unauthorized\n    at Object.rotateRefreshToken (D:\\code\\AthenaVI_backend\\src\\modules\\auth\\services\\auth.service.js:129:11)\n    at process.processTicksAndRejections (node:internal/process/task_queues:104:5)\n    at async D:\\code\\AthenaVI_backend\\src\\modules\\auth\\auth.controller.js:69:47","timestamp":"2026-05-25T04:30:19.587Z"}
{"level":"error","message":"Error: Unauthorized\n    at Object.rotateRefreshToken (D:\\code\\AthenaVI_backend\\src\\modules\\auth\\services\\auth.service.js:129:11)\n    at process.processTicksAndRejections (node:internal/process/task_queues:104:5)\n    at async D:\\code\\AthenaVI_backend\\src\\modules\\auth\\auth.controller.js:69:47","timestamp":"2026-05-25T04:30:19.693Z"}
{"level":"error","message":"Error: Unauthorized\n    at Object.rotateRefreshToken (D:\\code\\AthenaVI_backend\\src\\modules\\auth\\services\\auth.service.js:129:11)\n    at process.processTicksAndRejections (node:internal/process/task_queues:104:5)\n    at async D:\\code\\AthenaVI_backend\\src\\modules\\auth\\auth.controller.js:69:47","timestamp":"2026-05-25T04:30:19.765Z"}
{"level":"error","message":"Error: Unauthorized\n    at Object.rotateRefreshToken (D:\\code\\AthenaVI_backend\\src\\modules\\auth\\services\\auth.service.js:129:11)\n    at process.processTicksAndRejections (node:internal/process/task_queues:104:5)\n    at async D:\\code\\AthenaVI_backend\\src\\modules\\auth\\auth.controller.js:69:47","timestamp":"2026-05-25T04:30:19.857Z"}
{"level":"error","message":"Error: Unauthorized\n    at Object.rotateRefreshToken (D:\\code\\AthenaVI_backend\\src\\modules\\auth\\services\\auth.service.js:129:11)\n    at process.processTicksAndRejections (node:internal/process/task_queues:104:5)\n    at async D:\\code\\AthenaVI_backend\\src\\modules\\auth\\auth.controller.js:69:47","timestamp":"2026-05-25T04:30:19.965Z"}
{"level":"error","message":"Error: Unauthorized\n    at Object.rotateRefreshToken (D:\\code\\AthenaVI_backend\\src\\modules\\auth\\services\\auth.service.js:129:11)\n    at process.processTicksAndRejections (node:internal/process/task_queues:104:5)\n    at async D:\\code\\AthenaVI_backend\\src\\modules\\auth\\auth.controller.js:69:47","timestamp":"2026-05-25T04:30:20.090Z"}
{"level":"error","message":"Error: Unauthorized\n    at Object.rotateRefreshToken (D:\\code\\AthenaVI_backend\\src\\modules\\auth\\services\\auth.service.js:129:11)\n    at process.processTicksAndRejections (node:internal/process/task_queues:104:5)\n    at async D:\\code\\AthenaVI_backend\\src\\modules\\auth\\auth.controller.js:69:47","timestamp":"2026-05-25T04:30:20.191Z"}
{"level":"error","message":"Error: Unauthorized\n    at Object.rotateRefreshToken (D:\\code\\AthenaVI_backend\\src\\modules\\auth\\services\\auth.service.js:129:11)\n    at process.processTicksAndRejections (node:internal/process/task_queues:104:5)\n    at async D:\\code\\AthenaVI_backend\\src\\modules\\auth\\auth.controller.js:69:47","timestamp":"2026-05-25T04:30:20.360Z"}
{"level":"error","message":"Error: Unauthorized\n    at Object.rotateRefreshToken (D:\\code\\AthenaVI_backend\\src\\modules\\auth\\services\\auth.service.js:129:11)\n    at process.processTicksAndRejections (node:internal/process/task_queues:104:5)\n    at async D:\\code\\AthenaVI_backend\\src\\modules\\auth\\auth.controller.js:69:47","timestamp":"2026-05-25T04:30:20.501Z"}
{"level":"error","message":"Error: Unauthorized\n    at Object.rotateRefreshToken (D:\\code\\AthenaVI_backend\\src\\modules\\auth\\services\\auth.service.js:129:11)\n    at process.processTicksAndRejections (node:internal/process/task_queues:104:5)\n    at async D:\\code\\AthenaVI_backend\\src\\modules\\auth\\auth.controller.js:69:47","timestamp":"2026-05-25T04:30:20.630Z"}
{"level":"error","message":"Error: Unauthorized\n    at Object.rotateRefreshToken (D:\\code\\AthenaVI_backend\\src\\modules\\auth\\services\\auth.service.js:129:11)\n    at process.processTicksAndRejections (node:internal/process/task_queues:104:5)\n    at async D:\\code\\AthenaVI_backend\\src\\modules\\auth\\auth.controller.js:69:47","timestamp":"2026-05-25T04:30:20.754Z"}
{"level":"error","message":"Error: Unauthorized\n    at Object.rotateRefreshToken (D:\\code\\AthenaVI_backend\\src\\modules\\auth\\services\\auth.service.js:129:11)\n    at process.processTicksAndRejections (node:internal/process/task_queues:104:5)\n    at async D:\\code\\AthenaVI_backend\\src\\modules\\auth\\auth.controller.js:69:47","timestamp":"2026-05-25T04:30:20.855Z"}
{"level":"error","message":"Error: Unauthorized\n    at Object.rotateRefreshToken (D:\\code\\AthenaVI_backend\\src\\modules\\auth\\services\\auth.service.js:129:11)\n    at process.processTicksAndRejections (node:internal/process/task_queues:104:5)\n    at async D:\\code\\AthenaVI_backend\\src\\modules\\auth\\auth.controller.js:69:47","timestamp":"2026-05-25T04:30:21.023Z"}
{"level":"error","message":"Error: Unauthorized\n    at Object.rotateRefreshToken (D:\\code\\AthenaVI_backend\\src\\modules\\auth\\services\\auth.service.js:129:11)\n    at process.processTicksAndRejections (node:internal/process/task_queues:104:5)\n    at async D:\\code\\AthenaVI_backend\\src\\modules\\auth\\auth.controller.js:69:47","timestamp":"2026-05-25T04:30:21.113Z"}
{"level":"error","message":"Error: Unauthorized\n    at Object.rotateRefreshToken (D:\\code\\AthenaVI_backend\\src\\modules\\auth\\services\\auth.service.js:129:11)\n    at process.processTicksAndRejections (node:internal/process/task_queues:104:5)\n    at async D:\\code\\AthenaVI_backend\\src\\modules\\auth\\auth.controller.js:69:47","timestamp":"2026-05-25T04:30:21.187Z"}
{"level":"error","message":"Error: Unauthorized\n    at Object.rotateRefreshToken (D:\\code\\AthenaVI_backend\\src\\modules\\auth\\services\\auth.service.js:129:11)\n    at process.processTicksAndRejections (node:internal/process/task_queues:104:5)\n    at async D:\\code\\AthenaVI_backend\\src\\modules\\auth\\auth.controller.js:69:47","timestamp":"2026-05-25T04:30:21.261Z"}
{"level":"error","message":"Error: Unauthorized\n    at Object.rotateRefreshToken (D:\\code\\AthenaVI_backend\\src\\modules\\auth\\services\\auth.service.js:129:11)\n    at process.processTicksAndRejections (node:internal/process/task_queues:104:5)\n    at async D:\\code\\AthenaVI_backend\\src\\modules\\auth\\auth.controller.js:69:47","timestamp":"2026-05-25T04:30:21.334Z"}
{"level":"error","message":"Error: Unauthorized\n    at Object.rotateRefreshToken (D:\\code\\AthenaVI_backend\\src\\modules\\auth\\services\\auth.service.js:129:11)\n    at process.processTicksAndRejections (node:internal/process/task_queues:104:5)\n    at async D:\\code\\AthenaVI_backend\\src\\modules\\auth\\auth.controller.js:69:47","timestamp":"2026-05-25T04:30:21.405Z"}
{"level":"error","message":"Error: Unauthorized\n    at Object.rotateRefreshToken (D:\\code\\AthenaVI_backend\\src\\modules\\auth\\services\\auth.service.js:129:11)\n    at process.processTicksAndRejections (node:internal/process/task_queues:104:5)\n    at async D:\\code\\AthenaVI_backend\\src\\modules\\auth\\auth.controller.js:69:47","timestamp":"2026-05-25T04:30:21.482Z"}
{"level":"error","message":"Error: Unauthorized\n    at Object.rotateRefreshToken (D:\\code\\AthenaVI_backend\\src\\modules\\auth\\services\\auth.service.js:129:11)\n    at process.processTicksAndRejections (node:internal/process/task_queues:104:5)\n    at async D:\\code\\AthenaVI_backend\\src\\modules\\auth\\auth.controller.js:69:47","timestamp":"2026-05-25T04:30:21.556Z"}
{"level":"error","message":"Error: Unauthorized\n    at Object.rotateRefreshToken (D:\\code\\AthenaVI_backend\\src\\modules\\auth\\services\\auth.service.js:129:11)\n    at process.processTicksAndRejections (node:internal/process/task_queues:104:5)\n    at async D:\\code\\AthenaVI_backend\\src\\modules\\auth\\auth.controller.js:69:47","timestamp":"2026-05-25T04:30:21.629Z"}
{"level":"error","message":"Error: Unauthorized\n    at Object.rotateRefreshToken (D:\\code\\AthenaVI_backend\\src\\modules\\auth\\services\\auth.service.js:129:11)\n    at process.processTicksAndRejections (node:internal/process/task_queues:104:5)\n    at async D:\\code\\AthenaVI_backend\\src\\modules\\auth\\auth.controller.js:69:47","timestamp":"2026-05-25T04:30:21.719Z"}
{"level":"error","message":"Error: Unauthorized\n    at Object.rotateRefreshToken (D:\\code\\AthenaVI_backend\\src\\modules\\auth\\services\\auth.service.js:129:11)\n    at process.processTicksAndRejections (node:internal/process/task_queues:104:5)\n    at async D:\\code\\AthenaVI_backend\\src\\modules\\auth\\auth.controller.js:69:47","timestamp":"2026-05-25T04:30:21.788Z"}
{"level":"error","message":"Error: Unauthorized\n    at Object.rotateRefreshToken (D:\\code\\AthenaVI_backend\\src\\modules\\auth\\services\\auth.service.js:129:11)\n    at process.processTicksAndRejections (node:internal/process/task_queues:104:5)\n    at async D:\\code\\AthenaVI_backend\\src\\modules\\auth\\auth.controller.js:69:47","timestamp":"2026-05-25T04:30:21.869Z"}
{"level":"error","message":"Error: Unauthorized\n    at Object.rotateRefreshToken (D:\\code\\AthenaVI_backend\\src\\modules\\auth\\services\\auth.service.js:129:11)\n    at process.processTicksAndRejections (node:internal/process/task_queues:104:5)\n    at async D:\\code\\AthenaVI_backend\\src\\modules\\auth\\auth.controller.js:69:47","timestamp":"2026-05-25T04:30:21.938Z"}
{"level":"error","message":"Error: Unauthorized\n    at Object.rotateRefreshToken (D:\\code\\AthenaVI_backend\\src\\modules\\auth\\services\\auth.service.js:129:11)\n    at process.processTicksAndRejections (node:internal/process/task_queues:104:5)\n    at async D:\\code\\AthenaVI_backend\\src\\modules\\auth\\auth.controller.js:69:47","timestamp":"2026-05-25T04:30:22.014Z"}
{"level":"error","message":"Error: Unauthorized\n    at Object.rotateRefreshToken (D:\\code\\AthenaVI_backend\\src\\modules\\auth\\services\\auth.service.js:129:11)\n    at process.processTicksAndRejections (node:internal/process/task_queues:104:5)\n    at async D:\\code\\AthenaVI_backend\\src\\modules\\auth\\auth.controller.js:69:47","timestamp":"2026-05-25T04:30:22.082Z"}
{"level":"error","message":"Error: Unauthorized\n    at Object.rotateRefreshToken (D:\\code\\AthenaVI_backend\\src\\modules\\auth\\services\\auth.service.js:129:11)\n    at process.processTicksAndRejections (node:internal/process/task_queues:104:5)\n    at async D:\\code\\AthenaVI_backend\\src\\modules\\auth\\auth.controller.js:69:47","timestamp":"2026-05-25T04:30:22.155Z"}
{"level":"error","message":"Error: Unauthorized\n    at Object.rotateRefreshToken (D:\\code\\AthenaVI_backend\\src\\modules\\auth\\services\\auth.service.js:129:11)\n    at process.processTicksAndRejections (node:internal/process/task_queues:104:5)\n    at async D:\\code\\AthenaVI_backend\\src\\modules\\auth\\auth.controller.js:69:47","timestamp":"2026-05-25T04:30:22.223Z"}
{"level":"error","message":"Error: Unauthorized\n    at Object.rotateRefreshToken (D:\\code\\AthenaVI_backend\\src\\modules\\auth\\services\\auth.service.js:129:11)\n    at process.processTicksAndRejections (node:internal/process/task_queues:104:5)\n    at async D:\\code\\AthenaVI_backend\\src\\modules\\auth\\auth.controller.js:69:47","timestamp":"2026-05-25T04:30:22.297Z"}
{"level":"error","message":"Error: Unauthorized\n    at Object.rotateRefreshToken (D:\\code\\AthenaVI_backend\\src\\modules\\auth\\services\\auth.service.js:129:11)\n    at process.processTicksAndRejections (node:internal/process/task_queues:104:5)\n    at async D:\\code\\AthenaVI_backend\\src\\modules\\auth\\auth.controller.js:69:47","timestamp":"2026-05-25T04:30:22.372Z"}
{"level":"error","message":"Error: Unauthorized\n    at Object.rotateRefreshToken (D:\\code\\AthenaVI_backend\\src\\modules\\auth\\services\\auth.service.js:129:11)\n    at process.processTicksAndRejections (node:internal/process/task_queues:104:5)\n    at async D:\\code\\AthenaVI_backend\\src\\modules\\auth\\auth.controller.js:69:47","timestamp":"2026-05-25T04:30:22.450Z"}
{"level":"error","message":"Error: Unauthorized\n    at Object.rotateRefreshToken (D:\\code\\AthenaVI_backend\\src\\modules\\auth\\services\\auth.service.js:129:11)\n    at process.processTicksAndRejections (node:internal/process/task_queues:104:5)\n    at async D:\\code\\AthenaVI_backend\\src\\modules\\auth\\auth.controller.js:69:47","timestamp":"2026-05-25T04:30:22.521Z"}
{"level":"error","message":"Error: Unauthorized\n    at Object.rotateRefreshToken (D:\\code\\AthenaVI_backend\\src\\modules\\auth\\services\\auth.service.js:129:11)\n    at process.processTicksAndRejections (node:internal/process/task_queues:104:5)\n    at async D:\\code\\AthenaVI_backend\\src\\modules\\auth\\auth.controller.js:69:47","timestamp":"2026-05-25T04:30:22.594Z"}
{"level":"error","message":"Error: Unauthorized\n    at Object.rotateRefreshToken (D:\\code\\AthenaVI_backend\\src\\modules\\auth\\services\\auth.service.js:129:11)\n    at process.processTicksAndRejections (node:internal/process/task_queues:104:5)\n    at async D:\\code\\AthenaVI_backend\\src\\modules\\auth\\auth.controller.js:69:47","timestamp":"2026-05-25T04:30:22.668Z"}
{"level":"error","message":"Error: Unauthorized\n    at Object.rotateRefreshToken (D:\\code\\AthenaVI_backend\\src\\modules\\auth\\services\\auth.service.js:129:11)\n    at process.processTicksAndRejections (node:internal/process/task_queues:104:5)\n    at async D:\\code\\AthenaVI_backend\\src\\modules\\auth\\auth.controller.js:69:47","timestamp":"2026-05-25T04:30:22.737Z"}
{"level":"error","message":"Error: Unauthorized\n    at Object.rotateRefreshToken (D:\\code\\AthenaVI_backend\\src\\modules\\auth\\services\\auth.service.js:129:11)\n    at process.processTicksAndRejections (node:internal/process/task_queues:104:5)\n    at async D:\\code\\AthenaVI_backend\\src\\modules\\auth\\auth.controller.js:69:47","timestamp":"2026-05-25T04:30:22.807Z"}
{"level":"error","message":"Error: Unauthorized\n    at Object.rotateRefreshToken (D:\\code\\AthenaVI_backend\\src\\modules\\auth\\services\\auth.service.js:129:11)\n    at process.processTicksAndRejections (node:internal/process/task_queues:104:5)\n    at async D:\\code\\AthenaVI_backend\\src\\modules\\auth\\auth.controller.js:69:47","timestamp":"2026-05-25T04:30:22.878Z"}
{"level":"error","message":"Error: Unauthorized\n    at Object.rotateRefreshToken (D:\\code\\AthenaVI_backend\\src\\modules\\auth\\services\\auth.service.js:129:11)\n    at process.processTicksAndRejections (node:internal/process/task_queues:104:5)\n    at async D:\\code\\AthenaVI_backend\\src\\modules\\auth\\auth.controller.js:69:47","timestamp":"2026-05-25T04:30:22.950Z"}
{"level":"error","message":"Error: Unauthorized\n    at Object.rotateRefreshToken (D:\\code\\AthenaVI_backend\\src\\modules\\auth\\services\\auth.service.js:129:11)\n    at process.processTicksAndRejections (node:internal/process/task_queues:104:5)\n    at async D:\\code\\AthenaVI_backend\\src\\modules\\auth\\auth.controller.js:69:47","timestamp":"2026-05-25T04:30:23.062Z"}
{"level":"error","message":"Error: Unauthorized\n    at Object.rotateRefreshToken (D:\\code\\AthenaVI_backend\\src\\modules\\auth\\services\\auth.service.js:129:11)\n    at process.processTicksAndRejections (node:internal/process/task_queues:104:5)\n    at async D:\\code\\AthenaVI_backend\\src\\modules\\auth\\auth.controller.js:69:47","timestamp":"2026-05-25T04:30:23.164Z"}
{"level":"error","message":"Error: Unauthorized\n    at Object.rotateRefreshToken (D:\\code\\AthenaVI_backend\\src\\modules\\auth\\services\\auth.service.js:129:11)\n    at process.processTicksAndRejections (node:internal/process/task_queues:104:5)\n    at async D:\\code\\AthenaVI_backend\\src\\modules\\auth\\auth.controller.js:69:47","timestamp":"2026-05-25T04:30:23.270Z"}
{"level":"error","message":"Error: Unauthorized\n    at Object.rotateRefreshToken (D:\\code\\AthenaVI_backend\\src\\modules\\auth\\services\\auth.service.js:129:11)\n    at process.processTicksAndRejections (node:internal/process/task_queues:104:5)\n    at async D:\\code\\AthenaVI_backend\\src\\modules\\auth\\auth.controller.js:69:47","timestamp":"2026-05-25T04:30:23.386Z"}
{"level":"error","message":"Error: Unauthorized\n    at Object.rotateRefreshToken (D:\\code\\AthenaVI_backend\\src\\modules\\auth\\services\\auth.service.js:129:11)\n    at process.processTicksAndRejections (node:internal/process/task_queues:104:5)\n    at async D:\\code\\AthenaVI_backend\\src\\modules\\auth\\auth.controller.js:69:47","timestamp":"2026-05-25T04:30:23.463Z"}
{"level":"error","message":"Error: Unauthorized\n    at Object.rotateRefreshToken (D:\\code\\AthenaVI_backend\\src\\modules\\auth\\services\\auth.service.js:129:11)\n    at process.processTicksAndRejections (node:internal/process/task_queues:104:5)\n    at async D:\\code\\AthenaVI_backend\\src\\modules\\auth\\auth.controller.js:69:47","timestamp":"2026-05-25T04:30:23.582Z"}
{"level":"error","message":"Error: Unauthorized\n    at Object.rotateRefreshToken (D:\\code\\AthenaVI_backend\\src\\modules\\auth\\services\\auth.service.js:129:11)\n    at process.processTicksAndRejections (node:internal/process/task_queues:104:5)\n    at async D:\\code\\AthenaVI_backend\\src\\modules\\auth\\auth.controller.js:69:47","timestamp":"2026-05-25T04:30:23.657Z"}
{"level":"error","message":"Error: Unauthorized\n    at Object.rotateRefreshToken (D:\\code\\AthenaVI_backend\\src\\modules\\auth\\services\\auth.service.js:129:11)\n    at process.processTicksAndRejections (node:internal/process/task_queues:104:5)\n    at async D:\\code\\AthenaVI_backend\\src\\modules\\auth\\auth.controller.js:69:47","timestamp":"2026-05-25T04:30:23.752Z"}
{"level":"error","message":"Error: Unauthorized\n    at Object.rotateRefreshToken (D:\\code\\AthenaVI_backend\\src\\modules\\auth\\services\\auth.service.js:129:11)\n    at process.processTicksAndRejections (node:internal/process/task_queues:104:5)\n    at async D:\\code\\AthenaVI_backend\\src\\modules\\auth\\auth.controller.js:69:47","timestamp":"2026-05-25T04:30:23.849Z"}
{"level":"error","message":"Error: Unauthorized\n    at Object.rotateRefreshToken (D:\\code\\AthenaVI_backend\\src\\modules\\auth\\services\\auth.service.js:129:11)\n    at process.processTicksAndRejections (node:internal/process/task_queues:104:5)\n    at async D:\\code\\AthenaVI_backend\\src\\modules\\auth\\auth.controller.js:69:47","timestamp":"2026-05-25T04:30:23.931Z"}
{"level":"error","message":"Error: Unauthorized\n    at Object.rotateRefreshToken (D:\\code\\AthenaVI_backend\\src\\modules\\auth\\services\\auth.service.js:129:11)\n    at process.processTicksAndRejections (node:internal/process/task_queues:104:5)\n    at async D:\\code\\AthenaVI_backend\\src\\modules\\auth\\auth.controller.js:69:47","timestamp":"2026-05-25T04:30:24.026Z"}
{"level":"error","message":"Error: Unauthorized\n    at Object.rotateRefreshToken (D:\\code\\AthenaVI_backend\\src\\modules\\auth\\services\\auth.service.js:129:11)\n    at process.processTicksAndRejections (node:internal/process/task_queues:104:5)\n    at async D:\\code\\AthenaVI_backend\\src\\modules\\auth\\auth.controller.js:69:47","timestamp":"2026-05-25T04:30:24.113Z"}
{"level":"error","message":"Error: Unauthorized\n    at Object.rotateRefreshToken (D:\\code\\AthenaVI_backend\\src\\modules\\auth\\services\\auth.service.js:129:11)\n    at process.processTicksAndRejections (node:internal/process/task_queues:104:5)\n    at async D:\\code\\AthenaVI_backend\\src\\modules\\auth\\auth.controller.js:69:47","timestamp":"2026-05-25T04:30:24.206Z"}
{"level":"error","message":"Error: Unauthorized\n    at Object.rotateRefreshToken (D:\\code\\AthenaVI_backend\\src\\modules\\auth\\services\\auth.service.js:129:11)\n    at process.processTicksAndRejections (node:internal/process/task_queues:104:5)\n    at async D:\\code\\AthenaVI_backend\\src\\modules\\auth\\auth.controller.js:69:47","timestamp":"2026-05-25T04:30:24.290Z"}
{"level":"error","message":"Error: Unauthorized\n    at Object.rotateRefreshToken (D:\\code\\AthenaVI_backend\\src\\modules\\auth\\services\\auth.service.js:129:11)\n    at process.processTicksAndRejections (node:internal/process/task_queues:104:5)\n    at async D:\\code\\AthenaVI_backend\\src\\modules\\auth\\auth.controller.js:69:47","timestamp":"2026-05-25T04:30:24.405Z"}
{"level":"error","message":"Error: Unauthorized\n    at Object.rotateRefreshToken (D:\\code\\AthenaVI_backend\\src\\modules\\auth\\services\\auth.service.js:129:11)\n    at process.processTicksAndRejections (node:internal/process/task_queues:104:5)\n    at async D:\\code\\AthenaVI_backend\\src\\modules\\auth\\auth.controller.js:69:47","timestamp":"2026-05-25T04:30:24.500Z"}
{"level":"error","message":"Error: Unauthorized\n    at Object.rotateRefreshToken (D:\\code\\AthenaVI_backend\\src\\modules\\auth\\services\\auth.service.js:129:11)\n    at process.processTicksAndRejections (node:internal/process/task_queues:104:5)\n    at async D:\\code\\AthenaVI_backend\\src\\modules\\auth\\auth.controller.js:69:47","timestamp":"2026-05-25T04:30:24.596Z"}
{"level":"error","message":"Error: Unauthorized\n    at Object.rotateRefreshToken (D:\\code\\AthenaVI_backend\\src\\modules\\auth\\services\\auth.service.js:129:11)\n    at process.processTicksAndRejections (node:internal/process/task_queues:104:5)\n    at async D:\\code\\AthenaVI_backend\\src\\modules\\auth\\auth.controller.js:69:47","timestamp":"2026-05-25T04:30:24.695Z"}
{"level":"error","message":"Error: Unauthorized\n    at Object.rotateRefreshToken (D:\\code\\AthenaVI_backend\\src\\modules\\auth\\services\\auth.service.js:129:11)\n    at process.processTicksAndRejections (node:internal/process/task_queues:104:5)\n    at async D:\\code\\AthenaVI_backend\\src\\modules\\auth\\auth.controller.js:69:47","timestamp":"2026-05-25T04:30:24.795Z"}
{"level":"error","message":"Error: Unauthorized\n    at Object.rotateRefreshToken (D:\\code\\AthenaVI_backend\\src\\modules\\auth\\services\\auth.service.js:129:11)\n    at process.processTicksAndRejections (node:internal/process/task_queues:104:5)\n    at async D:\\code\\AthenaVI_backend\\src\\modules\\auth\\auth.controller.js:69:47","timestamp":"2026-05-25T04:30:24.888Z"}
{"level":"error","message":"Error: Unauthorized\n    at Object.rotateRefreshToken (D:\\code\\AthenaVI_backend\\src\\modules\\auth\\services\\auth.service.js:129:11)\n    at process.processTicksAndRejections (node:internal/process/task_queues:104:5)\n    at async D:\\code\\AthenaVI_backend\\src\\modules\\auth\\auth.controller.js:69:47","timestamp":"2026-05-25T04:30:24.981Z"}
{"level":"error","message":"Error: Unauthorized\n    at Object.rotateRefreshToken (D:\\code\\AthenaVI_backend\\src\\modules\\auth\\services\\auth.service.js:129:11)\n    at process.processTicksAndRejections (node:internal/process/task_queues:104:5)\n    at async D:\\code\\AthenaVI_backend\\src\\modules\\auth\\auth.controller.js:69:47","timestamp":"2026-05-25T04:30:25.113Z"}
{"level":"error","message":"Error: Unauthorized\n    at Object.rotateRefreshToken (D:\\code\\AthenaVI_backend\\src\\modules\\auth\\services\\auth.service.js:129:11)\n    at process.processTicksAndRejections (node:internal/process/task_queues:104:5)\n    at async D:\\code\\AthenaVI_backend\\src\\modules\\auth\\auth.controller.js:69:47","timestamp":"2026-05-25T04:30:25.196Z"}
{"level":"error","message":"Error: Unauthorized\n    at Object.rotateRefreshToken (D:\\code\\AthenaVI_backend\\src\\modules\\auth\\services\\auth.service.js:129:11)\n    at process.processTicksAndRejections (node:internal/process/task_queues:104:5)\n    at async D:\\code\\AthenaVI_backend\\src\\modules\\auth\\auth.controller.js:69:47","timestamp":"2026-05-25T04:30:25.287Z"}
{"level":"error","message":"Error: Unauthorized\n    at Object.rotateRefreshToken (D:\\code\\AthenaVI_backend\\src\\modules\\auth\\services\\auth.service.js:129:11)\n    at process.processTicksAndRejections (node:internal/process/task_queues:104:5)\n    at async D:\\code\\AthenaVI_backend\\src\\modules\\auth\\auth.controller.js:69:47","timestamp":"2026-05-25T04:30:25.390Z"}
{"level":"error","message":"Error: Unauthorized\n    at Object.rotateRefreshToken (D:\\code\\AthenaVI_backend\\src\\modules\\auth\\services\\auth.service.js:129:11)\n    at process.processTicksAndRejections (node:internal/process/task_queues:104:5)\n    at async D:\\code\\AthenaVI_backend\\src\\modules\\auth\\auth.controller.js:69:47","timestamp":"2026-05-25T04:30:25.537Z"}
{"level":"error","message":"Error: Unauthorized\n    at Object.rotateRefreshToken (D:\\code\\AthenaVI_backend\\src\\modules\\auth\\services\\auth.service.js:129:11)\n    at process.processTicksAndRejections (node:internal/process/task_queues:104:5)\n    at async D:\\code\\AthenaVI_backend\\src\\modules\\auth\\auth.controller.js:69:47","timestamp":"2026-05-25T04:30:26.260Z"}
{"level":"error","message":"Error: Unauthorized\n    at Object.rotateRefreshToken (D:\\code\\AthenaVI_backend\\src\\modules\\auth\\services\\auth.service.js:129:11)\n    at process.processTicksAndRejections (node:internal/process/task_queues:104:5)\n    at async D:\\code\\AthenaVI_backend\\src\\modules\\auth\\auth.controller.js:69:47","timestamp":"2026-05-25T04:30:26.346Z"}
{"level":"error","message":"Error: Unauthorized\n    at Object.rotateRefreshToken (D:\\code\\AthenaVI_backend\\src\\modules\\auth\\services\\auth.service.js:129:11)\n    at process.processTicksAndRejections (node:internal/process/task_queues:104:5)\n    at async D:\\code\\AthenaVI_backend\\src\\modules\\auth\\auth.controller.js:69:47","timestamp":"2026-05-25T04:30:26.468Z"}
{"level":"error","message":"Error: Unauthorized\n    at Object.rotateRefreshToken (D:\\code\\AthenaVI_backend\\src\\modules\\auth\\services\\auth.service.js:129:11)\n    at process.processTicksAndRejections (node:internal/process/task_queues:104:5)\n    at async D:\\code\\AthenaVI_backend\\src\\modules\\auth\\auth.controller.js:69:47","timestamp":"2026-05-25T04:30:26.586Z"}
{"level":"error","message":"Error: Unauthorized\n    at Object.rotateRefreshToken (D:\\code\\AthenaVI_backend\\src\\modules\\auth\\services\\auth.service.js:129:11)\n    at process.processTicksAndRejections (node:internal/process/task_queues:104:5)\n    at async D:\\code\\AthenaVI_backend\\src\\modules\\auth\\auth.controller.js:69:47","timestamp":"2026-05-25T04:30:26.690Z"}
{"level":"error","message":"Error: Unauthorized\n    at Object.rotateRefreshToken (D:\\code\\AthenaVI_backend\\src\\modules\\auth\\services\\auth.service.js:129:11)\n    at process.processTicksAndRejections (node:internal/process/task_queues:104:5)\n    at async D:\\code\\AthenaVI_backend\\src\\modules\\auth\\auth.controller.js:69:47","timestamp":"2026-05-25T04:30:26.801Z"}
{"level":"error","message":"Error: Unauthorized\n    at Object.rotateRefreshToken (D:\\code\\AthenaVI_backend\\src\\modules\\auth\\services\\auth.service.js:129:11)\n    at process.processTicksAndRejections (node:internal/process/task_queues:104:5)\n    at async D:\\code\\AthenaVI_backend\\src\\modules\\auth\\auth.controller.js:69:47","timestamp":"2026-05-25T04:30:26.893Z"}
{"level":"error","message":"Error: Unauthorized\n    at Object.rotateRefreshToken (D:\\code\\AthenaVI_backend\\src\\modules\\auth\\services\\auth.service.js:129:11)\n    at process.processTicksAndRejections (node:internal/process/task_queues:104:5)\n    at async D:\\code\\AthenaVI_backend\\src\\modules\\auth\\auth.controller.js:69:47","timestamp":"2026-05-25T04:30:27.032Z"}
{"level":"error","message":"Error: Unauthorized\n    at Object.rotateRefreshToken (D:\\code\\AthenaVI_backend\\src\\modules\\auth\\services\\auth.service.js:129:11)\n    at process.processTicksAndRejections (node:internal/process/task_queues:104:5)\n    at async D:\\code\\AthenaVI_backend\\src\\modules\\auth\\auth.controller.js:69:47","timestamp":"2026-05-25T04:30:27.110Z"}
{"level":"error","message":"Error: Unauthorized\n    at Object.rotateRefreshToken (D:\\code\\AthenaVI_backend\\src\\modules\\auth\\services\\auth.service.js:129:11)\n    at process.processTicksAndRejections (node:internal/process/task_queues:104:5)\n    at async D:\\code\\AthenaVI_backend\\src\\modules\\auth\\auth.controller.js:69:47","timestamp":"2026-05-25T04:30:27.225Z"}
{"level":"error","message":"Error: Unauthorized\n    at Object.rotateRefreshToken (D:\\code\\AthenaVI_backend\\src\\modules\\auth\\services\\auth.service.js:129:11)\n    at process.processTicksAndRejections (node:internal/process/task_queues:104:5)\n    at async D:\\code\\AthenaVI_backend\\src\\modules\\auth\\auth.controller.js:69:47","timestamp":"2026-05-25T04:30:27.321Z"}
{"level":"error","message":"Error: Unauthorized\n    at Object.rotateRefreshToken (D:\\code\\AthenaVI_backend\\src\\modules\\auth\\services\\auth.service.js:129:11)\n    at process.processTicksAndRejections (node:internal/process/task_queues:104:5)\n    at async D:\\code\\AthenaVI_backend\\src\\modules\\auth\\auth.controller.js:69:47","timestamp":"2026-05-25T04:30:27.406Z"}
{"level":"error","message":"Error: Unauthorized\n    at Object.rotateRefreshToken (D:\\code\\AthenaVI_backend\\src\\modules\\auth\\services\\auth.service.js:129:11)\n    at process.processTicksAndRejections (node:internal/process/task_queues:104:5)\n    at async D:\\code\\AthenaVI_backend\\src\\modules\\auth\\auth.controller.js:69:47","timestamp":"2026-05-25T04:30:27.502Z"}
{"level":"error","message":"Error: Unauthorized\n    at Object.rotateRefreshToken (D:\\code\\AthenaVI_backend\\src\\modules\\auth\\services\\auth.service.js:129:11)\n    at process.processTicksAndRejections (node:internal/process/task_queues:104:5)\n    at async D:\\code\\AthenaVI_backend\\src\\modules\\auth\\auth.controller.js:69:47","timestamp":"2026-05-25T04:30:27.591Z"}
{"level":"error","message":"Error: Unauthorized\n    at Object.rotateRefreshToken (D:\\code\\AthenaVI_backend\\src\\modules\\auth\\services\\auth.service.js:129:11)\n    at process.processTicksAndRejections (node:internal/process/task_queues:104:5)\n    at async D:\\code\\AthenaVI_backend\\src\\modules\\auth\\auth.controller.js:69:47","timestamp":"2026-05-25T04:30:27.736Z"}
{"level":"error","message":"Error: Unauthorized\n    at Object.rotateRefreshToken (D:\\code\\AthenaVI_backend\\src\\modules\\auth\\services\\auth.service.js:129:11)\n    at process.processTicksAndRejections (node:internal/process/task_queues:104:5)\n    at async D:\\code\\AthenaVI_backend\\src\\modules\\auth\\auth.controller.js:69:47","timestamp":"2026-05-25T04:30:27.843Z"}
{"level":"error","message":"Error: Unauthorized\n    at Object.rotateRefreshToken (D:\\code\\AthenaVI_backend\\src\\modules\\auth\\services\\auth.service.js:129:11)\n    at process.processTicksAndRejections (node:internal/process/task_queues:104:5)\n    at async D:\\code\\AthenaVI_backend\\src\\modules\\auth\\auth.controller.js:69:47","timestamp":"2026-05-25T04:30:27.956Z"}
{"level":"error","message":"Error: Unauthorized\n    at Object.rotateRefreshToken (D:\\code\\AthenaVI_backend\\src\\modules\\auth\\services\\auth.service.js:129:11)\n    at process.processTicksAndRejections (node:internal/process/task_queues:104:5)\n    at async D:\\code\\AthenaVI_backend\\src\\modules\\auth\\auth.controller.js:69:47","timestamp":"2026-05-25T04:30:28.032Z"}
{"level":"error","message":"Error: Unauthorized\n    at Object.rotateRefreshToken (D:\\code\\AthenaVI_backend\\src\\modules\\auth\\services\\auth.service.js:129:11)\n    at process.processTicksAndRejections (node:internal/process/task_queues:104:5)\n    at async D:\\code\\AthenaVI_backend\\src\\modules\\auth\\auth.controller.js:69:47","timestamp":"2026-05-25T04:30:28.118Z"}
{"level":"error","message":"Error: Unauthorized\n    at Object.rotateRefreshToken (D:\\code\\AthenaVI_backend\\src\\modules\\auth\\services\\auth.service.js:129:11)\n    at process.processTicksAndRejections (node:internal/process/task_queues:104:5)\n    at async D:\\code\\AthenaVI_backend\\src\\modules\\auth\\auth.controller.js:69:47","timestamp":"2026-05-25T04:30:28.287Z"}
{"level":"error","message":"Error: Unauthorized\n    at Object.rotateRefreshToken (D:\\code\\AthenaVI_backend\\src\\modules\\auth\\services\\auth.service.js:129:11)\n    at process.processTicksAndRejections (node:internal/process/task_queues:104:5)\n    at async D:\\code\\AthenaVI_backend\\src\\modules\\auth\\auth.controller.js:69:47","timestamp":"2026-05-25T04:30:28.367Z"}
{"level":"error","message":"Error: Unauthorized\n    at Object.rotateRefreshToken (D:\\code\\AthenaVI_backend\\src\\modules\\auth\\services\\auth.service.js:129:11)\n    at process.processTicksAndRejections (node:internal/process/task_queues:104:5)\n    at async D:\\code\\AthenaVI_backend\\src\\modules\\auth\\auth.controller.js:69:47","timestamp":"2026-05-25T04:30:28.511Z"}
{"level":"error","message":"Error: Unauthorized\n    at Object.rotateRefreshToken (D:\\code\\AthenaVI_backend\\src\\modules\\auth\\services\\auth.service.js:129:11)\n    at process.processTicksAndRejections (node:internal/process/task_queues:104:5)\n    at async D:\\code\\AthenaVI_backend\\src\\modules\\auth\\auth.controller.js:69:47","timestamp":"2026-05-25T04:30:28.588Z"}
{"level":"error","message":"Error: Unauthorized\n    at Object.rotateRefreshToken (D:\\code\\AthenaVI_backend\\src\\modules\\auth\\services\\auth.service.js:129:11)\n    at process.processTicksAndRejections (node:internal/process/task_queues:104:5)\n    at async D:\\code\\AthenaVI_backend\\src\\modules\\auth\\auth.controller.js:69:47","timestamp":"2026-05-25T04:30:28.685Z"}
{"level":"error","message":"Error: Unauthorized\n    at Object.rotateRefreshToken (D:\\code\\AthenaVI_backend\\src\\modules\\auth\\services\\auth.service.js:129:11)\n    at process.processTicksAndRejections (node:internal/process/task_queues:104:5)\n    at async D:\\code\\AthenaVI_backend\\src\\modules\\auth\\auth.controller.js:69:47","timestamp":"2026-05-25T04:30:28.782Z"}
{"level":"error","message":"Error: Unauthorized\n    at Object.rotateRefreshToken (D:\\code\\AthenaVI_backend\\src\\modules\\auth\\services\\auth.service.js:129:11)\n    at process.processTicksAndRejections (node:internal/process/task_queues:104:5)\n    at async D:\\code\\AthenaVI_backend\\src\\modules\\auth\\auth.controller.js:69:47","timestamp":"2026-05-25T04:30:28.882Z"}
{"level":"error","message":"Error: Unauthorized\n    at Object.rotateRefreshToken (D:\\code\\AthenaVI_backend\\src\\modules\\auth\\services\\auth.service.js:129:11)\n    at process.processTicksAndRejections (node:internal/process/task_queues:104:5)\n    at async D:\\code\\AthenaVI_backend\\src\\modules\\auth\\auth.controller.js:69:47","timestamp":"2026-05-25T04:30:28.960Z"}
{"level":"error","message":"Error: Unauthorized\n    at Object.rotateRefreshToken (D:\\code\\AthenaVI_backend\\src\\modules\\auth\\services\\auth.service.js:129:11)\n    at process.processTicksAndRejections (node:internal/process/task_queues:104:5)\n    at async D:\\code\\AthenaVI_backend\\src\\modules\\auth\\auth.controller.js:69:47","timestamp":"2026-05-25T04:30:29.067Z"}
{"level":"error","message":"Error: Unauthorized\n    at Object.rotateRefreshToken (D:\\code\\AthenaVI_backend\\src\\modules\\auth\\services\\auth.service.js:129:11)\n    at process.processTicksAndRejections (node:internal/process/task_queues:104:5)\n    at async D:\\code\\AthenaVI_backend\\src\\modules\\auth\\auth.controller.js:69:47","timestamp":"2026-05-25T04:30:29.179Z"}
{"level":"error","message":"Error: Unauthorized\n    at Object.rotateRefreshToken (D:\\code\\AthenaVI_backend\\src\\modules\\auth\\services\\auth.service.js:129:11)\n    at process.processTicksAndRejections (node:internal/process/task_queues:104:5)\n    at async D:\\code\\AthenaVI_backend\\src\\modules\\auth\\auth.controller.js:69:47","timestamp":"2026-05-25T04:30:29.295Z"}
{"level":"error","message":"Error: Unauthorized\n    at Object.rotateRefreshToken (D:\\code\\AthenaVI_backend\\src\\modules\\auth\\services\\auth.service.js:129:11)\n    at process.processTicksAndRejections (node:internal/process/task_queues:104:5)\n    at async D:\\code\\AthenaVI_backend\\src\\modules\\auth\\auth.controller.js:69:47","timestamp":"2026-05-25T04:30:29.417Z"}
{"level":"error","message":"Error: Unauthorized\n    at Object.rotateRefreshToken (D:\\code\\AthenaVI_backend\\src\\modules\\auth\\services\\auth.service.js:129:11)\n    at process.processTicksAndRejections (node:internal/process/task_queues:104:5)\n    at async D:\\code\\AthenaVI_backend\\src\\modules\\auth\\auth.controller.js:69:47","timestamp":"2026-05-25T04:30:29.494Z"}
{"level":"error","message":"Error: Unauthorized\n    at Object.rotateRefreshToken (D:\\code\\AthenaVI_backend\\src\\modules\\auth\\services\\auth.service.js:129:11)\n    at process.processTicksAndRejections (node:internal/process/task_queues:104:5)\n    at async D:\\code\\AthenaVI_backend\\src\\modules\\auth\\auth.controller.js:69:47","timestamp":"2026-05-25T04:30:29.589Z"}
{"level":"error","message":"Error: Unauthorized\n    at Object.rotateRefreshToken (D:\\code\\AthenaVI_backend\\src\\modules\\auth\\services\\auth.service.js:129:11)\n    at process.processTicksAndRejections (node:internal/process/task_queues:104:5)\n    at async D:\\code\\AthenaVI_backend\\src\\modules\\auth\\auth.controller.js:69:47","timestamp":"2026-05-25T04:30:29.690Z"}
{"level":"error","message":"Error: Unauthorized\n    at Object.rotateRefreshToken (D:\\code\\AthenaVI_backend\\src\\modules\\auth\\services\\auth.service.js:129:11)\n    at process.processTicksAndRejections (node:internal/process/task_queues:104:5)\n    at async D:\\code\\AthenaVI_backend\\src\\modules\\auth\\auth.controller.js:69:47","timestamp":"2026-05-25T04:30:29.770Z"}
{"level":"error","message":"Error: Unauthorized\n    at Object.rotateRefreshToken (D:\\code\\AthenaVI_backend\\src\\modules\\auth\\services\\auth.service.js:129:11)\n    at process.processTicksAndRejections (node:internal/process/task_queues:104:5)\n    at async D:\\code\\AthenaVI_backend\\src\\modules\\auth\\auth.controller.js:69:47","timestamp":"2026-05-25T04:30:29.842Z"}
{"level":"error","message":"Error: Unauthorized\n    at Object.rotateRefreshToken (D:\\code\\AthenaVI_backend\\src\\modules\\auth\\services\\auth.service.js:129:11)\n    at process.processTicksAndRejections (node:internal/process/task_queues:104:5)\n    at async D:\\code\\AthenaVI_backend\\src\\modules\\auth\\auth.controller.js:69:47","timestamp":"2026-05-25T04:30:29.927Z"}
{"level":"error","message":"Error: Unauthorized\n    at Object.rotateRefreshToken (D:\\code\\AthenaVI_backend\\src\\modules\\auth\\services\\auth.service.js:129:11)\n    at process.processTicksAndRejections (node:internal/process/task_queues:104:5)\n    at async D:\\code\\AthenaVI_backend\\src\\modules\\auth\\auth.controller.js:69:47","timestamp":"2026-05-25T04:30:30.024Z"}
{"level":"error","message":"Error: Unauthorized\n    at Object.rotateRefreshToken (D:\\code\\AthenaVI_backend\\src\\modules\\auth\\services\\auth.service.js:129:11)\n    at process.processTicksAndRejections (node:internal/process/task_queues:104:5)\n    at async D:\\code\\AthenaVI_backend\\src\\modules\\auth\\auth.controller.js:69:47","timestamp":"2026-05-25T04:30:30.105Z"}
{"level":"error","message":"Error: Unauthorized\n    at Object.rotateRefreshToken (D:\\code\\AthenaVI_backend\\src\\modules\\auth\\services\\auth.service.js:129:11)\n    at process.processTicksAndRejections (node:internal/process/task_queues:104:5)\n    at async D:\\code\\AthenaVI_backend\\src\\modules\\auth\\auth.controller.js:69:47","timestamp":"2026-05-25T04:30:30.221Z"}
{"level":"error","message":"Error: Unauthorized\n    at Object.rotateRefreshToken (D:\\code\\AthenaVI_backend\\src\\modules\\auth\\services\\auth.service.js:129:11)\n    at process.processTicksAndRejections (node:internal/process/task_queues:104:5)\n    at async D:\\code\\AthenaVI_backend\\src\\modules\\auth\\auth.controller.js:69:47","timestamp":"2026-05-25T04:30:30.309Z"}
{"level":"error","message":"Error: Unauthorized\n    at Object.rotateRefreshToken (D:\\code\\AthenaVI_backend\\src\\modules\\auth\\services\\auth.service.js:129:11)\n    at process.processTicksAndRejections (node:internal/process/task_queues:104:5)\n    at async D:\\code\\AthenaVI_backend\\src\\modules\\auth\\auth.controller.js:69:47","timestamp":"2026-05-25T04:30:30.393Z"}
{"level":"error","message":"Error: Unauthorized\n    at Object.rotateRefreshToken (D:\\code\\AthenaVI_backend\\src\\modules\\auth\\services\\auth.service.js:129:11)\n    at process.processTicksAndRejections (node:internal/process/task_queues:104:5)\n    at async D:\\code\\AthenaVI_backend\\src\\modules\\auth\\auth.controller.js:69:47","timestamp":"2026-05-25T04:30:30.474Z"}
{"level":"error","message":"Error: Unauthorized\n    at Object.rotateRefreshToken (D:\\code\\AthenaVI_backend\\src\\modules\\auth\\services\\auth.service.js:129:11)\n    at process.processTicksAndRejections (node:internal/process/task_queues:104:5)\n    at async D:\\code\\AthenaVI_backend\\src\\modules\\auth\\auth.controller.js:69:47","timestamp":"2026-05-25T04:30:30.550Z"}
{"level":"error","message":"Error: Unauthorized\n    at Object.rotateRefreshToken (D:\\code\\AthenaVI_backend\\src\\modules\\auth\\services\\auth.service.js:129:11)\n    at process.processTicksAndRejections (node:internal/process/task_queues:104:5)\n    at async D:\\code\\AthenaVI_backend\\src\\modules\\auth\\auth.controller.js:69:47","timestamp":"2026-05-25T04:30:30.633Z"}
{"level":"error","message":"Error: Unauthorized\n    at Object.rotateRefreshToken (D:\\code\\AthenaVI_backend\\src\\modules\\auth\\services\\auth.service.js:129:11)\n    at process.processTicksAndRejections (node:internal/process/task_queues:104:5)\n    at async D:\\code\\AthenaVI_backend\\src\\modules\\auth\\auth.controller.js:69:47","timestamp":"2026-05-25T04:30:30.728Z"}
{"level":"error","message":"Error: Unauthorized\n    at Object.rotateRefreshToken (D:\\code\\AthenaVI_backend\\src\\modules\\auth\\services\\auth.service.js:129:11)\n    at process.processTicksAndRejections (node:internal/process/task_queues:104:5)\n    at async D:\\code\\AthenaVI_backend\\src\\modules\\auth\\auth.controller.js:69:47","timestamp":"2026-05-25T04:30:30.808Z"}
{"level":"error","message":"Error: Unauthorized\n    at Object.rotateRefreshToken (D:\\code\\AthenaVI_backend\\src\\modules\\auth\\services\\auth.service.js:129:11)\n    at process.processTicksAndRejections (node:internal/process/task_queues:104:5)\n    at async D:\\code\\AthenaVI_backend\\src\\modules\\auth\\auth.controller.js:69:47","timestamp":"2026-05-25T04:30:30.901Z"}
{"level":"error","message":"Error: Unauthorized\n    at Object.rotateRefreshToken (D:\\code\\AthenaVI_backend\\src\\modules\\auth\\services\\auth.service.js:129:11)\n    at process.processTicksAndRejections (node:internal/process/task_queues:104:5)\n    at async D:\\code\\AthenaVI_backend\\src\\modules\\auth\\auth.controller.js:69:47","timestamp":"2026-05-25T04:30:30.983Z"}
{"level":"error","message":"Error: Unauthorized\n    at Object.rotateRefreshToken (D:\\code\\AthenaVI_backend\\src\\modules\\auth\\services\\auth.service.js:129:11)\n    at process.processTicksAndRejections (node:internal/process/task_queues:104:5)\n    at async D:\\code\\AthenaVI_backend\\src\\modules\\auth\\auth.controller.js:69:47","timestamp":"2026-05-25T04:30:31.057Z"}
{"level":"error","message":"Error: Unauthorized\n    at Object.rotateRefreshToken (D:\\code\\AthenaVI_backend\\src\\modules\\auth\\services\\auth.service.js:129:11)\n    at process.processTicksAndRejections (node:internal/process/task_queues:104:5)\n    at async D:\\code\\AthenaVI_backend\\src\\modules\\auth\\auth.controller.js:69:47","timestamp":"2026-05-25T04:30:31.136Z"}
{"level":"error","message":"Error: Unauthorized\n    at Object.rotateRefreshToken (D:\\code\\AthenaVI_backend\\src\\modules\\auth\\services\\auth.service.js:129:11)\n    at process.processTicksAndRejections (node:internal/process/task_queues:104:5)\n    at async D:\\code\\AthenaVI_backend\\src\\modules\\auth\\auth.controller.js:69:47","timestamp":"2026-05-25T04:30:31.226Z"}
{"level":"error","message":"Error: Unauthorized\n    at Object.rotateRefreshToken (D:\\code\\AthenaVI_backend\\src\\modules\\auth\\services\\auth.service.js:129:11)\n    at process.processTicksAndRejections (node:internal/process/task_queues:104:5)\n    at async D:\\code\\AthenaVI_backend\\src\\modules\\auth\\auth.controller.js:69:47","timestamp":"2026-05-25T04:30:31.317Z"}
{"level":"error","message":"Error: Unauthorized\n    at Object.rotateRefreshToken (D:\\code\\AthenaVI_backend\\src\\modules\\auth\\services\\auth.service.js:129:11)\n    at process.processTicksAndRejections (node:internal/process/task_queues:104:5)\n    at async D:\\code\\AthenaVI_backend\\src\\modules\\auth\\auth.controller.js:69:47","timestamp":"2026-05-25T04:30:31.420Z"}
{"level":"error","message":"Error: Unauthorized\n    at Object.rotateRefreshToken (D:\\code\\AthenaVI_backend\\src\\modules\\auth\\services\\auth.service.js:129:11)\n    at process.processTicksAndRejections (node:internal/process/task_queues:104:5)\n    at async D:\\code\\AthenaVI_backend\\src\\modules\\auth\\auth.controller.js:69:47","timestamp":"2026-05-25T04:30:31.565Z"}
{"level":"error","message":"Error: Unauthorized\n    at Object.rotateRefreshToken (D:\\code\\AthenaVI_backend\\src\\modules\\auth\\services\\auth.service.js:129:11)\n    at process.processTicksAndRejections (node:internal/process/task_queues:104:5)\n    at async D:\\code\\AthenaVI_backend\\src\\modules\\auth\\auth.controller.js:69:47","timestamp":"2026-05-25T04:30:31.826Z"}
{"level":"error","message":"Error: Unauthorized\n    at Object.rotateRefreshToken (D:\\code\\AthenaVI_backend\\src\\modules\\auth\\services\\auth.service.js:129:11)\n    at process.processTicksAndRejections (node:internal/process/task_queues:104:5)\n    at async D:\\code\\AthenaVI_backend\\src\\modules\\auth\\auth.controller.js:69:47","timestamp":"2026-05-25T04:30:32.041Z"}
{"level":"error","message":"Error: Unauthorized\n    at Object.rotateRefreshToken (D:\\code\\AthenaVI_backend\\src\\modules\\auth\\services\\auth.service.js:129:11)\n    at process.processTicksAndRejections (node:internal/process/task_queues:104:5)\n    at async D:\\code\\AthenaVI_backend\\src\\modules\\auth\\auth.controller.js:69:47","timestamp":"2026-05-25T04:30:32.150Z"}
{"level":"error","message":"Error: Unauthorized\n    at Object.rotateRefreshToken (D:\\code\\AthenaVI_backend\\src\\modules\\auth\\services\\auth.service.js:129:11)\n    at process.processTicksAndRejections (node:internal/process/task_queues:104:5)\n    at async D:\\code\\AthenaVI_backend\\src\\modules\\auth\\auth.controller.js:69:47","timestamp":"2026-05-25T04:30:32.243Z"}
{"level":"error","message":"Error: Unauthorized\n    at Object.rotateRefreshToken (D:\\code\\AthenaVI_backend\\src\\modules\\auth\\services\\auth.service.js:129:11)\n    at process.processTicksAndRejections (node:internal/process/task_queues:104:5)\n    at async D:\\code\\AthenaVI_backend\\src\\modules\\auth\\auth.controller.js:69:47","timestamp":"2026-05-25T04:30:32.331Z"}
{"level":"error","message":"Error: Unauthorized\n    at Object.rotateRefreshToken (D:\\code\\AthenaVI_backend\\src\\modules\\auth\\services\\auth.service.js:129:11)\n    at process.processTicksAndRejections (node:internal/process/task_queues:104:5)\n    at async D:\\code\\AthenaVI_backend\\src\\modules\\auth\\auth.controller.js:69:47","timestamp":"2026-05-25T04:30:32.461Z"}
{"level":"error","message":"Error: Unauthorized\n    at Object.rotateRefreshToken (D:\\code\\AthenaVI_backend\\src\\modules\\auth\\services\\auth.service.js:129:11)\n    at process.processTicksAndRejections (node:internal/process/task_queues:104:5)\n    at async D:\\code\\AthenaVI_backend\\src\\modules\\auth\\auth.controller.js:69:47","timestamp":"2026-05-25T04:30:32.586Z"}
{"level":"error","message":"Error: Unauthorized\n    at Object.rotateRefreshToken (D:\\code\\AthenaVI_backend\\src\\modules\\auth\\services\\auth.service.js:129:11)\n    at process.processTicksAndRejections (node:internal/process/task_queues:104:5)\n    at async D:\\code\\AthenaVI_backend\\src\\modules\\auth\\auth.controller.js:69:47","timestamp":"2026-05-25T04:30:32.671Z"}
{"level":"error","message":"Error: Unauthorized\n    at Object.rotateRefreshToken (D:\\code\\AthenaVI_backend\\src\\modules\\auth\\services\\auth.service.js:129:11)\n    at process.processTicksAndRejections (node:internal/process/task_queues:104:5)\n    at async D:\\code\\AthenaVI_backend\\src\\modules\\auth\\auth.controller.js:69:47","timestamp":"2026-05-25T04:30:32.774Z"}
{"level":"error","message":"Error: Unauthorized\n    at Object.rotateRefreshToken (D:\\code\\AthenaVI_backend\\src\\modules\\auth\\services\\auth.service.js:129:11)\n    at process.processTicksAndRejections (node:internal/process/task_queues:104:5)\n    at async D:\\code\\AthenaVI_backend\\src\\modules\\auth\\auth.controller.js:69:47","timestamp":"2026-05-25T04:30:32.865Z"}
{"level":"error","message":"Error: Unauthorized\n    at Object.rotateRefreshToken (D:\\code\\AthenaVI_backend\\src\\modules\\auth\\services\\auth.service.js:129:11)\n    at process.processTicksAndRejections (node:internal/process/task_queues:104:5)\n    at async D:\\code\\AthenaVI_backend\\src\\modules\\auth\\auth.controller.js:69:47","timestamp":"2026-05-25T04:30:32.969Z"}
{"level":"error","message":"Error: Unauthorized\n    at Object.rotateRefreshToken (D:\\code\\AthenaVI_backend\\src\\modules\\auth\\services\\auth.service.js:129:11)\n    at process.processTicksAndRejections (node:internal/process/task_queues:104:5)\n    at async D:\\code\\AthenaVI_backend\\src\\modules\\auth\\auth.controller.js:69:47","timestamp":"2026-05-25T04:30:33.074Z"}
{"level":"error","message":"Error: Unauthorized\n    at Object.rotateRefreshToken (D:\\code\\AthenaVI_backend\\src\\modules\\auth\\services\\auth.service.js:129:11)\n    at process.processTicksAndRejections (node:internal/process/task_queues:104:5)\n    at async D:\\code\\AthenaVI_backend\\src\\modules\\auth\\auth.controller.js:69:47","timestamp":"2026-05-25T04:30:33.182Z"}
{"level":"error","message":"Error: Unauthorized\n    at Object.rotateRefreshToken (D:\\code\\AthenaVI_backend\\src\\modules\\auth\\services\\auth.service.js:129:11)\n    at process.processTicksAndRejections (node:internal/process/task_queues:104:5)\n    at async D:\\code\\AthenaVI_backend\\src\\modules\\auth\\auth.controller.js:69:47","timestamp":"2026-05-25T04:30:33.262Z"}
{"level":"error","message":"Error: Unauthorized\n    at Object.rotateRefreshToken (D:\\code\\AthenaVI_backend\\src\\modules\\auth\\services\\auth.service.js:129:11)\n    at process.processTicksAndRejections (node:internal/process/task_queues:104:5)\n    at async D:\\code\\AthenaVI_backend\\src\\modules\\auth\\auth.controller.js:69:47","timestamp":"2026-05-25T04:30:33.339Z"}
{"level":"error","message":"Error: Unauthorized\n    at Object.rotateRefreshToken (D:\\code\\AthenaVI_backend\\src\\modules\\auth\\services\\auth.service.js:129:11)\n    at process.processTicksAndRejections (node:internal/process/task_queues:104:5)\n    at async D:\\code\\AthenaVI_backend\\src\\modules\\auth\\auth.controller.js:69:47","timestamp":"2026-05-25T04:30:33.469Z"}
{"level":"error","message":"Error: Unauthorized\n    at Object.rotateRefreshToken (D:\\code\\AthenaVI_backend\\src\\modules\\auth\\services\\auth.service.js:129:11)\n    at process.processTicksAndRejections (node:internal/process/task_queues:104:5)\n    at async D:\\code\\AthenaVI_backend\\src\\modules\\auth\\auth.controller.js:69:47","timestamp":"2026-05-25T04:30:33.573Z"}
{"level":"error","message":"Error: Unauthorized\n    at Object.rotateRefreshToken (D:\\code\\AthenaVI_backend\\src\\modules\\auth\\services\\auth.service.js:129:11)\n    at process.processTicksAndRejections (node:internal/process/task_queues:104:5)\n    at async D:\\code\\AthenaVI_backend\\src\\modules\\auth\\auth.controller.js:69:47","timestamp":"2026-05-25T04:30:33.708Z"}
{"level":"error","message":"Error: Unauthorized\n    at Object.rotateRefreshToken (D:\\code\\AthenaVI_backend\\src\\modules\\auth\\services\\auth.service.js:129:11)\n    at process.processTicksAndRejections (node:internal/process/task_queues:104:5)\n    at async D:\\code\\AthenaVI_backend\\src\\modules\\auth\\auth.controller.js:69:47","timestamp":"2026-05-25T04:30:33.795Z"}
{"level":"error","message":"Error: Unauthorized\n    at Object.rotateRefreshToken (D:\\code\\AthenaVI_backend\\src\\modules\\auth\\services\\auth.service.js:129:11)\n    at process.processTicksAndRejections (node:internal/process/task_queues:104:5)\n    at async D:\\code\\AthenaVI_backend\\src\\modules\\auth\\auth.controller.js:69:47","timestamp":"2026-05-25T04:30:33.877Z"}
{"level":"error","message":"Error: Unauthorized\n    at Object.rotateRefreshToken (D:\\code\\AthenaVI_backend\\src\\modules\\auth\\services\\auth.service.js:129:11)\n    at process.processTicksAndRejections (node:internal/process/task_queues:104:5)\n    at async D:\\code\\AthenaVI_backend\\src\\modules\\auth\\auth.controller.js:69:47","timestamp":"2026-05-25T04:30:33.991Z"}
{"level":"error","message":"Error: Unauthorized\n    at Object.rotateRefreshToken (D:\\code\\AthenaVI_backend\\src\\modules\\auth\\services\\auth.service.js:129:11)\n    at process.processTicksAndRejections (node:internal/process/task_queues:104:5)\n    at async D:\\code\\AthenaVI_backend\\src\\modules\\auth\\auth.controller.js:69:47","timestamp":"2026-05-25T04:30:34.105Z"}
{"level":"error","message":"Error: Unauthorized\n    at Object.rotateRefreshToken (D:\\code\\AthenaVI_backend\\src\\modules\\auth\\services\\auth.service.js:129:11)\n    at process.processTicksAndRejections (node:internal/process/task_queues:104:5)\n    at async D:\\code\\AthenaVI_backend\\src\\modules\\auth\\auth.controller.js:69:47","timestamp":"2026-05-25T04:30:34.244Z"}
{"level":"error","message":"Error: Unauthorized\n    at Object.rotateRefreshToken (D:\\code\\AthenaVI_backend\\src\\modules\\auth\\services\\auth.service.js:129:11)\n    at process.processTicksAndRejections (node:internal/process/task_queues:104:5)\n    at async D:\\code\\AthenaVI_backend\\src\\modules\\auth\\auth.controller.js:69:47","timestamp":"2026-05-25T04:30:34.342Z"}
{"level":"error","message":"Error: Unauthorized\n    at Object.rotateRefreshToken (D:\\code\\AthenaVI_backend\\src\\modules\\auth\\services\\auth.service.js:129:11)\n    at process.processTicksAndRejections (node:internal/process/task_queues:104:5)\n    at async D:\\code\\AthenaVI_backend\\src\\modules\\auth\\auth.controller.js:69:47","timestamp":"2026-05-25T04:30:34.417Z"}
{"level":"error","message":"Error: Unauthorized\n    at Object.rotateRefreshToken (D:\\code\\AthenaVI_backend\\src\\modules\\auth\\services\\auth.service.js:129:11)\n    at process.processTicksAndRejections (node:internal/process/task_queues:104:5)\n    at async D:\\code\\AthenaVI_backend\\src\\modules\\auth\\auth.controller.js:69:47","timestamp":"2026-05-25T04:30:34.499Z"}
{"level":"error","message":"Error: Unauthorized\n    at Object.rotateRefreshToken (D:\\code\\AthenaVI_backend\\src\\modules\\auth\\services\\auth.service.js:129:11)\n    at process.processTicksAndRejections (node:internal/process/task_queues:104:5)\n    at async D:\\code\\AthenaVI_backend\\src\\modules\\auth\\auth.controller.js:69:47","timestamp":"2026-05-25T04:30:34.611Z"}
{"level":"error","message":"Error: Unauthorized\n    at Object.rotateRefreshToken (D:\\code\\AthenaVI_backend\\src\\modules\\auth\\services\\auth.service.js:129:11)\n    at process.processTicksAndRejections (node:internal/process/task_queues:104:5)\n    at async D:\\code\\AthenaVI_backend\\src\\modules\\auth\\auth.controller.js:69:47","timestamp":"2026-05-25T04:30:34.698Z"}
{"level":"error","message":"Error: Unauthorized\n    at Object.rotateRefreshToken (D:\\code\\AthenaVI_backend\\src\\modules\\auth\\services\\auth.service.js:129:11)\n    at process.processTicksAndRejections (node:internal/process/task_queues:104:5)\n    at async D:\\code\\AthenaVI_backend\\src\\modules\\auth\\auth.controller.js:69:47","timestamp":"2026-05-25T04:30:34.792Z"}
{"level":"error","message":"Error: Unauthorized\n    at Object.rotateRefreshToken (D:\\code\\AthenaVI_backend\\src\\modules\\auth\\services\\auth.service.js:129:11)\n    at process.processTicksAndRejections (node:internal/process/task_queues:104:5)\n    at async D:\\code\\AthenaVI_backend\\src\\modules\\auth\\auth.controller.js:69:47","timestamp":"2026-05-25T04:30:34.876Z"}
{"level":"error","message":"Error: Unauthorized\n    at Object.rotateRefreshToken (D:\\code\\AthenaVI_backend\\src\\modules\\auth\\services\\auth.service.js:129:11)\n    at process.processTicksAndRejections (node:internal/process/task_queues:104:5)\n    at async D:\\code\\AthenaVI_backend\\src\\modules\\auth\\auth.controller.js:69:47","timestamp":"2026-05-25T04:30:34.954Z"}
{"level":"error","message":"Error: Unauthorized\n    at Object.rotateRefreshToken (D:\\code\\AthenaVI_backend\\src\\modules\\auth\\services\\auth.service.js:129:11)\n    at process.processTicksAndRejections (node:internal/process/task_queues:104:5)\n    at async D:\\code\\AthenaVI_backend\\src\\modules\\auth\\auth.controller.js:69:47","timestamp":"2026-05-25T04:30:35.050Z"}
{"level":"error","message":"Error: Unauthorized\n    at Object.rotateRefreshToken (D:\\code\\AthenaVI_backend\\src\\modules\\auth\\services\\auth.service.js:129:11)\n    at process.processTicksAndRejections (node:internal/process/task_queues:104:5)\n    at async D:\\code\\AthenaVI_backend\\src\\modules\\auth\\auth.controller.js:69:47","timestamp":"2026-05-25T04:30:35.149Z"}
{"level":"error","message":"Error: Unauthorized\n    at Object.rotateRefreshToken (D:\\code\\AthenaVI_backend\\src\\modules\\auth\\services\\auth.service.js:129:11)\n    at process.processTicksAndRejections (node:internal/process/task_queues:104:5)\n    at async D:\\code\\AthenaVI_backend\\src\\modules\\auth\\auth.controller.js:69:47","timestamp":"2026-05-25T04:30:35.256Z"}
{"level":"error","message":"Error: Unauthorized\n    at Object.rotateRefreshToken (D:\\code\\AthenaVI_backend\\src\\modules\\auth\\services\\auth.service.js:129:11)\n    at process.processTicksAndRejections (node:internal/process/task_queues:104:5)\n    at async D:\\code\\AthenaVI_backend\\src\\modules\\auth\\auth.controller.js:69:47","timestamp":"2026-05-25T04:30:35.328Z"}
{"level":"error","message":"Error: Unauthorized\n    at Object.rotateRefreshToken (D:\\code\\AthenaVI_backend\\src\\modules\\auth\\services\\auth.service.js:129:11)\n    at process.processTicksAndRejections (node:internal/process/task_queues:104:5)\n    at async D:\\code\\AthenaVI_backend\\src\\modules\\auth\\auth.controller.js:69:47","timestamp":"2026-05-25T04:30:35.419Z"}
{"level":"error","message":"Error: Unauthorized\n    at Object.rotateRefreshToken (D:\\code\\AthenaVI_backend\\src\\modules\\auth\\services\\auth.service.js:129:11)\n    at process.processTicksAndRejections (node:internal/process/task_queues:104:5)\n    at async D:\\code\\AthenaVI_backend\\src\\modules\\auth\\auth.controller.js:69:47","timestamp":"2026-05-25T04:30:35.510Z"}
{"level":"error","message":"Error: Unauthorized\n    at Object.rotateRefreshToken (D:\\code\\AthenaVI_backend\\src\\modules\\auth\\services\\auth.service.js:129:11)\n    at process.processTicksAndRejections (node:internal/process/task_queues:104:5)\n    at async D:\\code\\AthenaVI_backend\\src\\modules\\auth\\auth.controller.js:69:47","timestamp":"2026-05-25T04:30:35.599Z"}
{"level":"error","message":"Error: Unauthorized\n    at Object.rotateRefreshToken (D:\\code\\AthenaVI_backend\\src\\modules\\auth\\services\\auth.service.js:129:11)\n    at process.processTicksAndRejections (node:internal/process/task_queues:104:5)\n    at async D:\\code\\AthenaVI_backend\\src\\modules\\auth\\auth.controller.js:69:47","timestamp":"2026-05-25T04:30:35.709Z"}
{"level":"error","message":"Error: Unauthorized\n    at Object.rotateRefreshToken (D:\\code\\AthenaVI_backend\\src\\modules\\auth\\services\\auth.service.js:129:11)\n    at process.processTicksAndRejections (node:internal/process/task_queues:104:5)\n    at async D:\\code\\AthenaVI_backend\\src\\modules\\auth\\auth.controller.js:69:47","timestamp":"2026-05-25T04:30:35.822Z"}
{"level":"error","message":"Error: Unauthorized\n    at Object.rotateRefreshToken (D:\\code\\AthenaVI_backend\\src\\modules\\auth\\services\\auth.service.js:129:11)\n    at process.processTicksAndRejections (node:internal/process/task_queues:104:5)\n    at async D:\\code\\AthenaVI_backend\\src\\modules\\auth\\auth.controller.js:69:47","timestamp":"2026-05-25T04:30:35.894Z"}
{"level":"error","message":"Error: Unauthorized\n    at Object.rotateRefreshToken (D:\\code\\AthenaVI_backend\\src\\modules\\auth\\services\\auth.service.js:129:11)\n    at process.processTicksAndRejections (node:internal/process/task_queues:104:5)\n    at async D:\\code\\AthenaVI_backend\\src\\modules\\auth\\auth.controller.js:69:47","timestamp":"2026-05-25T04:30:35.974Z"}
{"level":"error","message":"Error: Unauthorized\n    at Object.rotateRefreshToken (D:\\code\\AthenaVI_backend\\src\\modules\\auth\\services\\auth.service.js:129:11)\n    at process.processTicksAndRejections (node:internal/process/task_queues:104:5)\n    at async D:\\code\\AthenaVI_backend\\src\\modules\\auth\\auth.controller.js:69:47","timestamp":"2026-05-25T04:30:36.131Z"}
{"level":"error","message":"Error: Unauthorized\n    at Object.rotateRefreshToken (D:\\code\\AthenaVI_backend\\src\\modules\\auth\\services\\auth.service.js:129:11)\n    at process.processTicksAndRejections (node:internal/process/task_queues:104:5)\n    at async D:\\code\\AthenaVI_backend\\src\\modules\\auth\\auth.controller.js:69:47","timestamp":"2026-05-25T04:30:36.211Z"}
{"level":"error","message":"Error: Unauthorized\n    at Object.rotateRefreshToken (D:\\code\\AthenaVI_backend\\src\\modules\\auth\\services\\auth.service.js:129:11)\n    at process.processTicksAndRejections (node:internal/process/task_queues:104:5)\n    at async D:\\code\\AthenaVI_backend\\src\\modules\\auth\\auth.controller.js:69:47","timestamp":"2026-05-25T04:30:36.284Z"}
{"level":"error","message":"Error: Unauthorized\n    at Object.rotateRefreshToken (D:\\code\\AthenaVI_backend\\src\\modules\\auth\\services\\auth.service.js:129:11)\n    at process.processTicksAndRejections (node:internal/process/task_queues:104:5)\n    at async D:\\code\\AthenaVI_backend\\src\\modules\\auth\\auth.controller.js:69:47","timestamp":"2026-05-25T04:30:36.378Z"}
{"level":"error","message":"Error: Unauthorized\n    at Object.rotateRefreshToken (D:\\code\\AthenaVI_backend\\src\\modules\\auth\\services\\auth.service.js:129:11)\n    at process.processTicksAndRejections (node:internal/process/task_queues:104:5)\n    at async D:\\code\\AthenaVI_backend\\src\\modules\\auth\\auth.controller.js:69:47","timestamp":"2026-05-25T04:30:36.526Z"}
{"level":"error","message":"Error: Unauthorized\n    at Object.rotateRefreshToken (D:\\code\\AthenaVI_backend\\src\\modules\\auth\\services\\auth.service.js:129:11)\n    at process.processTicksAndRejections (node:internal/process/task_queues:104:5)\n    at async D:\\code\\AthenaVI_backend\\src\\modules\\auth\\auth.controller.js:69:47","timestamp":"2026-05-25T04:30:36.612Z"}
{"level":"error","message":"Error: Unauthorized\n    at Object.rotateRefreshToken (D:\\code\\AthenaVI_backend\\src\\modules\\auth\\services\\auth.service.js:129:11)\n    at process.processTicksAndRejections (node:internal/process/task_queues:104:5)\n    at async D:\\code\\AthenaVI_backend\\src\\modules\\auth\\auth.controller.js:69:47","timestamp":"2026-05-25T04:30:36.711Z"}
{"level":"error","message":"Error: Unauthorized\n    at Object.rotateRefreshToken (D:\\code\\AthenaVI_backend\\src\\modules\\auth\\services\\auth.service.js:129:11)\n    at process.processTicksAndRejections (node:internal/process/task_queues:104:5)\n    at async D:\\code\\AthenaVI_backend\\src\\modules\\auth\\auth.controller.js:69:47","timestamp":"2026-05-25T04:30:36.797Z"}
{"level":"error","message":"Error: Unauthorized\n    at Object.rotateRefreshToken (D:\\code\\AthenaVI_backend\\src\\modules\\auth\\services\\auth.service.js:129:11)\n    at process.processTicksAndRejections (node:internal/process/task_queues:104:5)\n    at async D:\\code\\AthenaVI_backend\\src\\modules\\auth\\auth.controller.js:69:47","timestamp":"2026-05-25T04:30:36.876Z"}
{"level":"error","message":"Error: Unauthorized\n    at Object.rotateRefreshToken (D:\\code\\AthenaVI_backend\\src\\modules\\auth\\services\\auth.service.js:129:11)\n    at process.processTicksAndRejections (node:internal/process/task_queues:104:5)\n    at async D:\\code\\AthenaVI_backend\\src\\modules\\auth\\auth.controller.js:69:47","timestamp":"2026-05-25T04:30:36.953Z"}
{"level":"error","message":"Error: Unauthorized\n    at Object.rotateRefreshToken (D:\\code\\AthenaVI_backend\\src\\modules\\auth\\services\\auth.service.js:129:11)\n    at process.processTicksAndRejections (node:internal/process/task_queues:104:5)\n    at async D:\\code\\AthenaVI_backend\\src\\modules\\auth\\auth.controller.js:69:47","timestamp":"2026-05-25T04:30:37.089Z"}
{"level":"error","message":"Error: Unauthorized\n    at Object.rotateRefreshToken (D:\\code\\AthenaVI_backend\\src\\modules\\auth\\services\\auth.service.js:129:11)\n    at process.processTicksAndRejections (node:internal/process/task_queues:104:5)\n    at async D:\\code\\AthenaVI_backend\\src\\modules\\auth\\auth.controller.js:69:47","timestamp":"2026-05-25T04:30:37.206Z"}
{"level":"error","message":"Error: Unauthorized\n    at Object.rotateRefreshToken (D:\\code\\AthenaVI_backend\\src\\modules\\auth\\services\\auth.service.js:129:11)\n    at process.processTicksAndRejections (node:internal/process/task_queues:104:5)\n    at async D:\\code\\AthenaVI_backend\\src\\modules\\auth\\auth.controller.js:69:47","timestamp":"2026-05-25T04:30:37.293Z"}
{"level":"error","message":"Error: Unauthorized\n    at Object.rotateRefreshToken (D:\\code\\AthenaVI_backend\\src\\modules\\auth\\services\\auth.service.js:129:11)\n    at process.processTicksAndRejections (node:internal/process/task_queues:104:5)\n    at async D:\\code\\AthenaVI_backend\\src\\modules\\auth\\auth.controller.js:69:47","timestamp":"2026-05-25T04:30:37.392Z"}
{"level":"error","message":"Error: Unauthorized\n    at Object.rotateRefreshToken (D:\\code\\AthenaVI_backend\\src\\modules\\auth\\services\\auth.service.js:129:11)\n    at process.processTicksAndRejections (node:internal/process/task_queues:104:5)\n    at async D:\\code\\AthenaVI_backend\\src\\modules\\auth\\auth.controller.js:69:47","timestamp":"2026-05-25T04:30:37.488Z"}
{"level":"error","message":"Error: Unauthorized\n    at Object.rotateRefreshToken (D:\\code\\AthenaVI_backend\\src\\modules\\auth\\services\\auth.service.js:129:11)\n    at process.processTicksAndRejections (node:internal/process/task_queues:104:5)\n    at async D:\\code\\AthenaVI_backend\\src\\modules\\auth\\auth.controller.js:69:47","timestamp":"2026-05-25T04:30:37.559Z"}
{"level":"error","message":"Error: Unauthorized\n    at Object.rotateRefreshToken (D:\\code\\AthenaVI_backend\\src\\modules\\auth\\services\\auth.service.js:129:11)\n    at process.processTicksAndRejections (node:internal/process/task_queues:104:5)\n    at async D:\\code\\AthenaVI_backend\\src\\modules\\auth\\auth.controller.js:69:47","timestamp":"2026-05-25T04:30:37.649Z"}
{"level":"error","message":"Error: Unauthorized\n    at Object.rotateRefreshToken (D:\\code\\AthenaVI_backend\\src\\modules\\auth\\services\\auth.service.js:129:11)\n    at process.processTicksAndRejections (node:internal/process/task_queues:104:5)\n    at async D:\\code\\AthenaVI_backend\\src\\modules\\auth\\auth.controller.js:69:47","timestamp":"2026-05-25T04:30:37.733Z"}
{"level":"error","message":"Error: Unauthorized\n    at Object.rotateRefreshToken (D:\\code\\AthenaVI_backend\\src\\modules\\auth\\services\\auth.service.js:129:11)\n    at process.processTicksAndRejections (node:internal/process/task_queues:104:5)\n    at async D:\\code\\AthenaVI_backend\\src\\modules\\auth\\auth.controller.js:69:47","timestamp":"2026-05-25T04:30:37.816Z"}
{"level":"error","message":"Error: Unauthorized\n    at Object.rotateRefreshToken (D:\\code\\AthenaVI_backend\\src\\modules\\auth\\services\\auth.service.js:129:11)\n    at process.processTicksAndRejections (node:internal/process/task_queues:104:5)\n    at async D:\\code\\AthenaVI_backend\\src\\modules\\auth\\auth.controller.js:69:47","timestamp":"2026-05-25T04:30:37.906Z"}
{"level":"error","message":"Error: Unauthorized\n    at Object.rotateRefreshToken (D:\\code\\AthenaVI_backend\\src\\modules\\auth\\services\\auth.service.js:129:11)\n    at process.processTicksAndRejections (node:internal/process/task_queues:104:5)\n    at async D:\\code\\AthenaVI_backend\\src\\modules\\auth\\auth.controller.js:69:47","timestamp":"2026-05-25T04:30:37.984Z"}
{"level":"error","message":"Error: Unauthorized\n    at Object.rotateRefreshToken (D:\\code\\AthenaVI_backend\\src\\modules\\auth\\services\\auth.service.js:129:11)\n    at process.processTicksAndRejections (node:internal/process/task_queues:104:5)\n    at async D:\\code\\AthenaVI_backend\\src\\modules\\auth\\auth.controller.js:69:47","timestamp":"2026-05-25T04:30:38.069Z"}
{"level":"error","message":"Error: Unauthorized\n    at Object.rotateRefreshToken (D:\\code\\AthenaVI_backend\\src\\modules\\auth\\services\\auth.service.js:129:11)\n    at process.processTicksAndRejections (node:internal/process/task_queues:104:5)\n    at async D:\\code\\AthenaVI_backend\\src\\modules\\auth\\auth.controller.js:69:47","timestamp":"2026-05-25T04:30:38.180Z"}
{"level":"error","message":"Error: Unauthorized\n    at Object.rotateRefreshToken (D:\\code\\AthenaVI_backend\\src\\modules\\auth\\services\\auth.service.js:129:11)\n    at process.processTicksAndRejections (node:internal/process/task_queues:104:5)\n    at async D:\\code\\AthenaVI_backend\\src\\modules\\auth\\auth.controller.js:69:47","timestamp":"2026-05-25T04:30:38.272Z"}
{"level":"error","message":"Error: Unauthorized\n    at Object.rotateRefreshToken (D:\\code\\AthenaVI_backend\\src\\modules\\auth\\services\\auth.service.js:129:11)\n    at process.processTicksAndRejections (node:internal/process/task_queues:104:5)\n    at async D:\\code\\AthenaVI_backend\\src\\modules\\auth\\auth.controller.js:69:47","timestamp":"2026-05-25T04:30:38.372Z"}
{"level":"error","message":"Error: Unauthorized\n    at Object.rotateRefreshToken (D:\\code\\AthenaVI_backend\\src\\modules\\auth\\services\\auth.service.js:129:11)\n    at process.processTicksAndRejections (node:internal/process/task_queues:104:5)\n    at async D:\\code\\AthenaVI_backend\\src\\modules\\auth\\auth.controller.js:69:47","timestamp":"2026-05-25T04:30:38.476Z"}
{"level":"error","message":"Error: Unauthorized\n    at Object.rotateRefreshToken (D:\\code\\AthenaVI_backend\\src\\modules\\auth\\services\\auth.service.js:129:11)\n    at process.processTicksAndRejections (node:internal/process/task_queues:104:5)\n    at async D:\\code\\AthenaVI_backend\\src\\modules\\auth\\auth.controller.js:69:47","timestamp":"2026-05-25T04:30:38.582Z"}
{"level":"error","message":"Error: Unauthorized\n    at Object.rotateRefreshToken (D:\\code\\AthenaVI_backend\\src\\modules\\auth\\services\\auth.service.js:129:11)\n    at process.processTicksAndRejections (node:internal/process/task_queues:104:5)\n    at async D:\\code\\AthenaVI_backend\\src\\modules\\auth\\auth.controller.js:69:47","timestamp":"2026-05-25T04:30:38.699Z"}
{"level":"error","message":"Error: Unauthorized\n    at Object.rotateRefreshToken (D:\\code\\AthenaVI_backend\\src\\modules\\auth\\services\\auth.service.js:129:11)\n    at process.processTicksAndRejections (node:internal/process/task_queues:104:5)\n    at async D:\\code\\AthenaVI_backend\\src\\modules\\auth\\auth.controller.js:69:47","timestamp":"2026-05-25T04:30:38.800Z"}
{"level":"error","message":"Error: Unauthorized\n    at Object.rotateRefreshToken (D:\\code\\AthenaVI_backend\\src\\modules\\auth\\services\\auth.service.js:129:11)\n    at process.processTicksAndRejections (node:internal/process/task_queues:104:5)\n    at async D:\\code\\AthenaVI_backend\\src\\modules\\auth\\auth.controller.js:69:47","timestamp":"2026-05-25T04:30:38.927Z"}
{"level":"error","message":"Error: Unauthorized\n    at Object.rotateRefreshToken (D:\\code\\AthenaVI_backend\\src\\modules\\auth\\services\\auth.service.js:129:11)\n    at process.processTicksAndRejections (node:internal/process/task_queues:104:5)\n    at async D:\\code\\AthenaVI_backend\\src\\modules\\auth\\auth.controller.js:69:47","timestamp":"2026-05-25T04:30:39.042Z"}
{"level":"error","message":"Error: Unauthorized\n    at Object.rotateRefreshToken (D:\\code\\AthenaVI_backend\\src\\modules\\auth\\services\\auth.service.js:129:11)\n    at process.processTicksAndRejections (node:internal/process/task_queues:104:5)\n    at async D:\\code\\AthenaVI_backend\\src\\modules\\auth\\auth.controller.js:69:47","timestamp":"2026-05-25T04:30:39.129Z"}
{"level":"error","message":"Error: Unauthorized\n    at Object.rotateRefreshToken (D:\\code\\AthenaVI_backend\\src\\modules\\auth\\services\\auth.service.js:129:11)\n    at process.processTicksAndRejections (node:internal/process/task_queues:104:5)\n    at async D:\\code\\AthenaVI_backend\\src\\modules\\auth\\auth.controller.js:69:47","timestamp":"2026-05-25T04:30:39.212Z"}
{"level":"error","message":"Error: Unauthorized\n    at Object.rotateRefreshToken (D:\\code\\AthenaVI_backend\\src\\modules\\auth\\services\\auth.service.js:129:11)\n    at process.processTicksAndRejections (node:internal/process/task_queues:104:5)\n    at async D:\\code\\AthenaVI_backend\\src\\modules\\auth\\auth.controller.js:69:47","timestamp":"2026-05-25T04:30:39.287Z"}
{"level":"error","message":"Error: Unauthorized\n    at Object.rotateRefreshToken (D:\\code\\AthenaVI_backend\\src\\modules\\auth\\services\\auth.service.js:129:11)\n    at process.processTicksAndRejections (node:internal/process/task_queues:104:5)\n    at async D:\\code\\AthenaVI_backend\\src\\modules\\auth\\auth.controller.js:69:47","timestamp":"2026-05-25T04:30:39.371Z"}
{"level":"error","message":"Error: Unauthorized\n    at Object.rotateRefreshToken (D:\\code\\AthenaVI_backend\\src\\modules\\auth\\services\\auth.service.js:129:11)\n    at process.processTicksAndRejections (node:internal/process/task_queues:104:5)\n    at async D:\\code\\AthenaVI_backend\\src\\modules\\auth\\auth.controller.js:69:47","timestamp":"2026-05-25T04:30:39.502Z"}
{"level":"error","message":"Error: Unauthorized\n    at Object.rotateRefreshToken (D:\\code\\AthenaVI_backend\\src\\modules\\auth\\services\\auth.service.js:129:11)\n    at process.processTicksAndRejections (node:internal/process/task_queues:104:5)\n    at async D:\\code\\AthenaVI_backend\\src\\modules\\auth\\auth.controller.js:69:47","timestamp":"2026-05-25T04:30:39.596Z"}
{"level":"error","message":"Error: Unauthorized\n    at Object.rotateRefreshToken (D:\\code\\AthenaVI_backend\\src\\modules\\auth\\services\\auth.service.js:129:11)\n    at process.processTicksAndRejections (node:internal/process/task_queues:104:5)\n    at async D:\\code\\AthenaVI_backend\\src\\modules\\auth\\auth.controller.js:69:47","timestamp":"2026-05-25T04:30:39.725Z"}
{"level":"error","message":"Error: Unauthorized\n    at Object.rotateRefreshToken (D:\\code\\AthenaVI_backend\\src\\modules\\auth\\services\\auth.service.js:129:11)\n    at process.processTicksAndRejections (node:internal/process/task_queues:104:5)\n    at async D:\\code\\AthenaVI_backend\\src\\modules\\auth\\auth.controller.js:69:47","timestamp":"2026-05-25T04:30:39.806Z"}
{"level":"error","message":"Error: Unauthorized\n    at Object.rotateRefreshToken (D:\\code\\AthenaVI_backend\\src\\modules\\auth\\services\\auth.service.js:129:11)\n    at process.processTicksAndRejections (node:internal/process/task_queues:104:5)\n    at async D:\\code\\AthenaVI_backend\\src\\modules\\auth\\auth.controller.js:69:47","timestamp":"2026-05-25T04:30:39.892Z"}
{"level":"error","message":"Error: Unauthorized\n    at Object.rotateRefreshToken (D:\\code\\AthenaVI_backend\\src\\modules\\auth\\services\\auth.service.js:129:11)\n    at process.processTicksAndRejections (node:internal/process/task_queues:104:5)\n    at async D:\\code\\AthenaVI_backend\\src\\modules\\auth\\auth.controller.js:69:47","timestamp":"2026-05-25T04:30:39.963Z"}
{"level":"error","message":"Error: Unauthorized\n    at Object.rotateRefreshToken (D:\\code\\AthenaVI_backend\\src\\modules\\auth\\services\\auth.service.js:129:11)\n    at process.processTicksAndRejections (node:internal/process/task_queues:104:5)\n    at async D:\\code\\AthenaVI_backend\\src\\modules\\auth\\auth.controller.js:69:47","timestamp":"2026-05-25T04:30:40.032Z"}
{"level":"error","message":"Error: Unauthorized\n    at Object.rotateRefreshToken (D:\\code\\AthenaVI_backend\\src\\modules\\auth\\services\\auth.service.js:129:11)\n    at process.processTicksAndRejections (node:internal/process/task_queues:104:5)\n    at async D:\\code\\AthenaVI_backend\\src\\modules\\auth\\auth.controller.js:69:47","timestamp":"2026-05-25T04:30:40.113Z"}
{"level":"error","message":"Error: Unauthorized\n    at Object.rotateRefreshToken (D:\\code\\AthenaVI_backend\\src\\modules\\auth\\services\\auth.service.js:129:11)\n    at process.processTicksAndRejections (node:internal/process/task_queues:104:5)\n    at async D:\\code\\AthenaVI_backend\\src\\modules\\auth\\auth.controller.js:69:47","timestamp":"2026-05-25T04:30:40.193Z"}
{"level":"error","message":"Error: Unauthorized\n    at Object.rotateRefreshToken (D:\\code\\AthenaVI_backend\\src\\modules\\auth\\services\\auth.service.js:129:11)\n    at process.processTicksAndRejections (node:internal/process/task_queues:104:5)\n    at async D:\\code\\AthenaVI_backend\\src\\modules\\auth\\auth.controller.js:69:47","timestamp":"2026-05-25T04:30:40.281Z"}
{"level":"error","message":"Error: Unauthorized\n    at Object.rotateRefreshToken (D:\\code\\AthenaVI_backend\\src\\modules\\auth\\services\\auth.service.js:129:11)\n    at process.processTicksAndRejections (node:internal/process/task_queues:104:5)\n    at async D:\\code\\AthenaVI_backend\\src\\modules\\auth\\auth.controller.js:69:47","timestamp":"2026-05-25T04:30:40.360Z"}
{"level":"error","message":"Error: Unauthorized\n    at Object.rotateRefreshToken (D:\\code\\AthenaVI_backend\\src\\modules\\auth\\services\\auth.service.js:129:11)\n    at process.processTicksAndRejections (node:internal/process/task_queues:104:5)\n    at async D:\\code\\AthenaVI_backend\\src\\modules\\auth\\auth.controller.js:69:47","timestamp":"2026-05-25T04:30:40.456Z"}
{"level":"error","message":"Error: Unauthorized\n    at Object.rotateRefreshToken (D:\\code\\AthenaVI_backend\\src\\modules\\auth\\services\\auth.service.js:129:11)\n    at process.processTicksAndRejections (node:internal/process/task_queues:104:5)\n    at async D:\\code\\AthenaVI_backend\\src\\modules\\auth\\auth.controller.js:69:47","timestamp":"2026-05-25T04:30:40.530Z"}
{"level":"error","message":"Error: Unauthorized\n    at Object.rotateRefreshToken (D:\\code\\AthenaVI_backend\\src\\modules\\auth\\services\\auth.service.js:129:11)\n    at process.processTicksAndRejections (node:internal/process/task_queues:104:5)\n    at async D:\\code\\AthenaVI_backend\\src\\modules\\auth\\auth.controller.js:69:47","timestamp":"2026-05-25T04:30:40.612Z"}
{"level":"error","message":"Error: Unauthorized\n    at Object.rotateRefreshToken (D:\\code\\AthenaVI_backend\\src\\modules\\auth\\services\\auth.service.js:129:11)\n    at process.processTicksAndRejections (node:internal/process/task_queues:104:5)\n    at async D:\\code\\AthenaVI_backend\\src\\modules\\auth\\auth.controller.js:69:47","timestamp":"2026-05-25T04:30:40.759Z"}
{"level":"error","message":"Error: Unauthorized\n    at Object.rotateRefreshToken (D:\\code\\AthenaVI_backend\\src\\modules\\auth\\services\\auth.service.js:129:11)\n    at process.processTicksAndRejections (node:internal/process/task_queues:104:5)\n    at async D:\\code\\AthenaVI_backend\\src\\modules\\auth\\auth.controller.js:69:47","timestamp":"2026-05-25T04:30:40.903Z"}
{"level":"error","message":"Error: Unauthorized\n    at Object.rotateRefreshToken (D:\\code\\AthenaVI_backend\\src\\modules\\auth\\services\\auth.service.js:129:11)\n    at process.processTicksAndRejections (node:internal/process/task_queues:104:5)\n    at async D:\\code\\AthenaVI_backend\\src\\modules\\auth\\auth.controller.js:69:47","timestamp":"2026-05-25T04:30:41.027Z"}
{"level":"error","message":"Error: Unauthorized\n    at Object.rotateRefreshToken (D:\\code\\AthenaVI_backend\\src\\modules\\auth\\services\\auth.service.js:129:11)\n    at process.processTicksAndRejections (node:internal/process/task_queues:104:5)\n    at async D:\\code\\AthenaVI_backend\\src\\modules\\auth\\auth.controller.js:69:47","timestamp":"2026-05-25T04:30:41.179Z"}
{"level":"error","message":"Error: Unauthorized\n    at Object.rotateRefreshToken (D:\\code\\AthenaVI_backend\\src\\modules\\auth\\services\\auth.service.js:129:11)\n    at process.processTicksAndRejections (node:internal/process/task_queues:104:5)\n    at async D:\\code\\AthenaVI_backend\\src\\modules\\auth\\auth.controller.js:69:47","timestamp":"2026-05-25T04:30:41.266Z"}
{"level":"error","message":"Error: Unauthorized\n    at Object.rotateRefreshToken (D:\\code\\AthenaVI_backend\\src\\modules\\auth\\services\\auth.service.js:129:11)\n    at process.processTicksAndRejections (node:internal/process/task_queues:104:5)\n    at async D:\\code\\AthenaVI_backend\\src\\modules\\auth\\auth.controller.js:69:47","timestamp":"2026-05-25T04:30:41.373Z"}
{"level":"error","message":"Error: Unauthorized\n    at Object.rotateRefreshToken (D:\\code\\AthenaVI_backend\\src\\modules\\auth\\services\\auth.service.js:129:11)\n    at process.processTicksAndRejections (node:internal/process/task_queues:104:5)\n    at async D:\\code\\AthenaVI_backend\\src\\modules\\auth\\auth.controller.js:69:47","timestamp":"2026-05-25T04:30:41.503Z"}
{"level":"error","message":"Error: Unauthorized\n    at Object.rotateRefreshToken (D:\\code\\AthenaVI_backend\\src\\modules\\auth\\services\\auth.service.js:129:11)\n    at process.processTicksAndRejections (node:internal/process/task_queues:104:5)\n    at async D:\\code\\AthenaVI_backend\\src\\modules\\auth\\auth.controller.js:69:47","timestamp":"2026-05-25T04:30:41.579Z"}
{"level":"error","message":"Error: Unauthorized\n    at Object.rotateRefreshToken (D:\\code\\AthenaVI_backend\\src\\modules\\auth\\services\\auth.service.js:129:11)\n    at process.processTicksAndRejections (node:internal/process/task_queues:104:5)\n    at async D:\\code\\AthenaVI_backend\\src\\modules\\auth\\auth.controller.js:69:47","timestamp":"2026-05-25T04:30:41.678Z"}
{"level":"error","message":"Error: Unauthorized\n    at Object.rotateRefreshToken (D:\\code\\AthenaVI_backend\\src\\modules\\auth\\services\\auth.service.js:129:11)\n    at process.processTicksAndRejections (node:internal/process/task_queues:104:5)\n    at async D:\\code\\AthenaVI_backend\\src\\modules\\auth\\auth.controller.js:69:47","timestamp":"2026-05-25T04:30:41.779Z"}
{"level":"error","message":"Error: Unauthorized\n    at Object.rotateRefreshToken (D:\\code\\AthenaVI_backend\\src\\modules\\auth\\services\\auth.service.js:129:11)\n    at process.processTicksAndRejections (node:internal/process/task_queues:104:5)\n    at async D:\\code\\AthenaVI_backend\\src\\modules\\auth\\auth.controller.js:69:47","timestamp":"2026-05-25T04:30:41.875Z"}
{"level":"error","message":"Error: Unauthorized\n    at Object.rotateRefreshToken (D:\\code\\AthenaVI_backend\\src\\modules\\auth\\services\\auth.service.js:129:11)\n    at process.processTicksAndRejections (node:internal/process/task_queues:104:5)\n    at async D:\\code\\AthenaVI_backend\\src\\modules\\auth\\auth.controller.js:69:47","timestamp":"2026-05-25T04:30:41.961Z"}
{"level":"error","message":"Error: Unauthorized\n    at Object.rotateRefreshToken (D:\\code\\AthenaVI_backend\\src\\modules\\auth\\services\\auth.service.js:129:11)\n    at process.processTicksAndRejections (node:internal/process/task_queues:104:5)\n    at async D:\\code\\AthenaVI_backend\\src\\modules\\auth\\auth.controller.js:69:47","timestamp":"2026-05-25T04:30:42.050Z"}
{"level":"error","message":"Error: Unauthorized\n    at Object.rotateRefreshToken (D:\\code\\AthenaVI_backend\\src\\modules\\auth\\services\\auth.service.js:129:11)\n    at process.processTicksAndRejections (node:internal/process/task_queues:104:5)\n    at async D:\\code\\AthenaVI_backend\\src\\modules\\auth\\auth.controller.js:69:47","timestamp":"2026-05-25T04:30:42.177Z"}
{"level":"error","message":"Error: Unauthorized\n    at Object.rotateRefreshToken (D:\\code\\AthenaVI_backend\\src\\modules\\auth\\services\\auth.service.js:129:11)\n    at process.processTicksAndRejections (node:internal/process/task_queues:104:5)\n    at async D:\\code\\AthenaVI_backend\\src\\modules\\auth\\auth.controller.js:69:47","timestamp":"2026-05-25T04:30:42.294Z"}
{"level":"error","message":"Error: Unauthorized\n    at Object.rotateRefreshToken (D:\\code\\AthenaVI_backend\\src\\modules\\auth\\services\\auth.service.js:129:11)\n    at process.processTicksAndRejections (node:internal/process/task_queues:104:5)\n    at async D:\\code\\AthenaVI_backend\\src\\modules\\auth\\auth.controller.js:69:47","timestamp":"2026-05-25T04:30:42.404Z"}
{"level":"error","message":"Error: Unauthorized\n    at Object.rotateRefreshToken (D:\\code\\AthenaVI_backend\\src\\modules\\auth\\services\\auth.service.js:129:11)\n    at process.processTicksAndRejections (node:internal/process/task_queues:104:5)\n    at async D:\\code\\AthenaVI_backend\\src\\modules\\auth\\auth.controller.js:69:47","timestamp":"2026-05-25T04:30:42.482Z"}
{"level":"error","message":"Error: Unauthorized\n    at Object.rotateRefreshToken (D:\\code\\AthenaVI_backend\\src\\modules\\auth\\services\\auth.service.js:129:11)\n    at process.processTicksAndRejections (node:internal/process/task_queues:104:5)\n    at async D:\\code\\AthenaVI_backend\\src\\modules\\auth\\auth.controller.js:69:47","timestamp":"2026-05-25T04:30:42.560Z"}
{"level":"error","message":"Error: Unauthorized\n    at Object.rotateRefreshToken (D:\\code\\AthenaVI_backend\\src\\modules\\auth\\services\\auth.service.js:129:11)\n    at process.processTicksAndRejections (node:internal/process/task_queues:104:5)\n    at async D:\\code\\AthenaVI_backend\\src\\modules\\auth\\auth.controller.js:69:47","timestamp":"2026-05-25T04:30:42.661Z"}
{"level":"error","message":"Error: Unauthorized\n    at Object.rotateRefreshToken (D:\\code\\AthenaVI_backend\\src\\modules\\auth\\services\\auth.service.js:129:11)\n    at process.processTicksAndRejections (node:internal/process/task_queues:104:5)\n    at async D:\\code\\AthenaVI_backend\\src\\modules\\auth\\auth.controller.js:69:47","timestamp":"2026-05-25T04:30:42.822Z"}
{"level":"error","message":"Error: Unauthorized\n    at Object.rotateRefreshToken (D:\\code\\AthenaVI_backend\\src\\modules\\auth\\services\\auth.service.js:129:11)\n    at process.processTicksAndRejections (node:internal/process/task_queues:104:5)\n    at async D:\\code\\AthenaVI_backend\\src\\modules\\auth\\auth.controller.js:69:47","timestamp":"2026-05-25T04:30:42.906Z"}
{"level":"error","message":"Error: Unauthorized\n    at Object.rotateRefreshToken (D:\\code\\AthenaVI_backend\\src\\modules\\auth\\services\\auth.service.js:129:11)\n    at process.processTicksAndRejections (node:internal/process/task_queues:104:5)\n    at async D:\\code\\AthenaVI_backend\\src\\modules\\auth\\auth.controller.js:69:47","timestamp":"2026-05-25T04:30:42.979Z"}
{"level":"error","message":"Error: Unauthorized\n    at Object.rotateRefreshToken (D:\\code\\AthenaVI_backend\\src\\modules\\auth\\services\\auth.service.js:129:11)\n    at process.processTicksAndRejections (node:internal/process/task_queues:104:5)\n    at async D:\\code\\AthenaVI_backend\\src\\modules\\auth\\auth.controller.js:69:47","timestamp":"2026-05-25T04:30:43.084Z"}
{"level":"error","message":"Error: Unauthorized\n    at Object.rotateRefreshToken (D:\\code\\AthenaVI_backend\\src\\modules\\auth\\services\\auth.service.js:129:11)\n    at process.processTicksAndRejections (node:internal/process/task_queues:104:5)\n    at async D:\\code\\AthenaVI_backend\\src\\modules\\auth\\auth.controller.js:69:47","timestamp":"2026-05-25T04:30:43.171Z"}
{"level":"error","message":"Error: Unauthorized\n    at Object.rotateRefreshToken (D:\\code\\AthenaVI_backend\\src\\modules\\auth\\services\\auth.service.js:129:11)\n    at process.processTicksAndRejections (node:internal/process/task_queues:104:5)\n    at async D:\\code\\AthenaVI_backend\\src\\modules\\auth\\auth.controller.js:69:47","timestamp":"2026-05-25T04:30:43.245Z"}
{"level":"error","message":"Error: Unauthorized\n    at Object.rotateRefreshToken (D:\\code\\AthenaVI_backend\\src\\modules\\auth\\services\\auth.service.js:129:11)\n    at process.processTicksAndRejections (node:internal/process/task_queues:104:5)\n    at async D:\\code\\AthenaVI_backend\\src\\modules\\auth\\auth.controller.js:69:47","timestamp":"2026-05-25T04:30:43.327Z"}
{"level":"error","message":"Error: Unauthorized\n    at Object.rotateRefreshToken (D:\\code\\AthenaVI_backend\\src\\modules\\auth\\services\\auth.service.js:129:11)\n    at process.processTicksAndRejections (node:internal/process/task_queues:104:5)\n    at async D:\\code\\AthenaVI_backend\\src\\modules\\auth\\auth.controller.js:69:47","timestamp":"2026-05-25T04:30:43.431Z"}
{"level":"error","message":"Error: Unauthorized\n    at Object.rotateRefreshToken (D:\\code\\AthenaVI_backend\\src\\modules\\auth\\services\\auth.service.js:129:11)\n    at process.processTicksAndRejections (node:internal/process/task_queues:104:5)\n    at async D:\\code\\AthenaVI_backend\\src\\modules\\auth\\auth.controller.js:69:47","timestamp":"2026-05-25T04:30:43.560Z"}
{"level":"error","message":"Error: Unauthorized\n    at Object.rotateRefreshToken (D:\\code\\AthenaVI_backend\\src\\modules\\auth\\services\\auth.service.js:129:11)\n    at process.processTicksAndRejections (node:internal/process/task_queues:104:5)\n    at async D:\\code\\AthenaVI_backend\\src\\modules\\auth\\auth.controller.js:69:47","timestamp":"2026-05-25T04:30:43.629Z"}
{"level":"error","message":"Error: Unauthorized\n    at Object.rotateRefreshToken (D:\\code\\AthenaVI_backend\\src\\modules\\auth\\services\\auth.service.js:129:11)\n    at process.processTicksAndRejections (node:internal/process/task_queues:104:5)\n    at async D:\\code\\AthenaVI_backend\\src\\modules\\auth\\auth.controller.js:69:47","timestamp":"2026-05-25T04:30:43.724Z"}
{"level":"error","message":"Error: Unauthorized\n    at Object.rotateRefreshToken (D:\\code\\AthenaVI_backend\\src\\modules\\auth\\services\\auth.service.js:129:11)\n    at process.processTicksAndRejections (node:internal/process/task_queues:104:5)\n    at async D:\\code\\AthenaVI_backend\\src\\modules\\auth\\auth.controller.js:69:47","timestamp":"2026-05-25T04:30:43.834Z"}
{"level":"error","message":"Error: Unauthorized\n    at Object.rotateRefreshToken (D:\\code\\AthenaVI_backend\\src\\modules\\auth\\services\\auth.service.js:129:11)\n    at process.processTicksAndRejections (node:internal/process/task_queues:104:5)\n    at async D:\\code\\AthenaVI_backend\\src\\modules\\auth\\auth.controller.js:69:47","timestamp":"2026-05-25T04:30:43.957Z"}
{"level":"error","message":"Error: Unauthorized\n    at Object.rotateRefreshToken (D:\\code\\AthenaVI_backend\\src\\modules\\auth\\services\\auth.service.js:129:11)\n    at process.processTicksAndRejections (node:internal/process/task_queues:104:5)\n    at async D:\\code\\AthenaVI_backend\\src\\modules\\auth\\auth.controller.js:69:47","timestamp":"2026-05-25T04:30:44.035Z"}
{"level":"error","message":"Error: Unauthorized\n    at Object.rotateRefreshToken (D:\\code\\AthenaVI_backend\\src\\modules\\auth\\services\\auth.service.js:129:11)\n    at process.processTicksAndRejections (node:internal/process/task_queues:104:5)\n    at async D:\\code\\AthenaVI_backend\\src\\modules\\auth\\auth.controller.js:69:47","timestamp":"2026-05-25T04:30:44.110Z"}
{"level":"error","message":"Error: Unauthorized\n    at Object.rotateRefreshToken (D:\\code\\AthenaVI_backend\\src\\modules\\auth\\services\\auth.service.js:129:11)\n    at process.processTicksAndRejections (node:internal/process/task_queues:104:5)\n    at async D:\\code\\AthenaVI_backend\\src\\modules\\auth\\auth.controller.js:69:47","timestamp":"2026-05-25T04:30:44.187Z"}
{"level":"error","message":"Error: Unauthorized\n    at Object.rotateRefreshToken (D:\\code\\AthenaVI_backend\\src\\modules\\auth\\services\\auth.service.js:129:11)\n    at process.processTicksAndRejections (node:internal/process/task_queues:104:5)\n    at async D:\\code\\AthenaVI_backend\\src\\modules\\auth\\auth.controller.js:69:47","timestamp":"2026-05-25T04:30:44.258Z"}
{"level":"error","message":"Error: Unauthorized\n    at Object.rotateRefreshToken (D:\\code\\AthenaVI_backend\\src\\modules\\auth\\services\\auth.service.js:129:11)\n    at process.processTicksAndRejections (node:internal/process/task_queues:104:5)\n    at async D:\\code\\AthenaVI_backend\\src\\modules\\auth\\auth.controller.js:69:47","timestamp":"2026-05-25T04:30:44.350Z"}
{"level":"error","message":"Error: Unauthorized\n    at Object.rotateRefreshToken (D:\\code\\AthenaVI_backend\\src\\modules\\auth\\services\\auth.service.js:129:11)\n    at process.processTicksAndRejections (node:internal/process/task_queues:104:5)\n    at async D:\\code\\AthenaVI_backend\\src\\modules\\auth\\auth.controller.js:69:47","timestamp":"2026-05-25T04:30:44.433Z"}
{"level":"error","message":"Error: Unauthorized\n    at Object.rotateRefreshToken (D:\\code\\AthenaVI_backend\\src\\modules\\auth\\services\\auth.service.js:129:11)\n    at process.processTicksAndRejections (node:internal/process/task_queues:104:5)\n    at async D:\\code\\AthenaVI_backend\\src\\modules\\auth\\auth.controller.js:69:47","timestamp":"2026-05-25T04:30:44.523Z"}
{"level":"error","message":"Error: Unauthorized\n    at Object.rotateRefreshToken (D:\\code\\AthenaVI_backend\\src\\modules\\auth\\services\\auth.service.js:129:11)\n    at process.processTicksAndRejections (node:internal/process/task_queues:104:5)\n    at async D:\\code\\AthenaVI_backend\\src\\modules\\auth\\auth.controller.js:69:47","timestamp":"2026-05-25T04:30:44.613Z"}
{"level":"error","message":"Error: Unauthorized\n    at Object.rotateRefreshToken (D:\\code\\AthenaVI_backend\\src\\modules\\auth\\services\\auth.service.js:129:11)\n    at process.processTicksAndRejections (node:internal/process/task_queues:104:5)\n    at async D:\\code\\AthenaVI_backend\\src\\modules\\auth\\auth.controller.js:69:47","timestamp":"2026-05-25T04:30:44.696Z"}
{"level":"error","message":"Error: Unauthorized\n    at Object.rotateRefreshToken (D:\\code\\AthenaVI_backend\\src\\modules\\auth\\services\\auth.service.js:129:11)\n    at process.processTicksAndRejections (node:internal/process/task_queues:104:5)\n    at async D:\\code\\AthenaVI_backend\\src\\modules\\auth\\auth.controller.js:69:47","timestamp":"2026-05-25T04:30:44.796Z"}
{"level":"error","message":"Error: Unauthorized\n    at Object.rotateRefreshToken (D:\\code\\AthenaVI_backend\\src\\modules\\auth\\services\\auth.service.js:129:11)\n    at process.processTicksAndRejections (node:internal/process/task_queues:104:5)\n    at async D:\\code\\AthenaVI_backend\\src\\modules\\auth\\auth.controller.js:69:47","timestamp":"2026-05-25T04:30:44.881Z"}
{"level":"error","message":"Error: Unauthorized\n    at Object.rotateRefreshToken (D:\\code\\AthenaVI_backend\\src\\modules\\auth\\services\\auth.service.js:129:11)\n    at process.processTicksAndRejections (node:internal/process/task_queues:104:5)\n    at async D:\\code\\AthenaVI_backend\\src\\modules\\auth\\auth.controller.js:69:47","timestamp":"2026-05-25T04:30:44.967Z"}
{"level":"error","message":"Error: Unauthorized\n    at Object.rotateRefreshToken (D:\\code\\AthenaVI_backend\\src\\modules\\auth\\services\\auth.service.js:129:11)\n    at process.processTicksAndRejections (node:internal/process/task_queues:104:5)\n    at async D:\\code\\AthenaVI_backend\\src\\modules\\auth\\auth.controller.js:69:47","timestamp":"2026-05-25T04:30:45.071Z"}
{"level":"error","message":"Error: Unauthorized\n    at Object.rotateRefreshToken (D:\\code\\AthenaVI_backend\\src\\modules\\auth\\services\\auth.service.js:129:11)\n    at process.processTicksAndRejections (node:internal/process/task_queues:104:5)\n    at async D:\\code\\AthenaVI_backend\\src\\modules\\auth\\auth.controller.js:69:47","timestamp":"2026-05-25T04:30:45.150Z"}
{"level":"error","message":"Error: Unauthorized\n    at Object.rotateRefreshToken (D:\\code\\AthenaVI_backend\\src\\modules\\auth\\services\\auth.service.js:129:11)\n    at process.processTicksAndRejections (node:internal/process/task_queues:104:5)\n    at async D:\\code\\AthenaVI_backend\\src\\modules\\auth\\auth.controller.js:69:47","timestamp":"2026-05-25T04:30:45.250Z"}
{"level":"error","message":"Error: Unauthorized\n    at Object.rotateRefreshToken (D:\\code\\AthenaVI_backend\\src\\modules\\auth\\services\\auth.service.js:129:11)\n    at process.processTicksAndRejections (node:internal/process/task_queues:104:5)\n    at async D:\\code\\AthenaVI_backend\\src\\modules\\auth\\auth.controller.js:69:47","timestamp":"2026-05-25T04:30:45.322Z"}
{"level":"error","message":"Error: Unauthorized\n    at Object.rotateRefreshToken (D:\\code\\AthenaVI_backend\\src\\modules\\auth\\services\\auth.service.js:129:11)\n    at process.processTicksAndRejections (node:internal/process/task_queues:104:5)\n    at async D:\\code\\AthenaVI_backend\\src\\modules\\auth\\auth.controller.js:69:47","timestamp":"2026-05-25T04:30:45.418Z"}
{"level":"error","message":"Error: Unauthorized\n    at Object.rotateRefreshToken (D:\\code\\AthenaVI_backend\\src\\modules\\auth\\services\\auth.service.js:129:11)\n    at process.processTicksAndRejections (node:internal/process/task_queues:104:5)\n    at async D:\\code\\AthenaVI_backend\\src\\modules\\auth\\auth.controller.js:69:47","timestamp":"2026-05-25T04:30:45.511Z"}
{"level":"error","message":"Error: Unauthorized\n    at Object.rotateRefreshToken (D:\\code\\AthenaVI_backend\\src\\modules\\auth\\services\\auth.service.js:129:11)\n    at process.processTicksAndRejections (node:internal/process/task_queues:104:5)\n    at async D:\\code\\AthenaVI_backend\\src\\modules\\auth\\auth.controller.js:69:47","timestamp":"2026-05-25T04:30:45.594Z"}
{"level":"error","message":"Error: Unauthorized\n    at Object.rotateRefreshToken (D:\\code\\AthenaVI_backend\\src\\modules\\auth\\services\\auth.service.js:129:11)\n    at process.processTicksAndRejections (node:internal/process/task_queues:104:5)\n    at async D:\\code\\AthenaVI_backend\\src\\modules\\auth\\auth.controller.js:69:47","timestamp":"2026-05-25T04:30:45.670Z"}
{"level":"error","message":"Error: Unauthorized\n    at Object.rotateRefreshToken (D:\\code\\AthenaVI_backend\\src\\modules\\auth\\services\\auth.service.js:129:11)\n    at process.processTicksAndRejections (node:internal/process/task_queues:104:5)\n    at async D:\\code\\AthenaVI_backend\\src\\modules\\auth\\auth.controller.js:69:47","timestamp":"2026-05-25T04:30:45.747Z"}
{"level":"error","message":"Error: Unauthorized\n    at Object.rotateRefreshToken (D:\\code\\AthenaVI_backend\\src\\modules\\auth\\services\\auth.service.js:129:11)\n    at process.processTicksAndRejections (node:internal/process/task_queues:104:5)\n    at async D:\\code\\AthenaVI_backend\\src\\modules\\auth\\auth.controller.js:69:47","timestamp":"2026-05-25T04:30:45.823Z"}
{"level":"error","message":"Error: Unauthorized\n    at Object.rotateRefreshToken (D:\\code\\AthenaVI_backend\\src\\modules\\auth\\services\\auth.service.js:129:11)\n    at process.processTicksAndRejections (node:internal/process/task_queues:104:5)\n    at async D:\\code\\AthenaVI_backend\\src\\modules\\auth\\auth.controller.js:69:47","timestamp":"2026-05-25T04:30:45.896Z"}
{"level":"error","message":"Error: Unauthorized\n    at Object.rotateRefreshToken (D:\\code\\AthenaVI_backend\\src\\modules\\auth\\services\\auth.service.js:129:11)\n    at process.processTicksAndRejections (node:internal/process/task_queues:104:5)\n    at async D:\\code\\AthenaVI_backend\\src\\modules\\auth\\auth.controller.js:69:47","timestamp":"2026-05-25T04:30:45.964Z"}
{"level":"error","message":"Error: Unauthorized\n    at Object.rotateRefreshToken (D:\\code\\AthenaVI_backend\\src\\modules\\auth\\services\\auth.service.js:129:11)\n    at process.processTicksAndRejections (node:internal/process/task_queues:104:5)\n    at async D:\\code\\AthenaVI_backend\\src\\modules\\auth\\auth.controller.js:69:47","timestamp":"2026-05-25T04:30:46.039Z"}
{"level":"error","message":"Error: Unauthorized\n    at Object.rotateRefreshToken (D:\\code\\AthenaVI_backend\\src\\modules\\auth\\services\\auth.service.js:129:11)\n    at process.processTicksAndRejections (node:internal/process/task_queues:104:5)\n    at async D:\\code\\AthenaVI_backend\\src\\modules\\auth\\auth.controller.js:69:47","timestamp":"2026-05-25T04:30:46.104Z"}
{"level":"error","message":"Error: Unauthorized\n    at Object.rotateRefreshToken (D:\\code\\AthenaVI_backend\\src\\modules\\auth\\services\\auth.service.js:129:11)\n    at process.processTicksAndRejections (node:internal/process/task_queues:104:5)\n    at async D:\\code\\AthenaVI_backend\\src\\modules\\auth\\auth.controller.js:69:47","timestamp":"2026-05-25T04:30:46.222Z"}
{"level":"error","message":"Error: Unauthorized\n    at Object.rotateRefreshToken (D:\\code\\AthenaVI_backend\\src\\modules\\auth\\services\\auth.service.js:129:11)\n    at process.processTicksAndRejections (node:internal/process/task_queues:104:5)\n    at async D:\\code\\AthenaVI_backend\\src\\modules\\auth\\auth.controller.js:69:47","timestamp":"2026-05-25T04:30:46.319Z"}
{"level":"error","message":"Error: Unauthorized\n    at Object.rotateRefreshToken (D:\\code\\AthenaVI_backend\\src\\modules\\auth\\services\\auth.service.js:129:11)\n    at process.processTicksAndRejections (node:internal/process/task_queues:104:5)\n    at async D:\\code\\AthenaVI_backend\\src\\modules\\auth\\auth.controller.js:69:47","timestamp":"2026-05-25T04:30:46.395Z"}
{"level":"error","message":"Error: Unauthorized\n    at Object.rotateRefreshToken (D:\\code\\AthenaVI_backend\\src\\modules\\auth\\services\\auth.service.js:129:11)\n    at process.processTicksAndRejections (node:internal/process/task_queues:104:5)\n    at async D:\\code\\AthenaVI_backend\\src\\modules\\auth\\auth.controller.js:69:47","timestamp":"2026-05-25T04:30:46.473Z"}
{"level":"error","message":"Error: Unauthorized\n    at Object.rotateRefreshToken (D:\\code\\AthenaVI_backend\\src\\modules\\auth\\services\\auth.service.js:129:11)\n    at process.processTicksAndRejections (node:internal/process/task_queues:104:5)\n    at async D:\\code\\AthenaVI_backend\\src\\modules\\auth\\auth.controller.js:69:47","timestamp":"2026-05-25T04:30:46.548Z"}
{"level":"error","message":"Error: Unauthorized\n    at Object.rotateRefreshToken (D:\\code\\AthenaVI_backend\\src\\modules\\auth\\services\\auth.service.js:129:11)\n    at process.processTicksAndRejections (node:internal/process/task_queues:104:5)\n    at async D:\\code\\AthenaVI_backend\\src\\modules\\auth\\auth.controller.js:69:47","timestamp":"2026-05-25T04:30:46.622Z"}
{"level":"error","message":"Error: Unauthorized\n    at Object.rotateRefreshToken (D:\\code\\AthenaVI_backend\\src\\modules\\auth\\services\\auth.service.js:129:11)\n    at process.processTicksAndRejections (node:internal/process/task_queues:104:5)\n    at async D:\\code\\AthenaVI_backend\\src\\modules\\auth\\auth.controller.js:69:47","timestamp":"2026-05-25T04:30:46.692Z"}
{"level":"error","message":"Error: Unauthorized\n    at Object.rotateRefreshToken (D:\\code\\AthenaVI_backend\\src\\modules\\auth\\services\\auth.service.js:129:11)\n    at process.processTicksAndRejections (node:internal/process/task_queues:104:5)\n    at async D:\\code\\AthenaVI_backend\\src\\modules\\auth\\auth.controller.js:69:47","timestamp":"2026-05-25T04:30:46.755Z"}
{"level":"error","message":"Error: Unauthorized\n    at Object.rotateRefreshToken (D:\\code\\AthenaVI_backend\\src\\modules\\auth\\services\\auth.service.js:129:11)\n    at process.processTicksAndRejections (node:internal/process/task_queues:104:5)\n    at async D:\\code\\AthenaVI_backend\\src\\modules\\auth\\auth.controller.js:69:47","timestamp":"2026-05-25T04:30:46.818Z"}
{"level":"error","message":"Error: Unauthorized\n    at Object.rotateRefreshToken (D:\\code\\AthenaVI_backend\\src\\modules\\auth\\services\\auth.service.js:129:11)\n    at process.processTicksAndRejections (node:internal/process/task_queues:104:5)\n    at async D:\\code\\AthenaVI_backend\\src\\modules\\auth\\auth.controller.js:69:47","timestamp":"2026-05-25T04:30:46.881Z"}
{"level":"error","message":"Error: Unauthorized\n    at Object.rotateRefreshToken (D:\\code\\AthenaVI_backend\\src\\modules\\auth\\services\\auth.service.js:129:11)\n    at process.processTicksAndRejections (node:internal/process/task_queues:104:5)\n    at async D:\\code\\AthenaVI_backend\\src\\modules\\auth\\auth.controller.js:69:47","timestamp":"2026-05-25T04:30:46.944Z"}
{"level":"error","message":"Error: Unauthorized\n    at Object.rotateRefreshToken (D:\\code\\AthenaVI_backend\\src\\modules\\auth\\services\\auth.service.js:129:11)\n    at process.processTicksAndRejections (node:internal/process/task_queues:104:5)\n    at async D:\\code\\AthenaVI_backend\\src\\modules\\auth\\auth.controller.js:69:47","timestamp":"2026-05-25T04:30:47.006Z"}
{"level":"error","message":"Error: Unauthorized\n    at Object.rotateRefreshToken (D:\\code\\AthenaVI_backend\\src\\modules\\auth\\services\\auth.service.js:129:11)\n    at process.processTicksAndRejections (node:internal/process/task_queues:104:5)\n    at async D:\\code\\AthenaVI_backend\\src\\modules\\auth\\auth.controller.js:69:47","timestamp":"2026-05-25T04:30:47.063Z"}
{"level":"error","message":"Error: Unauthorized\n    at Object.rotateRefreshToken (D:\\code\\AthenaVI_backend\\src\\modules\\auth\\services\\auth.service.js:129:11)\n    at process.processTicksAndRejections (node:internal/process/task_queues:104:5)\n    at async D:\\code\\AthenaVI_backend\\src\\modules\\auth\\auth.controller.js:69:47","timestamp":"2026-05-25T04:30:47.129Z"}
{"level":"error","message":"Error: Unauthorized\n    at Object.rotateRefreshToken (D:\\code\\AthenaVI_backend\\src\\modules\\auth\\services\\auth.service.js:129:11)\n    at process.processTicksAndRejections (node:internal/process/task_queues:104:5)\n    at async D:\\code\\AthenaVI_backend\\src\\modules\\auth\\auth.controller.js:69:47","timestamp":"2026-05-25T04:30:47.203Z"}
{"level":"error","message":"Error: Unauthorized\n    at Object.rotateRefreshToken (D:\\code\\AthenaVI_backend\\src\\modules\\auth\\services\\auth.service.js:129:11)\n    at process.processTicksAndRejections (node:internal/process/task_queues:104:5)\n    at async D:\\code\\AthenaVI_backend\\src\\modules\\auth\\auth.controller.js:69:47","timestamp":"2026-05-25T04:30:48.035Z"}
{"level":"info","message":"Server running on port 9000","timestamp":"2026-05-25T04:31:06.502Z"}
{"intervalMs":3600000,"level":"info","message":"Account deletion job scheduled","timestamp":"2026-05-25T04:31:06.519Z"}
{"error":"\nInvalid `prisma.user.findMany()` invocation in\nD:\\code\\AthenaVI_backend\\src\\modules\\settings\\security.dao.js:41:22\n\n  38 };\n  39 \n  40 const findUsersDueForPermanentDeletion = async () => {\n→ 41   return prisma.user.findMany(\nThe column `(not available)` does not exist in the current database.","level":"error","message":"Account deletion job failed","timestamp":"2026-05-25T04:31:07.483Z"}
{"level":"error","message":"PrismaClientKnownRequestError: \nInvalid `prisma.user.findUnique()` invocation in\nD:\\code\\AthenaVI_backend\\src\\modules\\auth\\auth.dao.js:38:28\n\n  35 \n  36 // Find user by email\n  37 const findUserByEmail = async (email) => {\n→ 38   return await prisma.user.findUnique(\nThe column `(not available)` does not exist in the current database.\n    at qr.handleRequestError (D:\\code\\AthenaVI_backend\\node_modules\\@prisma\\client\\runtime\\client.js:65:8172)\n    at qr.handleAndLogRequestError (D:\\code\\AthenaVI_backend\\node_modules\\@prisma\\client\\runtime\\client.js:65:7467)\n    at qr.request (D:\\code\\AthenaVI_backend\\node_modules\\@prisma\\client\\runtime\\client.js:65:7174)\n    at process.processTicksAndRejections (node:internal/process/task_queues:104:5)\n    at async a (D:\\code\\AthenaVI_backend\\node_modules\\@prisma\\client\\runtime\\client.js:75:5816)\n    at async Object.findUserByEmail (D:\\code\\AthenaVI_backend\\src\\modules\\auth\\auth.dao.js:38:10)\n    at async Object.loginUser (D:\\code\\AthenaVI_backend\\src\\modules\\auth\\services\\auth.service.js:80:16)\n    at async D:\\code\\AthenaVI_backend\\src\\modules\\auth\\auth.controller.js:53:5","timestamp":"2026-05-25T04:31:41.436Z"}
{"level":"error","message":"PrismaClientKnownRequestError: \nInvalid `prisma.user.findUnique()` invocation in\nD:\\code\\AthenaVI_backend\\src\\modules\\auth\\auth.dao.js:38:28\n\n  35 \n  36 // Find user by email\n  37 const findUserByEmail = async (email) => {\n→ 38   return await prisma.user.findUnique(\nThe column `(not available)` does not exist in the current database.\n    at qr.handleRequestError (D:\\code\\AthenaVI_backend\\node_modules\\@prisma\\client\\runtime\\client.js:65:8172)\n    at qr.handleAndLogRequestError (D:\\code\\AthenaVI_backend\\node_modules\\@prisma\\client\\runtime\\client.js:65:7467)\n    at qr.request (D:\\code\\AthenaVI_backend\\node_modules\\@prisma\\client\\runtime\\client.js:65:7174)\n    at process.processTicksAndRejections (node:internal/process/task_queues:104:5)\n    at async a (D:\\code\\AthenaVI_backend\\node_modules\\@prisma\\client\\runtime\\client.js:75:5816)\n    at async Object.findUserByEmail (D:\\code\\AthenaVI_backend\\src\\modules\\auth\\auth.dao.js:38:10)\n    at async Object.loginUser (D:\\code\\AthenaVI_backend\\src\\modules\\auth\\services\\auth.service.js:80:16)\n    at async D:\\code\\AthenaVI_backend\\src\\modules\\auth\\auth.controller.js:53:5","timestamp":"2026-05-25T04:31:57.461Z"}
{"level":"info","message":"Server running on port 9000","timestamp":"2026-05-25T04:39:51.891Z"}
{"intervalMs":3600000,"level":"info","message":"Account deletion job scheduled","timestamp":"2026-05-25T04:39:51.896Z"}
{"error":"\nInvalid `prisma.user.findMany()` invocation in\nD:\\code\\AthenaVI_backend\\src\\modules\\settings\\security.dao.js:41:22\n\n  38 };\n  39 \n  40 const findUsersDueForPermanentDeletion = async () => {\n→ 41   return prisma.user.findMany(\nThe column `(not available)` does not exist in the current database.","level":"error","message":"Account deletion job failed","timestamp":"2026-05-25T04:39:53.021Z"}
{"level":"info","message":"Server running on port 9000","timestamp":"2026-05-25T04:41:37.435Z"}
{"intervalMs":3600000,"level":"info","message":"Account deletion job scheduled","timestamp":"2026-05-25T04:41:37.438Z"}
{"error":"\nInvalid `prisma.user.findMany()` invocation in\nD:\\code\\AthenaVI_backend\\src\\modules\\settings\\security.dao.js:41:22\n\n  38 };\n  39 \n  40 const findUsersDueForPermanentDeletion = async () => {\n→ 41   return prisma.user.findMany(\nThe column `(not available)` does not exist in the current database.","level":"error","message":"Account deletion job failed","timestamp":"2026-05-25T04:41:38.244Z"}
{"level":"info","message":"Server running on port 9000","timestamp":"2026-05-25T04:44:02.664Z"}
{"intervalMs":3600000,"level":"info","message":"Account deletion job scheduled","timestamp":"2026-05-25T04:44:02.667Z"}
{"level":"info","message":"Server running on port 9000","timestamp":"2026-05-25T04:46:06.033Z"}
{"intervalMs":3600000,"level":"info","message":"Account deletion job scheduled","timestamp":"2026-05-25T04:46:06.036Z"}
{"level":"info","message":"Server running on port 9000","timestamp":"2026-05-25T04:48:25.511Z"}
{"intervalMs":3600000,"level":"info","message":"Account deletion job scheduled","timestamp":"2026-05-25T04:48:25.514Z"}
{"level":"info","message":"Server running on port 9000","timestamp":"2026-05-25T04:52:38.660Z"}
{"intervalMs":3600000,"level":"info","message":"Account deletion job scheduled","timestamp":"2026-05-25T04:52:38.663Z"}
{"level":"info","message":"Server running on port 9000","timestamp":"2026-05-25T04:52:49.998Z"}
{"intervalMs":3600000,"level":"info","message":"Account deletion job scheduled","timestamp":"2026-05-25T04:52:50.002Z"}
{"level":"error","message":"Error: CORS: origin http://127.0.0.1:5173 is not allowed\n    at origin (D:\\code\\AthenaVI_backend\\src\\app.js:47:23)\n    at D:\\code\\AthenaVI_backend\\node_modules\\cors\\lib\\index.js:219:13\n    at optionsCallback (D:\\code\\AthenaVI_backend\\node_modules\\cors\\lib\\index.js:199:9)\n    at corsMiddleware (D:\\code\\AthenaVI_backend\\node_modules\\cors\\lib\\index.js:204:7)\n    at Layer.handleRequest (D:\\code\\AthenaVI_backend\\node_modules\\router\\lib\\layer.js:152:17)\n    at trimPrefix (D:\\code\\AthenaVI_backend\\node_modules\\router\\index.js:342:13)\n    at D:\\code\\AthenaVI_backend\\node_modules\\router\\index.js:297:9\n    at processParams (D:\\code\\AthenaVI_backend\\node_modules\\router\\index.js:582:12)\n    at next (D:\\code\\AthenaVI_backend\\node_modules\\router\\index.js:291:5)\n    at internalNext (D:\\code\\AthenaVI_backend\\node_modules\\helmet\\index.cjs:531:6)","timestamp":"2026-05-25T04:54:54.028Z"}
{"level":"info","message":"Server running on port 9000","timestamp":"2026-05-25T04:55:48.026Z"}
{"intervalMs":3600000,"level":"info","message":"Account deletion job scheduled","timestamp":"2026-05-25T04:55:48.029Z"}
{"level":"info","message":"Server running on port 9000","timestamp":"2026-05-25T04:55:53.661Z"}
{"intervalMs":3600000,"level":"info","message":"Account deletion job scheduled","timestamp":"2026-05-25T04:55:53.666Z"}
{"level":"info","message":"Server running on port 9000","timestamp":"2026-05-25T04:56:04.538Z"}
{"intervalMs":3600000,"level":"info","message":"Account deletion job scheduled","timestamp":"2026-05-25T04:56:04.541Z"}
